id_partida,regiao,id_players,name_players,pick,win,win_rate,modo,mapa,data_adicao,player_tag,player_name,id_time,nome_time,tipo
None_Dueling Beetles_#PLLRJC2V_#YGQYGCR_#GYCYCLRJL_#89PVJG9R0_#PR9U2JL_#PR0P8QVQ_LOU_MEEPLE_KAZE_LUMI_CHARLIE_CHESTER,SA,#PLLRJC2V;#YGQYGCR;#GYCYCLRJL;#89PVJG9R0;#PR9U2JL;#PR0P8QVQ,BH|Wesley;BH|Portox;BH|Prozy;Rhz;Juan Carlos;SKC|Kr ;),LOU,0,0.0%,hotZone,Dueling Beetles,22/06/2026 22:45:07,#PLLRJC2V,BH|Wesley,BH,BH ESPORTS,tournament
None_Dueling Beetles_#PLLRJC2V_#YGQYGCR_#GYCYCLRJL_#89PVJG9R0_#PR9U2JL_#PR0P8QVQ_LOU_MEEPLE_KAZE_LUMI_CHARLIE_CHESTER,SA,#PLLRJC2V;#YGQYGCR;#GYCYCLRJL;#89PVJG9R0;#PR9U2JL;#PR0P8QVQ,BH|Wesley;BH|Portox;BH|Prozy;Rhz;Juan Carlos;SKC|Kr ;),MEEPLE,0,0.0%,hotZone,Dueling Beetles,22/06/2026 22:45:07,#YGQYGCR,BH|Portox,BH,BH ESPORTS,tournament
None_Dueling Beetles_#PLLRJC2V_#YGQYGCR_#GYCYCLRJL_#89PVJG9R0_#PR9U2JL_#PR0P8QVQ_LOU_MEEPLE_KAZE_LUMI_CHARLIE_CHESTER,SA,#PLLRJC2V;#YGQYGCR;#GYCYCLRJL;#89PVJG9R0;#PR9U2JL;#PR0P8QVQ,BH|Wesley;BH|Portox;BH|Prozy;Rhz;Juan Carlos;SKC|Kr ;),KAZE,0,0.0%,hotZone,Dueling Beetles,22/06/2026 22:45:07,#GYCYCLRJL,BH|Prozy,BH,BH ESPORTS,tournament
None_Dueling Beetles_#PLLRJC2V_#YGQYGCR_#GYCYCLRJL_#89PVJG9R0_#PR9U2JL_#PR0P8QVQ_LOU_MEEPLE_KAZE_LUMI_CHARLIE_CHESTER,SA,#PLLRJC2V;#YGQYGCR;#GYCYCLRJL;#89PVJG9R0;#PR9U2JL;#PR0P8QVQ,BH|Wesley;BH|Portox;BH|Prozy;Rhz;Juan Carlos;SKC|Kr ;),LUMI,1,100.0%,hotZone,Dueling Beetles,22/06/2026 22:45:07,#89PVJG9R0,Rhz,SKC,SKCALALAS SA,tournament
None_Dueling Beetles_#PLLRJC2V_#YGQYGCR_#GYCYCLRJL_#89PVJG9R0_#PR9U2JL_#PR0P8QVQ_LOU_MEEPLE_KAZE_LUMI_CHARLIE_CHESTER,SA,#PLLRJC2V;#YGQYGCR;#GYCYCLRJL;#89PVJG9R0;#PR9U2JL;#PR0P8QVQ,BH|Wesley;BH|Portox;BH|Prozy;Rhz;Juan Carlos;SKC|Kr ;),CHARLIE,1,100.0%,hotZone,Dueling Beetles,22/06/2026 22:45:07,#PR9U2JL,Juan Carlos,SKC,SKCALALAS SA,tournament
None_Dueling Beetles_#PLLRJC2V_#YGQYGCR_#GYCYCLRJL_#89PVJG9R0_#PR9U2JL_#PR0P8QVQ_LOU_MEEPLE_KAZE_LUMI_CHARLIE_CHESTER,SA,#PLLRJC2V;#YGQYGCR;#GYCYCLRJL;#89PVJG9R0;#PR9U2JL;#PR0P8QVQ,BH|Wesley;BH|Portox;BH|Prozy;Rhz;Juan Carlos;SKC|Kr ;),CHESTER,1,100.0%,hotZone,Dueling Beetles,22/06/2026 22:45:07,#PR0P8QVQ,SKC|Kr ;),SKC,SKCALALAS SA,tournament
None_Hard Rock Mine_#PLLRJC2V_#YGQYGCR_#GYCYCLRJL_#89PVJG9R0_#PR9U2JL_#PR0P8QVQ_SIRIUS_NITA_MINA_DAMIAN_PEARL_RUFFS,SA,#PLLRJC2V;#YGQYGCR;#GYCYCLRJL;#89PVJG9R0;#PR9U2JL;#PR0P8QVQ,BH|Wesley;BH|Portox;BH|Prozy;Rhz;Juan Carlos;SKC|Kr ;),SIRIUS,0,0.0%,gemGrab,Hard Rock Mine,22/06/2026 22:45:07,#PLLRJC2V,BH|Wesley,BH,BH ESPORTS,tournament
None_Hard Rock Mine_#PLLRJC2V_#YGQYGCR_#GYCYCLRJL_#89PVJG9R0_#PR9U2JL_#PR0P8QVQ_SIRIUS_NITA_MINA_DAMIAN_PEARL_RUFFS,SA,#PLLRJC2V;#YGQYGCR;#GYCYCLRJL;#89PVJG9R0;#PR9U2JL;#PR0P8QVQ,BH|Wesley;BH|Portox;BH|Prozy;Rhz;Juan Carlos;SKC|Kr ;),NITA,0,0.0%,gemGrab,Hard Rock Mine,22/06/2026 22:45:07,#YGQYGCR,BH|Portox,BH,BH ESPORTS,tournament
None_Hard Rock Mine_#PLLRJC2V_#YGQYGCR_#GYCYCLRJL_#89PVJG9R0_#PR9U2JL_#PR0P8QVQ_SIRIUS_NITA_MINA_DAMIAN_PEARL_RUFFS,SA,#PLLRJC2V;#YGQYGCR;#GYCYCLRJL;#89PVJG9R0;#PR9U2JL;#PR0P8QVQ,BH|Wesley;BH|Portox;BH|Prozy;Rhz;Juan Carlos;SKC|Kr ;),MINA,0,0.0%,gemGrab,Hard Rock Mine,22/06/2026 22:45:07,#GYCYCLRJL,BH|Prozy,BH,BH ESPORTS,tournament
None_Hard Rock Mine_#PLLRJC2V_#YGQYGCR_#GYCYCLRJL_#89PVJG9R0_#PR9U2JL_#PR0P8QVQ_SIRIUS_NITA_MINA_DAMIAN_PEARL_RUFFS,SA,#PLLRJC2V;#YGQYGCR;#GYCYCLRJL;#89PVJG9R0;#PR9U2JL;#PR0P8QVQ,BH|Wesley;BH|Portox;BH|Prozy;Rhz;Juan Carlos;SKC|Kr ;),DAMIAN,1,100.0%,gemGrab,Hard Rock Mine,22/06/2026 22:45:07,#89PVJG9R0,Rhz,SKC,SKCALALAS SA,tournament
None_Hard Rock Mine_#PLLRJC2V_#YGQYGCR_#GYCYCLRJL_#89PVJG9R0_#PR9U2JL_#PR0P8QVQ_SIRIUS_NITA_MINA_DAMIAN_PEARL_RUFFS,SA,#PLLRJC2V;#YGQYGCR;#GYCYCLRJL;#89PVJG9R0;#PR9U2JL;#PR0P8QVQ,BH|Wesley;BH|Portox;BH|Prozy;Rhz;Juan Carlos;SKC|Kr ;),PEARL,1,100.0%,gemGrab,Hard Rock Mine,22/06/2026 22:45:07,#PR9U2JL,Juan Carlos,SKC,SKCALALAS SA,tournament
None_Hard Rock Mine_#PLLRJC2V_#YGQYGCR_#GYCYCLRJL_#89PVJG9R0_#PR9U2JL_#PR0P8QVQ_SIRIUS_NITA_MINA_DAMIAN_PEARL_RUFFS,SA,#PLLRJC2V;#YGQYGCR;#GYCYCLRJL;#89PVJG9R0;#PR9U2JL;#PR0P8QVQ,BH|Wesley;BH|Portox;BH|Prozy;Rhz;Juan Carlos;SKC|Kr ;),RUFFS,1,100.0%,gemGrab,Hard Rock Mine,22/06/2026 22:45:07,#PR0P8QVQ,SKC|Kr ;),SKC,SKCALALAS SA,tournament
None_New Horizons_#L9PQUV0YC_#JVRCVJ9Q_#9QCJPL20_#2UQCCG92VG_#CUGVUYPG_#2GV09VJJP_TICK_GRAY_PIERCE_ANGELO_LEON_NAJIA,SA,#L9PQUV0YC;#JVRCVJ9Q;#9QCJPL20;#2UQCCG92VG;#CUGVUYPG;#2GV09VJJP,OS|BrabaoBs;OS|Pekka;OS|Golden;star lipi;atlantis;AL|FireMurilø:D,TICK,1,100.0%,knockout,New Horizons,22/06/2026 22:45:07,#L9PQUV0YC,OS|BrabaoBs,OS,OLIMPO SQUAD,tournament
None_New Horizons_#L9PQUV0YC_#JVRCVJ9Q_#9QCJPL20_#2UQCCG92VG_#CUGVUYPG_#2GV09VJJP_TICK_GRAY_PIERCE_ANGELO_LEON_NAJIA,SA,#L9PQUV0YC;#JVRCVJ9Q;#9QCJPL20;#2UQCCG92VG;#CUGVUYPG;#2GV09VJJP,OS|BrabaoBs;OS|Pekka;OS|Golden;star lipi;atlantis;AL|FireMurilø:D,GRAY,1,100.0%,knockout,New Horizons,22/06/2026 22:45:07,#JVRCVJ9Q,OS|Pekka,OS,OLIMPO SQUAD,tournament
None_New Horizons_#L9PQUV0YC_#JVRCVJ9Q_#9QCJPL20_#2UQCCG92VG_#CUGVUYPG_#2GV09VJJP_TICK_GRAY_PIERCE_ANGELO_LEON_NAJIA,SA,#L9PQUV0YC;#JVRCVJ9Q;#9QCJPL20;#2UQCCG92VG;#CUGVUYPG;#2GV09VJJP,OS|BrabaoBs;OS|Pekka;OS|Golden;star lipi;atlantis;AL|FireMurilø:D,PIERCE,1,100.0%,knockout,New Horizons,22/06/2026 22:45:07,#9QCJPL20,OS|Golden,OS,OLIMPO SQUAD,tournament
None_New Horizons_#L9PQUV0YC_#JVRCVJ9Q_#9QCJPL20_#2UQCCG92VG_#CUGVUYPG_#2GV09VJJP_TICK_GRAY_PIERCE_ANGELO_LEON_NAJIA,SA,#L9PQUV0YC;#JVRCVJ9Q;#9QCJPL20;#2UQCCG92VG;#CUGVUYPG;#2GV09VJJP,OS|BrabaoBs;OS|Pekka;OS|Golden;star lipi;atlantis;AL|FireMurilø:D,ANGELO,0,0.0%,knockout,New Horizons,22/06/2026 22:45:07,#2UQCCG92VG,star lipi,LOUD,LOUD,tournament
None_New Horizons_#L9PQUV0YC_#JVRCVJ9Q_#9QCJPL20_#2UQCCG92VG_#CUGVUYPG_#2GV09VJJP_TICK_GRAY_PIERCE_ANGELO_LEON_NAJIA,SA,#L9PQUV0YC;#JVRCVJ9Q;#9QCJPL20;#2UQCCG92VG;#CUGVUYPG;#2GV09VJJP,OS|BrabaoBs;OS|Pekka;OS|Golden;star lipi;atlantis;AL|FireMurilø:D,LEON,0,0.0%,knockout,New Horizons,22/06/2026 22:45:07,#CUGVUYPG,atlantis,LOUD,LOUD,tournament
None_New Horizons_#L9PQUV0YC_#JVRCVJ9Q_#9QCJPL20_#2UQCCG92VG_#CUGVUYPG_#2GV09VJJP_TICK_GRAY_PIERCE_ANGELO_LEON_NAJIA,SA,#L9PQUV0YC;#JVRCVJ9Q;#9QCJPL20;#2UQCCG92VG;#CUGVUYPG;#2GV09VJJP,OS|BrabaoBs;OS|Pekka;OS|Golden;star lipi;atlantis;AL|FireMurilø:D,NAJIA,0,0.0%,knockout,New Horizons,22/06/2026 22:45:07,#2GV09VJJP,AL|FireMurilø:D,LOUD,LOUD,tournament
None_Gem Fort_#L9PQUV0YC_#9QCJPL20_#JVRCVJ9Q_#2UQCCG92VG_#CUGVUYPG_#2GV09VJJP_GRIFF_GLOWY_MINA_MORTIS_OTIS_EMZ,SA,#L9PQUV0YC;#9QCJPL20;#JVRCVJ9Q;#2UQCCG92VG;#CUGVUYPG;#2GV09VJJP,OS|BrabaoBs;OS|Golden;OS|Pekka;star lipi;atlantis;AL|FireMurilø:D,GRIFF,0,0.0%,gemGrab,Gem Fort,22/06/2026 22:45:07,#L9PQUV0YC,OS|BrabaoBs,OS,OLIMPO SQUAD,tournament
None_Gem Fort_#L9PQUV0YC_#9QCJPL20_#JVRCVJ9Q_#2UQCCG92VG_#CUGVUYPG_#2GV09VJJP_GRIFF_GLOWY_MINA_MORTIS_OTIS_EMZ,SA,#L9PQUV0YC;#9QCJPL20;#JVRCVJ9Q;#2UQCCG92VG;#CUGVUYPG;#2GV09VJJP,OS|BrabaoBs;OS|Golden;OS|Pekka;star lipi;atlantis;AL|FireMurilø:D,GLOWY,0,0.0%,gemGrab,Gem Fort,22/06/2026 22:45:07,#9QCJPL20,OS|Golden,OS,OLIMPO SQUAD,tournament
None_Gem Fort_#L9PQUV0YC_#9QCJPL20_#JVRCVJ9Q_#2UQCCG92VG_#CUGVUYPG_#2GV09VJJP_GRIFF_GLOWY_MINA_MORTIS_OTIS_EMZ,SA,#L9PQUV0YC;#9QCJPL20;#JVRCVJ9Q;#2UQCCG92VG;#CUGVUYPG;#2GV09VJJP,OS|BrabaoBs;OS|Golden;OS|Pekka;star lipi;atlantis;AL|FireMurilø:D,MINA,0,0.0%,gemGrab,Gem Fort,22/06/2026 22:45:07,#JVRCVJ9Q,OS|Pekka,OS,OLIMPO SQUAD,tournament
None_Gem Fort_#L9PQUV0YC_#9QCJPL20_#JVRCVJ9Q_#2UQCCG92VG_#CUGVUYPG_#2GV09VJJP_GRIFF_GLOWY_MINA_MORTIS_OTIS_EMZ,SA,#L9PQUV0YC;#9QCJPL20;#JVRCVJ9Q;#2UQCCG92VG;#CUGVUYPG;#2GV09VJJP,OS|BrabaoBs;OS|Golden;OS|Pekka;star lipi;atlantis;AL|FireMurilø:D,MORTIS,1,100.0%,gemGrab,Gem Fort,22/06/2026 22:45:07,#2UQCCG92VG,star lipi,LOUD,LOUD,tournament
None_Gem Fort_#L9PQUV0YC_#9QCJPL20_#JVRCVJ9Q_#2UQCCG92VG_#CUGVUYPG_#2GV09VJJP_GRIFF_GLOWY_MINA_MORTIS_OTIS_EMZ,SA,#L9PQUV0YC;#9QCJPL20;#JVRCVJ9Q;#2UQCCG92VG;#CUGVUYPG;#2GV09VJJP,OS|BrabaoBs;OS|Golden;OS|Pekka;star lipi;atlantis;AL|FireMurilø:D,OTIS,1,100.0%,gemGrab,Gem Fort,22/06/2026 22:45:07,#CUGVUYPG,atlantis,LOUD,LOUD,tournament
None_Gem Fort_#L9PQUV0YC_#9QCJPL20_#JVRCVJ9Q_#2UQCCG92VG_#CUGVUYPG_#2GV09VJJP_GRIFF_GLOWY_MINA_MORTIS_OTIS_EMZ,SA,#L9PQUV0YC;#9QCJPL20;#JVRCVJ9Q;#2UQCCG92VG;#CUGVUYPG;#2GV09VJJP,OS|BrabaoBs;OS|Golden;OS|Pekka;star lipi;atlantis;AL|FireMurilø:D,EMZ,1,100.0%,gemGrab,Gem Fort,22/06/2026 22:45:07,#2GV09VJJP,AL|FireMurilø:D,LOUD,LOUD,tournament
None_Ring of Fire_#L9PQUV0YC_#9QCJPL20_#JVRCVJ9Q_#2UQCCG92VG_#2GV09VJJP_#CUGVUYPG_PENNY_LOU_MORTIS_PIERCE_MINA_KENJI,SA,#L9PQUV0YC;#9QCJPL20;#JVRCVJ9Q;#2UQCCG92VG;#2GV09VJJP;#CUGVUYPG,OS|BrabaoBs;OS|Golden;OS|Pekka;star lipi;AL|FireMurilø:D;atlantis,PENNY,1,100.0%,hotZone,Ring of Fire,22/06/2026 22:45:07,#L9PQUV0YC,OS|BrabaoBs,OS,OLIMPO SQUAD,tournament
None_Ring of Fire_#L9PQUV0YC_#9QCJPL20_#JVRCVJ9Q_#2UQCCG92VG_#2GV09VJJP_#CUGVUYPG_PENNY_LOU_MORTIS_PIERCE_MINA_KENJI,SA,#L9PQUV0YC;#9QCJPL20;#JVRCVJ9Q;#2UQCCG92VG;#2GV09VJJP;#CUGVUYPG,OS|BrabaoBs;OS|Golden;OS|Pekka;star lipi;AL|FireMurilø:D;atlantis,LOU,1,100.0%,hotZone,Ring of Fire,22/06/2026 22:45:07,#9QCJPL20,OS|Golden,OS,OLIMPO SQUAD,tournament
None_Ring of Fire_#L9PQUV0YC_#9QCJPL20_#JVRCVJ9Q_#2UQCCG92VG_#2GV09VJJP_#CUGVUYPG_PENNY_LOU_MORTIS_PIERCE_MINA_KENJI,SA,#L9PQUV0YC;#9QCJPL20;#JVRCVJ9Q;#2UQCCG92VG;#2GV09VJJP;#CUGVUYPG,OS|BrabaoBs;OS|Golden;OS|Pekka;star lipi;AL|FireMurilø:D;atlantis,MORTIS,1,100.0%,hotZone,Ring of Fire,22/06/2026 22:45:07,#JVRCVJ9Q,OS|Pekka,OS,OLIMPO SQUAD,tournament
None_Ring of Fire_#L9PQUV0YC_#9QCJPL20_#JVRCVJ9Q_#2UQCCG92VG_#2GV09VJJP_#CUGVUYPG_PENNY_LOU_MORTIS_PIERCE_MINA_KENJI,SA,#L9PQUV0YC;#9QCJPL20;#JVRCVJ9Q;#2UQCCG92VG;#2GV09VJJP;#CUGVUYPG,OS|BrabaoBs;OS|Golden;OS|Pekka;star lipi;AL|FireMurilø:D;atlantis,PIERCE,0,0.0%,hotZone,Ring of Fire,22/06/2026 22:45:07,#2UQCCG92VG,star lipi,LOUD,LOUD,tournament
None_Ring of Fire_#L9PQUV0YC_#9QCJPL20_#JVRCVJ9Q_#2UQCCG92VG_#2GV09VJJP_#CUGVUYPG_PENNY_LOU_MORTIS_PIERCE_MINA_KENJI,SA,#L9PQUV0YC;#9QCJPL20;#JVRCVJ9Q;#2UQCCG92VG;#2GV09VJJP;#CUGVUYPG,OS|BrabaoBs;OS|Golden;OS|Pekka;star lipi;AL|FireMurilø:D;atlantis,MINA,0,0.0%,hotZone,Ring of Fire,22/06/2026 22:45:07,#2GV09VJJP,AL|FireMurilø:D,LOUD,LOUD,tournament
None_Ring of Fire_#L9PQUV0YC_#9QCJPL20_#JVRCVJ9Q_#2UQCCG92VG_#2GV09VJJP_#CUGVUYPG_PENNY_LOU_MORTIS_PIERCE_MINA_KENJI,SA,#L9PQUV0YC;#9QCJPL20;#JVRCVJ9Q;#2UQCCG92VG;#2GV09VJJP;#CUGVUYPG,OS|BrabaoBs;OS|Golden;OS|Pekka;star lipi;AL|FireMurilø:D;atlantis,KENJI,0,0.0%,hotZone,Ring of Fire,22/06/2026 22:45:07,#CUGVUYPG,atlantis,LOUD,LOUD,tournament
None_Pinhole Punt_#2UQCCG92VG_#PLJ8VQY2C_#2GV09VJJP_#L9PQUV0YC_#9QCJPL20_#JVRCVJ9Q_ALLI_CROW_BEA_POCO_EMZ_MEEPLE,SA,#2UQCCG92VG;#PLJ8VQY2C;#2GV09VJJP;#L9PQUV0YC;#9QCJPL20;#JVRCVJ9Q,star lipi;Satis 'み;AL|FireMurilø:D;OS|BrabaoBs;OS|Golden;OS|Pekka,ALLI,0,0.0%,brawlBall,Pinhole Punt,22/06/2026 22:45:07,#2UQCCG92VG,star lipi,LOUD,LOUD,tournament
None_Pinhole Punt_#2UQCCG92VG_#PLJ8VQY2C_#2GV09VJJP_#L9PQUV0YC_#9QCJPL20_#JVRCVJ9Q_ALLI_CROW_BEA_POCO_EMZ_MEEPLE,SA,#2UQCCG92VG;#PLJ8VQY2C;#2GV09VJJP;#L9PQUV0YC;#9QCJPL20;#JVRCVJ9Q,star lipi;Satis 'み;AL|FireMurilø:D;OS|BrabaoBs;OS|Golden;OS|Pekka,CROW,0,0.0%,brawlBall,Pinhole Punt,22/06/2026 22:45:07,#PLJ8VQY2C,Satis 'み,LOUD,LOUD,tournament
None_Pinhole Punt_#2UQCCG92VG_#PLJ8VQY2C_#2GV09VJJP_#L9PQUV0YC_#9QCJPL20_#JVRCVJ9Q_ALLI_CROW_BEA_POCO_EMZ_MEEPLE,SA,#2UQCCG92VG;#PLJ8VQY2C;#2GV09VJJP;#L9PQUV0YC;#9QCJPL20;#JVRCVJ9Q,star lipi;Satis 'み;AL|FireMurilø:D;OS|BrabaoBs;OS|Golden;OS|Pekka,BEA,0,0.0%,brawlBall,Pinhole Punt,22/06/2026 22:45:07,#2GV09VJJP,AL|FireMurilø:D,LOUD,LOUD,tournament
None_Pinhole Punt_#2UQCCG92VG_#PLJ8VQY2C_#2GV09VJJP_#L9PQUV0YC_#9QCJPL20_#JVRCVJ9Q_ALLI_CROW_BEA_POCO_EMZ_MEEPLE,SA,#2UQCCG92VG;#PLJ8VQY2C;#2GV09VJJP;#L9PQUV0YC;#9QCJPL20;#JVRCVJ9Q,star lipi;Satis 'み;AL|FireMurilø:D;OS|BrabaoBs;OS|Golden;OS|Pekka,POCO,1,100.0%,brawlBall,Pinhole Punt,22/06/2026 22:45:07,#L9PQUV0YC,OS|BrabaoBs,OS,OLIMPO SQUAD,tournament
None_Pinhole Punt_#2UQCCG92VG_#PLJ8VQY2C_#2GV09VJJP_#L9PQUV0YC_#9QCJPL20_#JVRCVJ9Q_ALLI_CROW_BEA_POCO_EMZ_MEEPLE,SA,#2UQCCG92VG;#PLJ8VQY2C;#2GV09VJJP;#L9PQUV0YC;#9QCJPL20;#JVRCVJ9Q,star lipi;Satis 'み;AL|FireMurilø:D;OS|BrabaoBs;OS|Golden;OS|Pekka,EMZ,1,100.0%,brawlBall,Pinhole Punt,22/06/2026 22:45:07,#9QCJPL20,OS|Golden,OS,OLIMPO SQUAD,tournament
None_Pinhole Punt_#2UQCCG92VG_#PLJ8VQY2C_#2GV09VJJP_#L9PQUV0YC_#9QCJPL20_#JVRCVJ9Q_ALLI_CROW_BEA_POCO_EMZ_MEEPLE,SA,#2UQCCG92VG;#PLJ8VQY2C;#2GV09VJJP;#L9PQUV0YC;#9QCJPL20;#JVRCVJ9Q,star lipi;Satis 'み;AL|FireMurilø:D;OS|BrabaoBs;OS|Golden;OS|Pekka,MEEPLE,1,100.0%,brawlBall,Pinhole Punt,22/06/2026 22:45:07,#JVRCVJ9Q,OS|Pekka,OS,OLIMPO SQUAD,tournament
None_Pit Stop_#2UQCCG92VG_#PLJ8VQY2C_#2GV09VJJP_#L9PQUV0YC_#JVRCVJ9Q_#9QCJPL20_OTIS_NITA_MELODIE_KAZE_COLT_KIT,SA,#2UQCCG92VG;#PLJ8VQY2C;#2GV09VJJP;#L9PQUV0YC;#JVRCVJ9Q;#9QCJPL20,star lipi;Satis 'み;AL|FireMurilø:D;OS|BrabaoBs;OS|Pekka;OS|Golden,OTIS,0,0.0%,heist,Pit Stop,22/06/2026 22:45:07,#2UQCCG92VG,star lipi,LOUD,LOUD,tournament
None_Pit Stop_#2UQCCG92VG_#PLJ8VQY2C_#2GV09VJJP_#L9PQUV0YC_#JVRCVJ9Q_#9QCJPL20_OTIS_NITA_MELODIE_KAZE_COLT_KIT,SA,#2UQCCG92VG;#PLJ8VQY2C;#2GV09VJJP;#L9PQUV0YC;#JVRCVJ9Q;#9QCJPL20,star lipi;Satis 'み;AL|FireMurilø:D;OS|BrabaoBs;OS|Pekka;OS|Golden,NITA,0,0.0%,heist,Pit Stop,22/06/2026 22:45:07,#PLJ8VQY2C,Satis 'み,LOUD,LOUD,tournament
None_Pit Stop_#2UQCCG92VG_#PLJ8VQY2C_#2GV09VJJP_#L9PQUV0YC_#JVRCVJ9Q_#9QCJPL20_OTIS_NITA_MELODIE_KAZE_COLT_KIT,SA,#2UQCCG92VG;#PLJ8VQY2C;#2GV09VJJP;#L9PQUV0YC;#JVRCVJ9Q;#9QCJPL20,star lipi;Satis 'み;AL|FireMurilø:D;OS|BrabaoBs;OS|Pekka;OS|Golden,MELODIE,0,0.0%,heist,Pit Stop,22/06/2026 22:45:07,#2GV09VJJP,AL|FireMurilø:D,LOUD,LOUD,tournament
None_Pit Stop_#2UQCCG92VG_#PLJ8VQY2C_#2GV09VJJP_#L9PQUV0YC_#JVRCVJ9Q_#9QCJPL20_OTIS_NITA_MELODIE_KAZE_COLT_KIT,SA,#2UQCCG92VG;#PLJ8VQY2C;#2GV09VJJP;#L9PQUV0YC;#JVRCVJ9Q;#9QCJPL20,star lipi;Satis 'み;AL|FireMurilø:D;OS|BrabaoBs;OS|Pekka;OS|Golden,KAZE,1,100.0%,heist,Pit Stop,22/06/2026 22:45:07,#L9PQUV0YC,OS|BrabaoBs,OS,OLIMPO SQUAD,tournament
None_Pit Stop_#2UQCCG92VG_#PLJ8VQY2C_#2GV09VJJP_#L9PQUV0YC_#JVRCVJ9Q_#9QCJPL20_OTIS_NITA_MELODIE_KAZE_COLT_KIT,SA,#2UQCCG92VG;#PLJ8VQY2C;#2GV09VJJP;#L9PQUV0YC;#JVRCVJ9Q;#9QCJPL20,star lipi;Satis 'み;AL|FireMurilø:D;OS|BrabaoBs;OS|Pekka;OS|Golden,COLT,1,100.0%,heist,Pit Stop,22/06/2026 22:45:07,#JVRCVJ9Q,OS|Pekka,OS,OLIMPO SQUAD,tournament
None_Pit Stop_#2UQCCG92VG_#PLJ8VQY2C_#2GV09VJJP_#L9PQUV0YC_#JVRCVJ9Q_#9QCJPL20_OTIS_NITA_MELODIE_KAZE_COLT_KIT,SA,#2UQCCG92VG;#PLJ8VQY2C;#2GV09VJJP;#L9PQUV0YC;#JVRCVJ9Q;#9QCJPL20,star lipi;Satis 'み;AL|FireMurilø:D;OS|BrabaoBs;OS|Pekka;OS|Golden,KIT,1,100.0%,heist,Pit Stop,22/06/2026 22:45:07,#9QCJPL20,OS|Golden,OS,OLIMPO SQUAD,tournament
None_Layer Cake_#2UQCCG92VG_#PLJ8VQY2C_#2GV09VJJP_#L9PQUV0YC_#JVRCVJ9Q_#9QCJPL20_MORTIS_RUFFS_NAJIA_BELLE_KENJI_MEEPLE,SA,#2UQCCG92VG;#PLJ8VQY2C;#2GV09VJJP;#L9PQUV0YC;#JVRCVJ9Q;#9QCJPL20,star lipi;Satis 'み;AL|FireMurilø:D;OS|BrabaoBs;OS|Pekka;OS|Golden,MORTIS,0,0.0%,bounty,Layer Cake,22/06/2026 22:45:07,#2UQCCG92VG,star lipi,LOUD,LOUD,tournament
None_Layer Cake_#2UQCCG92VG_#PLJ8VQY2C_#2GV09VJJP_#L9PQUV0YC_#JVRCVJ9Q_#9QCJPL20_MORTIS_RUFFS_NAJIA_BELLE_KENJI_MEEPLE,SA,#2UQCCG92VG;#PLJ8VQY2C;#2GV09VJJP;#L9PQUV0YC;#JVRCVJ9Q;#9QCJPL20,star lipi;Satis 'み;AL|FireMurilø:D;OS|BrabaoBs;OS|Pekka;OS|Golden,RUFFS,0,0.0%,bounty,Layer Cake,22/06/2026 22:45:07,#PLJ8VQY2C,Satis 'み,LOUD,LOUD,tournament
None_Layer Cake_#2UQCCG92VG_#PLJ8VQY2C_#2GV09VJJP_#L9PQUV0YC_#JVRCVJ9Q_#9QCJPL20_MORTIS_RUFFS_NAJIA_BELLE_KENJI_MEEPLE,SA,#2UQCCG92VG;#PLJ8VQY2C;#2GV09VJJP;#L9PQUV0YC;#JVRCVJ9Q;#9QCJPL20,star lipi;Satis 'み;AL|FireMurilø:D;OS|BrabaoBs;OS|Pekka;OS|Golden,NAJIA,0,0.0%,bounty,Layer Cake,22/06/2026 22:45:07,#2GV09VJJP,AL|FireMurilø:D,LOUD,LOUD,tournament
None_Layer Cake_#2UQCCG92VG_#PLJ8VQY2C_#2GV09VJJP_#L9PQUV0YC_#JVRCVJ9Q_#9QCJPL20_MORTIS_RUFFS_NAJIA_BELLE_KENJI_MEEPLE,SA,#2UQCCG92VG;#PLJ8VQY2C;#2GV09VJJP;#L9PQUV0YC;#JVRCVJ9Q;#9QCJPL20,star lipi;Satis 'み;AL|FireMurilø:D;OS|BrabaoBs;OS|Pekka;OS|Golden,BELLE,1,100.0%,bounty,Layer Cake,22/06/2026 22:45:07,#L9PQUV0YC,OS|BrabaoBs,OS,OLIMPO SQUAD,tournament
None_Layer Cake_#2UQCCG92VG_#PLJ8VQY2C_#2GV09VJJP_#L9PQUV0YC_#JVRCVJ9Q_#9QCJPL20_MORTIS_RUFFS_NAJIA_BELLE_KENJI_MEEPLE,SA,#2UQCCG92VG;#PLJ8VQY2C;#2GV09VJJP;#L9PQUV0YC;#JVRCVJ9Q;#9QCJPL20,star lipi;Satis 'み;AL|FireMurilø:D;OS|BrabaoBs;OS|Pekka;OS|Golden,KENJI,1,100.0%,bounty,Layer Cake,22/06/2026 22:45:07,#JVRCVJ9Q,OS|Pekka,OS,OLIMPO SQUAD,tournament
None_Layer Cake_#2UQCCG92VG_#PLJ8VQY2C_#2GV09VJJP_#L9PQUV0YC_#JVRCVJ9Q_#9QCJPL20_MORTIS_RUFFS_NAJIA_BELLE_KENJI_MEEPLE,SA,#2UQCCG92VG;#PLJ8VQY2C;#2GV09VJJP;#L9PQUV0YC;#JVRCVJ9Q;#9QCJPL20,star lipi;Satis 'み;AL|FireMurilø:D;OS|BrabaoBs;OS|Pekka;OS|Golden,MEEPLE,1,100.0%,bounty,Layer Cake,22/06/2026 22:45:07,#9QCJPL20,OS|Golden,OS,OLIMPO SQUAD,tournament
None_Dueling Beetles_#9CPYUCGQC_#2QG9LQQC8Y_#202GJJR28_#GVYLVUGR_#R2LR2QLG_#JQ8L0YYL_BARLEY_FINX_FANG_DAMIAN_POCO_CHESTER,SA,#9CPYUCGQC;#2QG9LQQC8Y;#202GJJR28;#GVYLVUGR;#R2LR2QLG;#JQ8L0YYL,IceCrow エレン;Derpp🐰ᩚ;Doritos🐉;ETN|Jubileubr;ETN|Mohtep;ETN|CAUEBR,BARLEY,0,0.0%,hotZone,Dueling Beetles,22/06/2026 22:45:07,#9CPYUCGQC,IceCrow エレン,GLXY,GALAXY,tournament
None_Dueling Beetles_#9CPYUCGQC_#2QG9LQQC8Y_#202GJJR28_#GVYLVUGR_#R2LR2QLG_#JQ8L0YYL_BARLEY_FINX_FANG_DAMIAN_POCO_CHESTER,SA,#9CPYUCGQC;#2QG9LQQC8Y;#202GJJR28;#GVYLVUGR;#R2LR2QLG;#JQ8L0YYL,IceCrow エレン;Derpp🐰ᩚ;Doritos🐉;ETN|Jubileubr;ETN|Mohtep;ETN|CAUEBR,FINX,0,0.0%,hotZone,Dueling Beetles,22/06/2026 22:45:07,#2QG9LQQC8Y,Derpp🐰ᩚ,GLXY,GALAXY,tournament
None_Dueling Beetles_#9CPYUCGQC_#2QG9LQQC8Y_#202GJJR28_#GVYLVUGR_#R2LR2QLG_#JQ8L0YYL_BARLEY_FINX_FANG_DAMIAN_POCO_CHESTER,SA,#9CPYUCGQC;#2QG9LQQC8Y;#202GJJR28;#GVYLVUGR;#R2LR2QLG;#JQ8L0YYL,IceCrow エレン;Derpp🐰ᩚ;Doritos🐉;ETN|Jubileubr;ETN|Mohtep;ETN|CAUEBR,FANG,0,0.0%,hotZone,Dueling Beetles,22/06/2026 22:45:07,#202GJJR28,Doritos🐉,GLXY,GALAXY,tournament
None_Dueling Beetles_#9CPYUCGQC_#2QG9LQQC8Y_#202GJJR28_#GVYLVUGR_#R2LR2QLG_#JQ8L0YYL_BARLEY_FINX_FANG_DAMIAN_POCO_CHESTER,SA,#9CPYUCGQC;#2QG9LQQC8Y;#202GJJR28;#GVYLVUGR;#R2LR2QLG;#JQ8L0YYL,IceCrow エレン;Derpp🐰ᩚ;Doritos🐉;ETN|Jubileubr;ETN|Mohtep;ETN|CAUEBR,DAMIAN,1,100.0%,hotZone,Dueling Beetles,22/06/2026 22:45:07,#GVYLVUGR,ETN|Jubileubr,PCNG,PIZZA CONGELADA F/A,tournament
None_Dueling Beetles_#9CPYUCGQC_#2QG9LQQC8Y_#202GJJR28_#GVYLVUGR_#R2LR2QLG_#JQ8L0YYL_BARLEY_FINX_FANG_DAMIAN_POCO_CHESTER,SA,#9CPYUCGQC;#2QG9LQQC8Y;#202GJJR28;#GVYLVUGR;#R2LR2QLG;#JQ8L0YYL,IceCrow エレン;Derpp🐰ᩚ;Doritos🐉;ETN|Jubileubr;ETN|Mohtep;ETN|CAUEBR,POCO,1,100.0%,hotZone,Dueling Beetles,22/06/2026 22:45:07,#R2LR2QLG,ETN|Mohtep,PCNG,PIZZA CONGELADA F/A,tournament
None_Dueling Beetles_#9CPYUCGQC_#2QG9LQQC8Y_#202GJJR28_#GVYLVUGR_#R2LR2QLG_#JQ8L0YYL_BARLEY_FINX_FANG_DAMIAN_POCO_CHESTER,SA,#9CPYUCGQC;#2QG9LQQC8Y;#202GJJR28;#GVYLVUGR;#R2LR2QLG;#JQ8L0YYL,IceCrow エレン;Derpp🐰ᩚ;Doritos🐉;ETN|Jubileubr;ETN|Mohtep;ETN|CAUEBR,CHESTER,1,100.0%,hotZone,Dueling Beetles,22/06/2026 22:45:07,#JQ8L0YYL,ETN|CAUEBR,PCNG,PIZZA CONGELADA F/A,tournament
None_Hard Rock Mine_#9CPYUCGQC_#2QG9LQQC8Y_#202GJJR28_#GVYLVUGR_#R2LR2QLG_#JQ8L0YYL_DOUG_RUFFS_DAMIAN_EMZ_JANET_CHESTER,SA,#9CPYUCGQC;#2QG9LQQC8Y;#202GJJR28;#GVYLVUGR;#R2LR2QLG;#JQ8L0YYL,IceCrow エレン;Derpp🐰ᩚ;Doritos🐉;ETN|Jubileubr;ETN|Mohtep;ETN|CAUEBR,DOUG,0,0.0%,gemGrab,Hard Rock Mine,22/06/2026 22:45:07,#9CPYUCGQC,IceCrow エレン,GLXY,GALAXY,tournament
None_Hard Rock Mine_#9CPYUCGQC_#2QG9LQQC8Y_#202GJJR28_#GVYLVUGR_#R2LR2QLG_#JQ8L0YYL_DOUG_RUFFS_DAMIAN_EMZ_JANET_CHESTER,SA,#9CPYUCGQC;#2QG9LQQC8Y;#202GJJR28;#GVYLVUGR;#R2LR2QLG;#JQ8L0YYL,IceCrow エレン;Derpp🐰ᩚ;Doritos🐉;ETN|Jubileubr;ETN|Mohtep;ETN|CAUEBR,RUFFS,0,0.0%,gemGrab,Hard Rock Mine,22/06/2026 22:45:07,#2QG9LQQC8Y,Derpp🐰ᩚ,GLXY,GALAXY,tournament
None_Hard Rock Mine_#9CPYUCGQC_#2QG9LQQC8Y_#202GJJR28_#GVYLVUGR_#R2LR2QLG_#JQ8L0YYL_DOUG_RUFFS_DAMIAN_EMZ_JANET_CHESTER,SA,#9CPYUCGQC;#2QG9LQQC8Y;#202GJJR28;#GVYLVUGR;#R2LR2QLG;#JQ8L0YYL,IceCrow エレン;Derpp🐰ᩚ;Doritos🐉;ETN|Jubileubr;ETN|Mohtep;ETN|CAUEBR,DAMIAN,0,0.0%,gemGrab,Hard Rock Mine,22/06/2026 22:45:07,#202GJJR28,Doritos🐉,GLXY,GALAXY,tournament
None_Hard Rock Mine_#9CPYUCGQC_#2QG9LQQC8Y_#202GJJR28_#GVYLVUGR_#R2LR2QLG_#JQ8L0YYL_DOUG_RUFFS_DAMIAN_EMZ_JANET_CHESTER,SA,#9CPYUCGQC;#2QG9LQQC8Y;#202GJJR28;#GVYLVUGR;#R2LR2QLG;#JQ8L0YYL,IceCrow エレン;Derpp🐰ᩚ;Doritos🐉;ETN|Jubileubr;ETN|Mohtep;ETN|CAUEBR,EMZ,1,100.0%,gemGrab,Hard Rock Mine,22/06/2026 22:45:07,#GVYLVUGR,ETN|Jubileubr,PCNG,PIZZA CONGELADA F/A,tournament
None_Hard Rock Mine_#9CPYUCGQC_#2QG9LQQC8Y_#202GJJR28_#GVYLVUGR_#R2LR2QLG_#JQ8L0YYL_DOUG_RUFFS_DAMIAN_EMZ_JANET_CHESTER,SA,#9CPYUCGQC;#2QG9LQQC8Y;#202GJJR28;#GVYLVUGR;#R2LR2QLG;#JQ8L0YYL,IceCrow エレン;Derpp🐰ᩚ;Doritos🐉;ETN|Jubileubr;ETN|Mohtep;ETN|CAUEBR,JANET,1,100.0%,gemGrab,Hard Rock Mine,22/06/2026 22:45:07,#R2LR2QLG,ETN|Mohtep,PCNG,PIZZA CONGELADA F/A,tournament
None_Hard Rock Mine_#9CPYUCGQC_#2QG9LQQC8Y_#202GJJR28_#GVYLVUGR_#R2LR2QLG_#JQ8L0YYL_DOUG_RUFFS_DAMIAN_EMZ_JANET_CHESTER,SA,#9CPYUCGQC;#2QG9LQQC8Y;#202GJJR28;#GVYLVUGR;#R2LR2QLG;#JQ8L0YYL,IceCrow エレン;Derpp🐰ᩚ;Doritos🐉;ETN|Jubileubr;ETN|Mohtep;ETN|CAUEBR,CHESTER,1,100.0%,gemGrab,Hard Rock Mine,22/06/2026 22:45:07,#JQ8L0YYL,ETN|CAUEBR,PCNG,PIZZA CONGELADA F/A,tournament
None_Gem Fort_#9CPYUCGQC_#2QG9LQQC8Y_#202GJJR28_#89PVJG9R0_#PR9U2JL_#PR0P8QVQ_CROW_LUMI_COLETTE_RICO_SANDY_MAX,SA,#9CPYUCGQC;#2QG9LQQC8Y;#202GJJR28;#89PVJG9R0;#PR9U2JL;#PR0P8QVQ,IceCrow エレン;Derpp🐰ᩚ;Doritos🐉;Rhz;Juan Carlos;SKC|Kr ;),CROW,0,0.0%,gemGrab,Gem Fort,22/06/2026 22:45:07,#9CPYUCGQC,IceCrow エレン,GLXY,GALAXY,tournament
None_Gem Fort_#9CPYUCGQC_#2QG9LQQC8Y_#202GJJR28_#89PVJG9R0_#PR9U2JL_#PR0P8QVQ_CROW_LUMI_COLETTE_RICO_SANDY_MAX,SA,#9CPYUCGQC;#2QG9LQQC8Y;#202GJJR28;#89PVJG9R0;#PR9U2JL;#PR0P8QVQ,IceCrow エレン;Derpp🐰ᩚ;Doritos🐉;Rhz;Juan Carlos;SKC|Kr ;),LUMI,0,0.0%,gemGrab,Gem Fort,22/06/2026 22:45:07,#2QG9LQQC8Y,Derpp🐰ᩚ,GLXY,GALAXY,tournament
None_Gem Fort_#9CPYUCGQC_#2QG9LQQC8Y_#202GJJR28_#89PVJG9R0_#PR9U2JL_#PR0P8QVQ_CROW_LUMI_COLETTE_RICO_SANDY_MAX,SA,#9CPYUCGQC;#2QG9LQQC8Y;#202GJJR28;#89PVJG9R0;#PR9U2JL;#PR0P8QVQ,IceCrow エレン;Derpp🐰ᩚ;Doritos🐉;Rhz;Juan Carlos;SKC|Kr ;),COLETTE,0,0.0%,gemGrab,Gem Fort,22/06/2026 22:45:07,#202GJJR28,Doritos🐉,GLXY,GALAXY,tournament
None_Gem Fort_#9CPYUCGQC_#2QG9LQQC8Y_#202GJJR28_#89PVJG9R0_#PR9U2JL_#PR0P8QVQ_CROW_LUMI_COLETTE_RICO_SANDY_MAX,SA,#9CPYUCGQC;#2QG9LQQC8Y;#202GJJR28;#89PVJG9R0;#PR9U2JL;#PR0P8QVQ,IceCrow エレン;Derpp🐰ᩚ;Doritos🐉;Rhz;Juan Carlos;SKC|Kr ;),RICO,1,100.0%,gemGrab,Gem Fort,22/06/2026 22:45:07,#89PVJG9R0,Rhz,SKC,SKCALALAS SA,tournament
None_Gem Fort_#9CPYUCGQC_#2QG9LQQC8Y_#202GJJR28_#89PVJG9R0_#PR9U2JL_#PR0P8QVQ_CROW_LUMI_COLETTE_RICO_SANDY_MAX,SA,#9CPYUCGQC;#2QG9LQQC8Y;#202GJJR28;#89PVJG9R0;#PR9U2JL;#PR0P8QVQ,IceCrow エレン;Derpp🐰ᩚ;Doritos🐉;Rhz;Juan Carlos;SKC|Kr ;),SANDY,1,100.0%,gemGrab,Gem Fort,22/06/2026 22:45:07,#PR9U2JL,Juan Carlos,SKC,SKCALALAS SA,tournament
None_Gem Fort_#9CPYUCGQC_#2QG9LQQC8Y_#202GJJR28_#89PVJG9R0_#PR9U2JL_#PR0P8QVQ_CROW_LUMI_COLETTE_RICO_SANDY_MAX,SA,#9CPYUCGQC;#2QG9LQQC8Y;#202GJJR28;#89PVJG9R0;#PR9U2JL;#PR0P8QVQ,IceCrow エレン;Derpp🐰ᩚ;Doritos🐉;Rhz;Juan Carlos;SKC|Kr ;),MAX,1,100.0%,gemGrab,Gem Fort,22/06/2026 22:45:07,#PR0P8QVQ,SKC|Kr ;),SKC,SKCALALAS SA,tournament
None_Pinball Dreams_#9CPYUCGQC_#2QG9LQQC8Y_#202GJJR28_#89PVJG9R0_#PR9U2JL_#PR0P8QVQ_TRUNK_OTIS_RUFFS_KENJI_MOE_LUMI,SA,#9CPYUCGQC;#2QG9LQQC8Y;#202GJJR28;#89PVJG9R0;#PR9U2JL;#PR0P8QVQ,IceCrow エレン;Derpp🐰ᩚ;Doritos🐉;Rhz;Juan Carlos;SKC|Kr ;),TRUNK,0,0.0%,brawlBall,Pinball Dreams,22/06/2026 22:45:07,#9CPYUCGQC,IceCrow エレン,GLXY,GALAXY,tournament
None_Pinball Dreams_#9CPYUCGQC_#2QG9LQQC8Y_#202GJJR28_#89PVJG9R0_#PR9U2JL_#PR0P8QVQ_TRUNK_OTIS_RUFFS_KENJI_MOE_LUMI,SA,#9CPYUCGQC;#2QG9LQQC8Y;#202GJJR28;#89PVJG9R0;#PR9U2JL;#PR0P8QVQ,IceCrow エレン;Derpp🐰ᩚ;Doritos🐉;Rhz;Juan Carlos;SKC|Kr ;),OTIS,0,0.0%,brawlBall,Pinball Dreams,22/06/2026 22:45:07,#2QG9LQQC8Y,Derpp🐰ᩚ,GLXY,GALAXY,tournament
None_Pinball Dreams_#9CPYUCGQC_#2QG9LQQC8Y_#202GJJR28_#89PVJG9R0_#PR9U2JL_#PR0P8QVQ_TRUNK_OTIS_RUFFS_KENJI_MOE_LUMI,SA,#9CPYUCGQC;#2QG9LQQC8Y;#202GJJR28;#89PVJG9R0;#PR9U2JL;#PR0P8QVQ,IceCrow エレン;Derpp🐰ᩚ;Doritos🐉;Rhz;Juan Carlos;SKC|Kr ;),RUFFS,0,0.0%,brawlBall,Pinball Dreams,22/06/2026 22:45:07,#202GJJR28,Doritos🐉,GLXY,GALAXY,tournament
None_Pinball Dreams_#9CPYUCGQC_#2QG9LQQC8Y_#202GJJR28_#89PVJG9R0_#PR9U2JL_#PR0P8QVQ_TRUNK_OTIS_RUFFS_KENJI_MOE_LUMI,SA,#9CPYUCGQC;#2QG9LQQC8Y;#202GJJR28;#89PVJG9R0;#PR9U2JL;#PR0P8QVQ,IceCrow エレン;Derpp🐰ᩚ;Doritos🐉;Rhz;Juan Carlos;SKC|Kr ;),KENJI,1,100.0%,brawlBall,Pinball Dreams,22/06/2026 22:45:07,#89PVJG9R0,Rhz,SKC,SKCALALAS SA,tournament
None_Pinball Dreams_#9CPYUCGQC_#2QG9LQQC8Y_#202GJJR28_#89PVJG9R0_#PR9U2JL_#PR0P8QVQ_TRUNK_OTIS_RUFFS_KENJI_MOE_LUMI,SA,#9CPYUCGQC;#2QG9LQQC8Y;#202GJJR28;#89PVJG9R0;#PR9U2JL;#PR0P8QVQ,IceCrow エレン;Derpp🐰ᩚ;Doritos🐉;Rhz;Juan Carlos;SKC|Kr ;),MOE,1,100.0%,brawlBall,Pinball Dreams,22/06/2026 22:45:07,#PR9U2JL,Juan Carlos,SKC,SKCALALAS SA,tournament
None_Pinball Dreams_#9CPYUCGQC_#2QG9LQQC8Y_#202GJJR28_#89PVJG9R0_#PR9U2JL_#PR0P8QVQ_TRUNK_OTIS_RUFFS_KENJI_MOE_LUMI,SA,#9CPYUCGQC;#2QG9LQQC8Y;#202GJJR28;#89PVJG9R0;#PR9U2JL;#PR0P8QVQ,IceCrow エレン;Derpp🐰ᩚ;Doritos🐉;Rhz;Juan Carlos;SKC|Kr ;),LUMI,1,100.0%,brawlBall,Pinball Dreams,22/06/2026 22:45:07,#PR0P8QVQ,SKC|Kr ;),SKC,SKCALALAS SA,tournament
None_Dry Season_#9CPYUCGQC_#2QG9LQQC8Y_#202GJJR28_#89PVJG9R0_#PR9U2JL_#PR0P8QVQ_DOUG_CROW_KAZE_LUMI_PIERCE_MORTIS,SA,#9CPYUCGQC;#2QG9LQQC8Y;#202GJJR28;#89PVJG9R0;#PR9U2JL;#PR0P8QVQ,IceCrow エレン;Derpp🐰ᩚ;Doritos🐉;Rhz;Juan Carlos;SKC|Kr ;),DOUG,0,0.0%,bounty,Dry Season,22/06/2026 22:45:07,#9CPYUCGQC,IceCrow エレン,GLXY,GALAXY,tournament
None_Dry Season_#9CPYUCGQC_#2QG9LQQC8Y_#202GJJR28_#89PVJG9R0_#PR9U2JL_#PR0P8QVQ_DOUG_CROW_KAZE_LUMI_PIERCE_MORTIS,SA,#9CPYUCGQC;#2QG9LQQC8Y;#202GJJR28;#89PVJG9R0;#PR9U2JL;#PR0P8QVQ,IceCrow エレン;Derpp🐰ᩚ;Doritos🐉;Rhz;Juan Carlos;SKC|Kr ;),CROW,0,0.0%,bounty,Dry Season,22/06/2026 22:45:07,#2QG9LQQC8Y,Derpp🐰ᩚ,GLXY,GALAXY,tournament
None_Dry Season_#9CPYUCGQC_#2QG9LQQC8Y_#202GJJR28_#89PVJG9R0_#PR9U2JL_#PR0P8QVQ_DOUG_CROW_KAZE_LUMI_PIERCE_MORTIS,SA,#9CPYUCGQC;#2QG9LQQC8Y;#202GJJR28;#89PVJG9R0;#PR9U2JL;#PR0P8QVQ,IceCrow エレン;Derpp🐰ᩚ;Doritos🐉;Rhz;Juan Carlos;SKC|Kr ;),KAZE,0,0.0%,bounty,Dry Season,22/06/2026 22:45:07,#202GJJR28,Doritos🐉,GLXY,GALAXY,tournament
None_Dry Season_#9CPYUCGQC_#2QG9LQQC8Y_#202GJJR28_#89PVJG9R0_#PR9U2JL_#PR0P8QVQ_DOUG_CROW_KAZE_LUMI_PIERCE_MORTIS,SA,#9CPYUCGQC;#2QG9LQQC8Y;#202GJJR28;#89PVJG9R0;#PR9U2JL;#PR0P8QVQ,IceCrow エレン;Derpp🐰ᩚ;Doritos🐉;Rhz;Juan Carlos;SKC|Kr ;),LUMI,1,100.0%,bounty,Dry Season,22/06/2026 22:45:07,#89PVJG9R0,Rhz,SKC,SKCALALAS SA,tournament
None_Dry Season_#9CPYUCGQC_#2QG9LQQC8Y_#202GJJR28_#89PVJG9R0_#PR9U2JL_#PR0P8QVQ_DOUG_CROW_KAZE_LUMI_PIERCE_MORTIS,SA,#9CPYUCGQC;#2QG9LQQC8Y;#202GJJR28;#89PVJG9R0;#PR9U2JL;#PR0P8QVQ,IceCrow エレン;Derpp🐰ᩚ;Doritos🐉;Rhz;Juan Carlos;SKC|Kr ;),PIERCE,1,100.0%,bounty,Dry Season,22/06/2026 22:45:07,#PR9U2JL,Juan Carlos,SKC,SKCALALAS SA,tournament
None_Dry Season_#9CPYUCGQC_#2QG9LQQC8Y_#202GJJR28_#89PVJG9R0_#PR9U2JL_#PR0P8QVQ_DOUG_CROW_KAZE_LUMI_PIERCE_MORTIS,SA,#9CPYUCGQC;#2QG9LQQC8Y;#202GJJR28;#89PVJG9R0;#PR9U2JL;#PR0P8QVQ,IceCrow エレン;Derpp🐰ᩚ;Doritos🐉;Rhz;Juan Carlos;SKC|Kr ;),MORTIS,1,100.0%,bounty,Dry Season,22/06/2026 22:45:07,#PR0P8QVQ,SKC|Kr ;),SKC,SKCALALAS SA,tournament
None_Pinball Dreams_#GGUQCG0G_#JQ8LLLY_#QJULVGU_#89PVJG9R0_#PR9U2JL_#PR0P8QVQ_CHESTER_RUFFS_SIRIUS_KENJI_WILLOW_STU,SA,#GGUQCG0G;#JQ8LLLY;#QJULVGU;#89PVJG9R0;#PR9U2JL;#PR0P8QVQ,LOUD|KaioDog;LOUD|FireCrow;LOUD|Edinho;Rhz;Juan Carlos;SKC|Kr ;),CHESTER,1,100.0%,brawlBall,Pinball Dreams,22/06/2026 22:45:07,#GGUQCG0G,LOUD|KaioDog,AL,ACRE LOVERS,friendly
None_Pinball Dreams_#GGUQCG0G_#JQ8LLLY_#QJULVGU_#89PVJG9R0_#PR9U2JL_#PR0P8QVQ_CHESTER_RUFFS_SIRIUS_KENJI_WILLOW_STU,SA,#GGUQCG0G;#JQ8LLLY;#QJULVGU;#89PVJG9R0;#PR9U2JL;#PR0P8QVQ,LOUD|KaioDog;LOUD|FireCrow;LOUD|Edinho;Rhz;Juan Carlos;SKC|Kr ;),RUFFS,1,100.0%,brawlBall,Pinball Dreams,22/06/2026 22:45:07,#JQ8LLLY,LOUD|FireCrow,AL,ACRE LOVERS,friendly
None_Pinball Dreams_#GGUQCG0G_#JQ8LLLY_#QJULVGU_#89PVJG9R0_#PR9U2JL_#PR0P8QVQ_CHESTER_RUFFS_SIRIUS_KENJI_WILLOW_STU,SA,#GGUQCG0G;#JQ8LLLY;#QJULVGU;#89PVJG9R0;#PR9U2JL;#PR0P8QVQ,LOUD|KaioDog;LOUD|FireCrow;LOUD|Edinho;Rhz;Juan Carlos;SKC|Kr ;),SIRIUS,1,100.0%,brawlBall,Pinball Dreams,22/06/2026 22:45:07,#QJULVGU,LOUD|Edinho,AL,ACRE LOVERS,friendly
None_Pinball Dreams_#GGUQCG0G_#JQ8LLLY_#QJULVGU_#89PVJG9R0_#PR9U2JL_#PR0P8QVQ_CHESTER_RUFFS_SIRIUS_KENJI_WILLOW_STU,SA,#GGUQCG0G;#JQ8LLLY;#QJULVGU;#89PVJG9R0;#PR9U2JL;#PR0P8QVQ,LOUD|KaioDog;LOUD|FireCrow;LOUD|Edinho;Rhz;Juan Carlos;SKC|Kr ;),KENJI,0,0.0%,brawlBall,Pinball Dreams,22/06/2026 22:45:07,#89PVJG9R0,Rhz,SKC,SKCALALAS SA,friendly
None_Pinball Dreams_#GGUQCG0G_#JQ8LLLY_#QJULVGU_#89PVJG9R0_#PR9U2JL_#PR0P8QVQ_CHESTER_RUFFS_SIRIUS_KENJI_WILLOW_STU,SA,#GGUQCG0G;#JQ8LLLY;#QJULVGU;#89PVJG9R0;#PR9U2JL;#PR0P8QVQ,LOUD|KaioDog;LOUD|FireCrow;LOUD|Edinho;Rhz;Juan Carlos;SKC|Kr ;),WILLOW,0,0.0%,brawlBall,Pinball Dreams,22/06/2026 22:45:07,#PR9U2JL,Juan Carlos,SKC,SKCALALAS SA,friendly
None_Pinball Dreams_#GGUQCG0G_#JQ8LLLY_#QJULVGU_#89PVJG9R0_#PR9U2JL_#PR0P8QVQ_CHESTER_RUFFS_SIRIUS_KENJI_WILLOW_STU,SA,#GGUQCG0G;#JQ8LLLY;#QJULVGU;#89PVJG9R0;#PR9U2JL;#PR0P8QVQ,LOUD|KaioDog;LOUD|FireCrow;LOUD|Edinho;Rhz;Juan Carlos;SKC|Kr ;),STU,0,0.0%,brawlBall,Pinball Dreams,22/06/2026 22:45:07,#PR0P8QVQ,SKC|Kr ;),SKC,SKCALALAS SA,friendly
None_Hideout_#JQ8LLLY_#QJULVGU_#GGUQCG0G_#89PVJG9R0_#PR9U2JL_#PR0P8QVQ_CHARLIE_NAJIA_FANG_LEON_RUFFS_KIT,SA,#JQ8LLLY;#QJULVGU;#GGUQCG0G;#89PVJG9R0;#PR9U2JL;#PR0P8QVQ,LOUD|FireCrow;LOUD|Edinho;LOUD|KaioDog;Rhz;Juan Carlos;SKC|Kr ;),CHARLIE,1,100.0%,bounty,Hideout,22/06/2026 22:45:07,#JQ8LLLY,LOUD|FireCrow,AL,ACRE LOVERS,friendly
None_Hideout_#JQ8LLLY_#QJULVGU_#GGUQCG0G_#89PVJG9R0_#PR9U2JL_#PR0P8QVQ_CHARLIE_NAJIA_FANG_LEON_RUFFS_KIT,SA,#JQ8LLLY;#QJULVGU;#GGUQCG0G;#89PVJG9R0;#PR9U2JL;#PR0P8QVQ,LOUD|FireCrow;LOUD|Edinho;LOUD|KaioDog;Rhz;Juan Carlos;SKC|Kr ;),NAJIA,1,100.0%,bounty,Hideout,22/06/2026 22:45:07,#QJULVGU,LOUD|Edinho,AL,ACRE LOVERS,friendly
None_Hideout_#JQ8LLLY_#QJULVGU_#GGUQCG0G_#89PVJG9R0_#PR9U2JL_#PR0P8QVQ_CHARLIE_NAJIA_FANG_LEON_RUFFS_KIT,SA,#JQ8LLLY;#QJULVGU;#GGUQCG0G;#89PVJG9R0;#PR9U2JL;#PR0P8QVQ,LOUD|FireCrow;LOUD|Edinho;LOUD|KaioDog;Rhz;Juan Carlos;SKC|Kr ;),FANG,1,100.0%,bounty,Hideout,22/06/2026 22:45:07,#GGUQCG0G,LOUD|KaioDog,AL,ACRE LOVERS,friendly
None_Hideout_#JQ8LLLY_#QJULVGU_#GGUQCG0G_#89PVJG9R0_#PR9U2JL_#PR0P8QVQ_CHARLIE_NAJIA_FANG_LEON_RUFFS_KIT,SA,#JQ8LLLY;#QJULVGU;#GGUQCG0G;#89PVJG9R0;#PR9U2JL;#PR0P8QVQ,LOUD|FireCrow;LOUD|Edinho;LOUD|KaioDog;Rhz;Juan Carlos;SKC|Kr ;),LEON,0,0.0%,bounty,Hideout,22/06/2026 22:45:07,#89PVJG9R0,Rhz,SKC,SKCALALAS SA,friendly
None_Hideout_#JQ8LLLY_#QJULVGU_#GGUQCG0G_#89PVJG9R0_#PR9U2JL_#PR0P8QVQ_CHARLIE_NAJIA_FANG_LEON_RUFFS_KIT,SA,#JQ8LLLY;#QJULVGU;#GGUQCG0G;#89PVJG9R0;#PR9U2JL;#PR0P8QVQ,LOUD|FireCrow;LOUD|Edinho;LOUD|KaioDog;Rhz;Juan Carlos;SKC|Kr ;),RUFFS,0,0.0%,bounty,Hideout,22/06/2026 22:45:07,#PR9U2JL,Juan Carlos,SKC,SKCALALAS SA,friendly
None_Hideout_#JQ8LLLY_#QJULVGU_#GGUQCG0G_#89PVJG9R0_#PR9U2JL_#PR0P8QVQ_CHARLIE_NAJIA_FANG_LEON_RUFFS_KIT,SA,#JQ8LLLY;#QJULVGU;#GGUQCG0G;#89PVJG9R0;#PR9U2JL;#PR0P8QVQ,LOUD|FireCrow;LOUD|Edinho;LOUD|KaioDog;Rhz;Juan Carlos;SKC|Kr ;),KIT,0,0.0%,bounty,Hideout,22/06/2026 22:45:07,#PR0P8QVQ,SKC|Kr ;),SKC,SKCALALAS SA,friendly
None_Dry Season_#GGUQCG0G_#JQ8LLLY_#QJULVGU_#89PVJG9R0_#PR9U2JL_#PR0P8QVQ_BYRON_MINA_RUFFS_FANG_LEON_GENE,SA,#GGUQCG0G;#JQ8LLLY;#QJULVGU;#89PVJG9R0;#PR9U2JL;#PR0P8QVQ,LOUD|KaioDog;LOUD|FireCrow;LOUD|Edinho;Rhz;Juan Carlos;SKC|Kr ;),BYRON,0,0.0%,bounty,Dry Season,22/06/2026 22:45:07,#GGUQCG0G,LOUD|KaioDog,AL,ACRE LOVERS,friendly
None_Dry Season_#GGUQCG0G_#JQ8LLLY_#QJULVGU_#89PVJG9R0_#PR9U2JL_#PR0P8QVQ_BYRON_MINA_RUFFS_FANG_LEON_GENE,SA,#GGUQCG0G;#JQ8LLLY;#QJULVGU;#89PVJG9R0;#PR9U2JL;#PR0P8QVQ,LOUD|KaioDog;LOUD|FireCrow;LOUD|Edinho;Rhz;Juan Carlos;SKC|Kr ;),MINA,0,0.0%,bounty,Dry Season,22/06/2026 22:45:07,#JQ8LLLY,LOUD|FireCrow,AL,ACRE LOVERS,friendly
None_Dry Season_#GGUQCG0G_#JQ8LLLY_#QJULVGU_#89PVJG9R0_#PR9U2JL_#PR0P8QVQ_BYRON_MINA_RUFFS_FANG_LEON_GENE,SA,#GGUQCG0G;#JQ8LLLY;#QJULVGU;#89PVJG9R0;#PR9U2JL;#PR0P8QVQ,LOUD|KaioDog;LOUD|FireCrow;LOUD|Edinho;Rhz;Juan Carlos;SKC|Kr ;),RUFFS,0,0.0%,bounty,Dry Season,22/06/2026 22:45:07,#QJULVGU,LOUD|Edinho,AL,ACRE LOVERS,friendly
None_Dry Season_#GGUQCG0G_#JQ8LLLY_#QJULVGU_#89PVJG9R0_#PR9U2JL_#PR0P8QVQ_BYRON_MINA_RUFFS_FANG_LEON_GENE,SA,#GGUQCG0G;#JQ8LLLY;#QJULVGU;#89PVJG9R0;#PR9U2JL;#PR0P8QVQ,LOUD|KaioDog;LOUD|FireCrow;LOUD|Edinho;Rhz;Juan Carlos;SKC|Kr ;),FANG,1,100.0%,bounty,Dry Season,22/06/2026 22:45:07,#89PVJG9R0,Rhz,SKC,SKCALALAS SA,friendly
None_Dry Season_#GGUQCG0G_#JQ8LLLY_#QJULVGU_#89PVJG9R0_#PR9U2JL_#PR0P8QVQ_BYRON_MINA_RUFFS_FANG_LEON_GENE,SA,#GGUQCG0G;#JQ8LLLY;#QJULVGU;#89PVJG9R0;#PR9U2JL;#PR0P8QVQ,LOUD|KaioDog;LOUD|FireCrow;LOUD|Edinho;Rhz;Juan Carlos;SKC|Kr ;),LEON,1,100.0%,bounty,Dry Season,22/06/2026 22:45:07,#PR9U2JL,Juan Carlos,SKC,SKCALALAS SA,friendly
None_Dry Season_#GGUQCG0G_#JQ8LLLY_#QJULVGU_#89PVJG9R0_#PR9U2JL_#PR0P8QVQ_BYRON_MINA_RUFFS_FANG_LEON_GENE,SA,#GGUQCG0G;#JQ8LLLY;#QJULVGU;#89PVJG9R0;#PR9U2JL;#PR0P8QVQ,LOUD|KaioDog;LOUD|FireCrow;LOUD|Edinho;Rhz;Juan Carlos;SKC|Kr ;),GENE,1,100.0%,bounty,Dry Season,22/06/2026 22:45:07,#PR0P8QVQ,SKC|Kr ;),SKC,SKCALALAS SA,friendly
None_Out in the Open_#GGUQCG0G_#JQ8LLLY_#QJULVGU_#89PVJG9R0_#PR9U2JL_#PR0P8QVQ_ANGELO_MAX_GENE_BYRON_BELLE_LEON,SA,#GGUQCG0G;#JQ8LLLY;#QJULVGU;#89PVJG9R0;#PR9U2JL;#PR0P8QVQ,LOUD|KaioDog;LOUD|FireCrow;LOUD|Edinho;Rhz;Juan Carlos;SKC|Kr ;),ANGELO,0,0.0%,knockout,Out in the Open,22/06/2026 22:45:07,#GGUQCG0G,LOUD|KaioDog,AL,ACRE LOVERS,friendly
None_Out in the Open_#GGUQCG0G_#JQ8LLLY_#QJULVGU_#89PVJG9R0_#PR9U2JL_#PR0P8QVQ_ANGELO_MAX_GENE_BYRON_BELLE_LEON,SA,#GGUQCG0G;#JQ8LLLY;#QJULVGU;#89PVJG9R0;#PR9U2JL;#PR0P8QVQ,LOUD|KaioDog;LOUD|FireCrow;LOUD|Edinho;Rhz;Juan Carlos;SKC|Kr ;),MAX,0,0.0%,knockout,Out in the Open,22/06/2026 22:45:07,#JQ8LLLY,LOUD|FireCrow,AL,ACRE LOVERS,friendly
None_Out in the Open_#GGUQCG0G_#JQ8LLLY_#QJULVGU_#89PVJG9R0_#PR9U2JL_#PR0P8QVQ_ANGELO_MAX_GENE_BYRON_BELLE_LEON,SA,#GGUQCG0G;#JQ8LLLY;#QJULVGU;#89PVJG9R0;#PR9U2JL;#PR0P8QVQ,LOUD|KaioDog;LOUD|FireCrow;LOUD|Edinho;Rhz;Juan Carlos;SKC|Kr ;),GENE,0,0.0%,knockout,Out in the Open,22/06/2026 22:45:07,#QJULVGU,LOUD|Edinho,AL,ACRE LOVERS,friendly
None_Out in the Open_#GGUQCG0G_#JQ8LLLY_#QJULVGU_#89PVJG9R0_#PR9U2JL_#PR0P8QVQ_ANGELO_MAX_GENE_BYRON_BELLE_LEON,SA,#GGUQCG0G;#JQ8LLLY;#QJULVGU;#89PVJG9R0;#PR9U2JL;#PR0P8QVQ,LOUD|KaioDog;LOUD|FireCrow;LOUD|Edinho;Rhz;Juan Carlos;SKC|Kr ;),BYRON,1,100.0%,knockout,Out in the Open,22/06/2026 22:45:07,#89PVJG9R0,Rhz,SKC,SKCALALAS SA,friendly
None_Out in the Open_#GGUQCG0G_#JQ8LLLY_#QJULVGU_#89PVJG9R0_#PR9U2JL_#PR0P8QVQ_ANGELO_MAX_GENE_BYRON_BELLE_LEON,SA,#GGUQCG0G;#JQ8LLLY;#QJULVGU;#89PVJG9R0;#PR9U2JL;#PR0P8QVQ,LOUD|KaioDog;LOUD|FireCrow;LOUD|Edinho;Rhz;Juan Carlos;SKC|Kr ;),BELLE,1,100.0%,knockout,Out in the Open,22/06/2026 22:45:07,#PR9U2JL,Juan Carlos,SKC,SKCALALAS SA,friendly
None_Out in the Open_#GGUQCG0G_#JQ8LLLY_#QJULVGU_#89PVJG9R0_#PR9U2JL_#PR0P8QVQ_ANGELO_MAX_GENE_BYRON_BELLE_LEON,SA,#GGUQCG0G;#JQ8LLLY;#QJULVGU;#89PVJG9R0;#PR9U2JL;#PR0P8QVQ,LOUD|KaioDog;LOUD|FireCrow;LOUD|Edinho;Rhz;Juan Carlos;SKC|Kr ;),LEON,1,100.0%,knockout,Out in the Open,22/06/2026 22:45:07,#PR0P8QVQ,SKC|Kr ;),SKC,SKCALALAS SA,friendly
None_Ring of Fire_#GVYLVUGR_#R2LR2QLG_#JQ8L0YYL_#89PVJG9R0_#PR9U2JL_#PR0P8QVQ_CHESTER_CROW_BO_EVE_PENNY_MR. P,SA,#GVYLVUGR;#R2LR2QLG;#JQ8L0YYL;#89PVJG9R0;#PR9U2JL;#PR0P8QVQ,ETN|Jubileubr;ETN|Mohtep;ETN|CAUEBR;Rhz;Juan Carlos;SKC|Kr ;),CHESTER,0,0.0%,hotZone,Ring of Fire,22/06/2026 22:45:07,#GVYLVUGR,ETN|Jubileubr,PCNG,PIZZA CONGELADA F/A,friendly
None_Ring of Fire_#GVYLVUGR_#R2LR2QLG_#JQ8L0YYL_#89PVJG9R0_#PR9U2JL_#PR0P8QVQ_CHESTER_CROW_BO_EVE_PENNY_MR. P,SA,#GVYLVUGR;#R2LR2QLG;#JQ8L0YYL;#89PVJG9R0;#PR9U2JL;#PR0P8QVQ,ETN|Jubileubr;ETN|Mohtep;ETN|CAUEBR;Rhz;Juan Carlos;SKC|Kr ;),CROW,0,0.0%,hotZone,Ring of Fire,22/06/2026 22:45:07,#R2LR2QLG,ETN|Mohtep,PCNG,PIZZA CONGELADA F/A,friendly
None_Ring of Fire_#GVYLVUGR_#R2LR2QLG_#JQ8L0YYL_#89PVJG9R0_#PR9U2JL_#PR0P8QVQ_CHESTER_CROW_BO_EVE_PENNY_MR. P,SA,#GVYLVUGR;#R2LR2QLG;#JQ8L0YYL;#89PVJG9R0;#PR9U2JL;#PR0P8QVQ,ETN|Jubileubr;ETN|Mohtep;ETN|CAUEBR;Rhz;Juan Carlos;SKC|Kr ;),BO,0,0.0%,hotZone,Ring of Fire,22/06/2026 22:45:07,#JQ8L0YYL,ETN|CAUEBR,PCNG,PIZZA CONGELADA F/A,friendly
None_Ring of Fire_#GVYLVUGR_#R2LR2QLG_#JQ8L0YYL_#89PVJG9R0_#PR9U2JL_#PR0P8QVQ_CHESTER_CROW_BO_EVE_PENNY_MR. P,SA,#GVYLVUGR;#R2LR2QLG;#JQ8L0YYL;#89PVJG9R0;#PR9U2JL;#PR0P8QVQ,ETN|Jubileubr;ETN|Mohtep;ETN|CAUEBR;Rhz;Juan Carlos;SKC|Kr ;),EVE,1,100.0%,hotZone,Ring of Fire,22/06/2026 22:45:07,#89PVJG9R0,Rhz,SKC,SKCALALAS SA,friendly
None_Ring of Fire_#GVYLVUGR_#R2LR2QLG_#JQ8L0YYL_#89PVJG9R0_#PR9U2JL_#PR0P8QVQ_CHESTER_CROW_BO_EVE_PENNY_MR. P,SA,#GVYLVUGR;#R2LR2QLG;#JQ8L0YYL;#89PVJG9R0;#PR9U2JL;#PR0P8QVQ,ETN|Jubileubr;ETN|Mohtep;ETN|CAUEBR;Rhz;Juan Carlos;SKC|Kr ;),PENNY,1,100.0%,hotZone,Ring of Fire,22/06/2026 22:45:07,#PR9U2JL,Juan Carlos,SKC,SKCALALAS SA,friendly
None_Ring of Fire_#GVYLVUGR_#R2LR2QLG_#JQ8L0YYL_#89PVJG9R0_#PR9U2JL_#PR0P8QVQ_CHESTER_CROW_BO_EVE_PENNY_MR. P,SA,#GVYLVUGR;#R2LR2QLG;#JQ8L0YYL;#89PVJG9R0;#PR9U2JL;#PR0P8QVQ,ETN|Jubileubr;ETN|Mohtep;ETN|CAUEBR;Rhz;Juan Carlos;SKC|Kr ;),MR. P,1,100.0%,hotZone,Ring of Fire,22/06/2026 22:45:07,#PR0P8QVQ,SKC|Kr ;),SKC,SKCALALAS SA,friendly
None_Layer Cake_#GVYLVUGR_#R2LR2QLG_#JQ8L0YYL_#89PVJG9R0_#PR9U2JL_#PR0P8QVQ_COLETTE_BELLE_MICO_SHADE_GALE_MORTIS,SA,#GVYLVUGR;#R2LR2QLG;#JQ8L0YYL;#89PVJG9R0;#PR9U2JL;#PR0P8QVQ,ETN|Jubileubr;ETN|Mohtep;ETN|CAUEBR;Rhz;Juan Carlos;SKC|Kr ;),COLETTE,1,100.0%,bounty,Layer Cake,22/06/2026 22:45:07,#GVYLVUGR,ETN|Jubileubr,PCNG,PIZZA CONGELADA F/A,friendly
None_Layer Cake_#GVYLVUGR_#R2LR2QLG_#JQ8L0YYL_#89PVJG9R0_#PR9U2JL_#PR0P8QVQ_COLETTE_BELLE_MICO_SHADE_GALE_MORTIS,SA,#GVYLVUGR;#R2LR2QLG;#JQ8L0YYL;#89PVJG9R0;#PR9U2JL;#PR0P8QVQ,ETN|Jubileubr;ETN|Mohtep;ETN|CAUEBR;Rhz;Juan Carlos;SKC|Kr ;),BELLE,1,100.0%,bounty,Layer Cake,22/06/2026 22:45:07,#R2LR2QLG,ETN|Mohtep,PCNG,PIZZA CONGELADA F/A,friendly
None_Layer Cake_#GVYLVUGR_#R2LR2QLG_#JQ8L0YYL_#89PVJG9R0_#PR9U2JL_#PR0P8QVQ_COLETTE_BELLE_MICO_SHADE_GALE_MORTIS,SA,#GVYLVUGR;#R2LR2QLG;#JQ8L0YYL;#89PVJG9R0;#PR9U2JL;#PR0P8QVQ,ETN|Jubileubr;ETN|Mohtep;ETN|CAUEBR;Rhz;Juan Carlos;SKC|Kr ;),MICO,1,100.0%,bounty,Layer Cake,22/06/2026 22:45:07,#JQ8L0YYL,ETN|CAUEBR,PCNG,PIZZA CONGELADA F/A,friendly
None_Layer Cake_#GVYLVUGR_#R2LR2QLG_#JQ8L0YYL_#89PVJG9R0_#PR9U2JL_#PR0P8QVQ_COLETTE_BELLE_MICO_SHADE_GALE_MORTIS,SA,#GVYLVUGR;#R2LR2QLG;#JQ8L0YYL;#89PVJG9R0;#PR9U2JL;#PR0P8QVQ,ETN|Jubileubr;ETN|Mohtep;ETN|CAUEBR;Rhz;Juan Carlos;SKC|Kr ;),SHADE,0,0.0%,bounty,Layer Cake,22/06/2026 22:45:07,#89PVJG9R0,Rhz,SKC,SKCALALAS SA,friendly
None_Layer Cake_#GVYLVUGR_#R2LR2QLG_#JQ8L0YYL_#89PVJG9R0_#PR9U2JL_#PR0P8QVQ_COLETTE_BELLE_MICO_SHADE_GALE_MORTIS,SA,#GVYLVUGR;#R2LR2QLG;#JQ8L0YYL;#89PVJG9R0;#PR9U2JL;#PR0P8QVQ,ETN|Jubileubr;ETN|Mohtep;ETN|CAUEBR;Rhz;Juan Carlos;SKC|Kr ;),GALE,0,0.0%,bounty,Layer Cake,22/06/2026 22:45:07,#PR9U2JL,Juan Carlos,SKC,SKCALALAS SA,friendly
None_Layer Cake_#GVYLVUGR_#R2LR2QLG_#JQ8L0YYL_#89PVJG9R0_#PR9U2JL_#PR0P8QVQ_COLETTE_BELLE_MICO_SHADE_GALE_MORTIS,SA,#GVYLVUGR;#R2LR2QLG;#JQ8L0YYL;#89PVJG9R0;#PR9U2JL;#PR0P8QVQ,ETN|Jubileubr;ETN|Mohtep;ETN|CAUEBR;Rhz;Juan Carlos;SKC|Kr ;),MORTIS,0,0.0%,bounty,Layer Cake,22/06/2026 22:45:07,#PR0P8QVQ,SKC|Kr ;),SKC,SKCALALAS SA,friendly
None_Pinball Dreams_#PU20LUCQG_#2QCCC29QV_#RVL0RPR9_#9Q22C88V8_#2LVGCJ2UQR_#80VLPJCCC_MEEPLE_KENJI_WILLOW_OTIS_BERRY_EMZ,SA,#PU20LUCQG;#2QCCC29QV;#RVL0RPR9;#9Q22C88V8;#2LVGCJ2UQR;#80VLPJCCC,Fantas🌖;Magic🎩;ELV|REI DO FUT;Bielz;yichy <3;Tilo,MEEPLE,1,100.0%,brawlBall,Pinball Dreams,22/06/2026 22:45:07,#PU20LUCQG,Fantas🌖,ENO,ENOSIS,tournament
None_Pinball Dreams_#PU20LUCQG_#2QCCC29QV_#RVL0RPR9_#9Q22C88V8_#2LVGCJ2UQR_#80VLPJCCC_MEEPLE_KENJI_WILLOW_OTIS_BERRY_EMZ,SA,#PU20LUCQG;#2QCCC29QV;#RVL0RPR9;#9Q22C88V8;#2LVGCJ2UQR;#80VLPJCCC,Fantas🌖;Magic🎩;ELV|REI DO FUT;Bielz;yichy <3;Tilo,KENJI,1,100.0%,brawlBall,Pinball Dreams,22/06/2026 22:45:07,#2QCCC29QV,Magic🎩,ENO,ENOSIS,tournament
None_Pinball Dreams_#PU20LUCQG_#2QCCC29QV_#RVL0RPR9_#9Q22C88V8_#2LVGCJ2UQR_#80VLPJCCC_MEEPLE_KENJI_WILLOW_OTIS_BERRY_EMZ,SA,#PU20LUCQG;#2QCCC29QV;#RVL0RPR9;#9Q22C88V8;#2LVGCJ2UQR;#80VLPJCCC,Fantas🌖;Magic🎩;ELV|REI DO FUT;Bielz;yichy <3;Tilo,WILLOW,1,100.0%,brawlBall,Pinball Dreams,22/06/2026 22:45:07,#RVL0RPR9,ELV|REI DO FUT,ENO,ENOSIS,tournament
None_Pinball Dreams_#PU20LUCQG_#2QCCC29QV_#RVL0RPR9_#9Q22C88V8_#2LVGCJ2UQR_#80VLPJCCC_MEEPLE_KENJI_WILLOW_OTIS_BERRY_EMZ,SA,#PU20LUCQG;#2QCCC29QV;#RVL0RPR9;#9Q22C88V8;#2LVGCJ2UQR;#80VLPJCCC,Fantas🌖;Magic🎩;ELV|REI DO FUT;Bielz;yichy <3;Tilo,OTIS,0,0.0%,brawlBall,Pinball Dreams,22/06/2026 22:45:07,#9Q22C88V8,Bielz,CB,CRECHE BRAWL,tournament
None_Pinball Dreams_#PU20LUCQG_#2QCCC29QV_#RVL0RPR9_#9Q22C88V8_#2LVGCJ2UQR_#80VLPJCCC_MEEPLE_KENJI_WILLOW_OTIS_BERRY_EMZ,SA,#PU20LUCQG;#2QCCC29QV;#RVL0RPR9;#9Q22C88V8;#2LVGCJ2UQR;#80VLPJCCC,Fantas🌖;Magic🎩;ELV|REI DO FUT;Bielz;yichy <3;Tilo,BERRY,0,0.0%,brawlBall,Pinball Dreams,22/06/2026 22:45:07,#2LVGCJ2UQR,yichy <3,CB,CRECHE BRAWL,tournament
None_Pinball Dreams_#PU20LUCQG_#2QCCC29QV_#RVL0RPR9_#9Q22C88V8_#2LVGCJ2UQR_#80VLPJCCC_MEEPLE_KENJI_WILLOW_OTIS_BERRY_EMZ,SA,#PU20LUCQG;#2QCCC29QV;#RVL0RPR9;#9Q22C88V8;#2LVGCJ2UQR;#80VLPJCCC,Fantas🌖;Magic🎩;ELV|REI DO FUT;Bielz;yichy <3;Tilo,EMZ,0,0.0%,brawlBall,Pinball Dreams,22/06/2026 22:45:07,#80VLPJCCC,Tilo,CB,CRECHE BRAWL,tournament
None_Goldarm Gulch_#PU20LUCQG_#RVL0RPR9_#2QCCC29QV_#9Q22C88V8_#2LVGCJ2UQR_#80VLPJCCC_PIERCE_DAMIAN_JAE-YONG_GENE_RUFFS_ANGELO,SA,#PU20LUCQG;#RVL0RPR9;#2QCCC29QV;#9Q22C88V8;#2LVGCJ2UQR;#80VLPJCCC,Fantas🌖;ELV|REI DO FUT;Magic🎩;Bielz;yichy <3;Tilo,PIERCE,1,100.0%,knockout,Goldarm Gulch,22/06/2026 22:45:07,#PU20LUCQG,Fantas🌖,ENO,ENOSIS,tournament
None_Goldarm Gulch_#PU20LUCQG_#RVL0RPR9_#2QCCC29QV_#9Q22C88V8_#2LVGCJ2UQR_#80VLPJCCC_PIERCE_DAMIAN_JAE-YONG_GENE_RUFFS_ANGELO,SA,#PU20LUCQG;#RVL0RPR9;#2QCCC29QV;#9Q22C88V8;#2LVGCJ2UQR;#80VLPJCCC,Fantas🌖;ELV|REI DO FUT;Magic🎩;Bielz;yichy <3;Tilo,DAMIAN,1,100.0%,knockout,Goldarm Gulch,22/06/2026 22:45:07,#RVL0RPR9,ELV|REI DO FUT,ENO,ENOSIS,tournament
None_Goldarm Gulch_#PU20LUCQG_#RVL0RPR9_#2QCCC29QV_#9Q22C88V8_#2LVGCJ2UQR_#80VLPJCCC_PIERCE_DAMIAN_JAE-YONG_GENE_RUFFS_ANGELO,SA,#PU20LUCQG;#RVL0RPR9;#2QCCC29QV;#9Q22C88V8;#2LVGCJ2UQR;#80VLPJCCC,Fantas🌖;ELV|REI DO FUT;Magic🎩;Bielz;yichy <3;Tilo,JAE-YONG,1,100.0%,knockout,Goldarm Gulch,22/06/2026 22:45:07,#2QCCC29QV,Magic🎩,ENO,ENOSIS,tournament
None_Goldarm Gulch_#PU20LUCQG_#RVL0RPR9_#2QCCC29QV_#9Q22C88V8_#2LVGCJ2UQR_#80VLPJCCC_PIERCE_DAMIAN_JAE-YONG_GENE_RUFFS_ANGELO,SA,#PU20LUCQG;#RVL0RPR9;#2QCCC29QV;#9Q22C88V8;#2LVGCJ2UQR;#80VLPJCCC,Fantas🌖;ELV|REI DO FUT;Magic🎩;Bielz;yichy <3;Tilo,GENE,0,0.0%,knockout,Goldarm Gulch,22/06/2026 22:45:07,#9Q22C88V8,Bielz,CB,CRECHE BRAWL,tournament
None_Goldarm Gulch_#PU20LUCQG_#RVL0RPR9_#2QCCC29QV_#9Q22C88V8_#2LVGCJ2UQR_#80VLPJCCC_PIERCE_DAMIAN_JAE-YONG_GENE_RUFFS_ANGELO,SA,#PU20LUCQG;#RVL0RPR9;#2QCCC29QV;#9Q22C88V8;#2LVGCJ2UQR;#80VLPJCCC,Fantas🌖;ELV|REI DO FUT;Magic🎩;Bielz;yichy <3;Tilo,RUFFS,0,0.0%,knockout,Goldarm Gulch,22/06/2026 22:45:07,#2LVGCJ2UQR,yichy <3,CB,CRECHE BRAWL,tournament
None_Goldarm Gulch_#PU20LUCQG_#RVL0RPR9_#2QCCC29QV_#9Q22C88V8_#2LVGCJ2UQR_#80VLPJCCC_PIERCE_DAMIAN_JAE-YONG_GENE_RUFFS_ANGELO,SA,#PU20LUCQG;#RVL0RPR9;#2QCCC29QV;#9Q22C88V8;#2LVGCJ2UQR;#80VLPJCCC,Fantas🌖;ELV|REI DO FUT;Magic🎩;Bielz;yichy <3;Tilo,ANGELO,0,0.0%,knockout,Goldarm Gulch,22/06/2026 22:45:07,#80VLPJCCC,Tilo,CB,CRECHE BRAWL,tournament
None_Pinhole Punt_#22PGQU98R_#2CJ0RCJ_#GJPVYUQG_#C9LR9UJV_#YQVPY0J9_#GLQG9CU20_LEON_POCO_EMZ_CROW_RUFFS_CARL,SA,#22PGQU98R;#2CJ0RCJ;#GJPVYUQG;#C9LR9UJV;#YQVPY0J9;#GLQG9CU20,BC*|Todd;B4st;Deykonn;@JoakingBS;Aloha Levi?;xJnn,LEON,1,100.0%,brawlBall,Pinhole Punt,22/06/2026 22:45:07,#22PGQU98R,BC*|Todd,BLD,BLD F/A,friendly
None_Pinhole Punt_#22PGQU98R_#2CJ0RCJ_#GJPVYUQG_#C9LR9UJV_#YQVPY0J9_#GLQG9CU20_LEON_POCO_EMZ_CROW_RUFFS_CARL,SA,#22PGQU98R;#2CJ0RCJ;#GJPVYUQG;#C9LR9UJV;#YQVPY0J9;#GLQG9CU20,BC*|Todd;B4st;Deykonn;@JoakingBS;Aloha Levi?;xJnn,POCO,1,100.0%,brawlBall,Pinhole Punt,22/06/2026 22:45:07,#2CJ0RCJ,B4st,BLD,BLD F/A,friendly
None_Pinhole Punt_#22PGQU98R_#2CJ0RCJ_#GJPVYUQG_#C9LR9UJV_#YQVPY0J9_#GLQG9CU20_LEON_POCO_EMZ_CROW_RUFFS_CARL,SA,#22PGQU98R;#2CJ0RCJ;#GJPVYUQG;#C9LR9UJV;#YQVPY0J9;#GLQG9CU20,BC*|Todd;B4st;Deykonn;@JoakingBS;Aloha Levi?;xJnn,EMZ,1,100.0%,brawlBall,Pinhole Punt,22/06/2026 22:45:07,#GJPVYUQG,Deykonn,BLD,BLD F/A,friendly
None_Pinhole Punt_#22PGQU98R_#2CJ0RCJ_#GJPVYUQG_#C9LR9UJV_#YQVPY0J9_#GLQG9CU20_LEON_POCO_EMZ_CROW_RUFFS_CARL,SA,#22PGQU98R;#2CJ0RCJ;#GJPVYUQG;#C9LR9UJV;#YQVPY0J9;#GLQG9CU20,BC*|Todd;B4st;Deykonn;@JoakingBS;Aloha Levi?;xJnn,CROW,0,0.0%,brawlBall,Pinhole Punt,22/06/2026 22:45:07,#C9LR9UJV,@JoakingBS,OPONENTE_T1,DESCONHECIDO T1,friendly
None_Pinhole Punt_#22PGQU98R_#2CJ0RCJ_#GJPVYUQG_#C9LR9UJV_#YQVPY0J9_#GLQG9CU20_LEON_POCO_EMZ_CROW_RUFFS_CARL,SA,#22PGQU98R;#2CJ0RCJ;#GJPVYUQG;#C9LR9UJV;#YQVPY0J9;#GLQG9CU20,BC*|Todd;B4st;Deykonn;@JoakingBS;Aloha Levi?;xJnn,RUFFS,0,0.0%,brawlBall,Pinhole Punt,22/06/2026 22:45:07,#YQVPY0J9,Aloha Levi?,OPONENTE_T1,DESCONHECIDO T1,friendly
None_Pinhole Punt_#22PGQU98R_#2CJ0RCJ_#GJPVYUQG_#C9LR9UJV_#YQVPY0J9_#GLQG9CU20_LEON_POCO_EMZ_CROW_RUFFS_CARL,SA,#22PGQU98R;#2CJ0RCJ;#GJPVYUQG;#C9LR9UJV;#YQVPY0J9;#GLQG9CU20,BC*|Todd;B4st;Deykonn;@JoakingBS;Aloha Levi?;xJnn,CARL,0,0.0%,brawlBall,Pinhole Punt,22/06/2026 22:45:07,#GLQG9CU20,xJnn,OPONENTE_T1,DESCONHECIDO T1,friendly
None_Pinhole Punt_#22PGQU98R_#2CJ0RCJ_#GJPVYUQG_#VQ8YP9C0_#YQVPY0J9_#GLQG9CU20_CARL_LEON_AMBER_BIBI_CHESTER_RUFFS,SA,#22PGQU98R;#2CJ0RCJ;#GJPVYUQG;#VQ8YP9C0;#YQVPY0J9;#GLQG9CU20,BC*|Todd;B4st;Deykonn;LVL|JoeFav;Aloha Levi?;xJnn,CARL,0,0.0%,brawlBall,Pinhole Punt,22/06/2026 22:45:07,#22PGQU98R,BC*|Todd,BLD,BLD F/A,friendly
None_Pinhole Punt_#22PGQU98R_#2CJ0RCJ_#GJPVYUQG_#VQ8YP9C0_#YQVPY0J9_#GLQG9CU20_CARL_LEON_AMBER_BIBI_CHESTER_RUFFS,SA,#22PGQU98R;#2CJ0RCJ;#GJPVYUQG;#VQ8YP9C0;#YQVPY0J9;#GLQG9CU20,BC*|Todd;B4st;Deykonn;LVL|JoeFav;Aloha Levi?;xJnn,LEON,0,0.0%,brawlBall,Pinhole Punt,22/06/2026 22:45:07,#2CJ0RCJ,B4st,BLD,BLD F/A,friendly
None_Pinhole Punt_#22PGQU98R_#2CJ0RCJ_#GJPVYUQG_#VQ8YP9C0_#YQVPY0J9_#GLQG9CU20_CARL_LEON_AMBER_BIBI_CHESTER_RUFFS,SA,#22PGQU98R;#2CJ0RCJ;#GJPVYUQG;#VQ8YP9C0;#YQVPY0J9;#GLQG9CU20,BC*|Todd;B4st;Deykonn;LVL|JoeFav;Aloha Levi?;xJnn,AMBER,0,0.0%,brawlBall,Pinhole Punt,22/06/2026 22:45:07,#GJPVYUQG,Deykonn,BLD,BLD F/A,friendly
None_Pinhole Punt_#22PGQU98R_#2CJ0RCJ_#GJPVYUQG_#VQ8YP9C0_#YQVPY0J9_#GLQG9CU20_CARL_LEON_AMBER_BIBI_CHESTER_RUFFS,SA,#22PGQU98R;#2CJ0RCJ;#GJPVYUQG;#VQ8YP9C0;#YQVPY0J9;#GLQG9CU20,BC*|Todd;B4st;Deykonn;LVL|JoeFav;Aloha Levi?;xJnn,BIBI,1,100.0%,brawlBall,Pinhole Punt,22/06/2026 22:45:07,#VQ8YP9C0,LVL|JoeFav,OPONENTE_T1,DESCONHECIDO T1,friendly
None_Pinhole Punt_#22PGQU98R_#2CJ0RCJ_#GJPVYUQG_#VQ8YP9C0_#YQVPY0J9_#GLQG9CU20_CARL_LEON_AMBER_BIBI_CHESTER_RUFFS,SA,#22PGQU98R;#2CJ0RCJ;#GJPVYUQG;#VQ8YP9C0;#YQVPY0J9;#GLQG9CU20,BC*|Todd;B4st;Deykonn;LVL|JoeFav;Aloha Levi?;xJnn,CHESTER,1,100.0%,brawlBall,Pinhole Punt,22/06/2026 22:45:07,#YQVPY0J9,Aloha Levi?,OPONENTE_T1,DESCONHECIDO T1,friendly
None_Pinhole Punt_#22PGQU98R_#2CJ0RCJ_#GJPVYUQG_#VQ8YP9C0_#YQVPY0J9_#GLQG9CU20_CARL_LEON_AMBER_BIBI_CHESTER_RUFFS,SA,#22PGQU98R;#2CJ0RCJ;#GJPVYUQG;#VQ8YP9C0;#YQVPY0J9;#GLQG9CU20,BC*|Todd;B4st;Deykonn;LVL|JoeFav;Aloha Levi?;xJnn,RUFFS,1,100.0%,brawlBall,Pinhole Punt,22/06/2026 22:45:07,#GLQG9CU20,xJnn,OPONENTE_T1,DESCONHECIDO T1,friendly
None_Open Business_#22PGQU98R_#GJPVYUQG_#2CJ0RCJ_#VQ8YP9C0_#YQVPY0J9_#GLQG9CU20_FINX_SIRIUS_EDGAR_KENJI_EMZ_PIERCE,SA,#22PGQU98R;#GJPVYUQG;#2CJ0RCJ;#VQ8YP9C0;#YQVPY0J9;#GLQG9CU20,BC*|Todd;Deykonn;B4st;LVL|JoeFav;Aloha Levi?;xJnn,FINX,1,100.0%,hotZone,Open Business,22/06/2026 22:45:07,#22PGQU98R,BC*|Todd,BLD,BLD F/A,friendly
None_Open Business_#22PGQU98R_#GJPVYUQG_#2CJ0RCJ_#VQ8YP9C0_#YQVPY0J9_#GLQG9CU20_FINX_SIRIUS_EDGAR_KENJI_EMZ_PIERCE,SA,#22PGQU98R;#GJPVYUQG;#2CJ0RCJ;#VQ8YP9C0;#YQVPY0J9;#GLQG9CU20,BC*|Todd;Deykonn;B4st;LVL|JoeFav;Aloha Levi?;xJnn,SIRIUS,1,100.0%,hotZone,Open Business,22/06/2026 22:45:07,#GJPVYUQG,Deykonn,BLD,BLD F/A,friendly
None_Open Business_#22PGQU98R_#GJPVYUQG_#2CJ0RCJ_#VQ8YP9C0_#YQVPY0J9_#GLQG9CU20_FINX_SIRIUS_EDGAR_KENJI_EMZ_PIERCE,SA,#22PGQU98R;#GJPVYUQG;#2CJ0RCJ;#VQ8YP9C0;#YQVPY0J9;#GLQG9CU20,BC*|Todd;Deykonn;B4st;LVL|JoeFav;Aloha Levi?;xJnn,EDGAR,1,100.0%,hotZone,Open Business,22/06/2026 22:45:07,#2CJ0RCJ,B4st,BLD,BLD F/A,friendly
None_Open Business_#22PGQU98R_#GJPVYUQG_#2CJ0RCJ_#VQ8YP9C0_#YQVPY0J9_#GLQG9CU20_FINX_SIRIUS_EDGAR_KENJI_EMZ_PIERCE,SA,#22PGQU98R;#GJPVYUQG;#2CJ0RCJ;#VQ8YP9C0;#YQVPY0J9;#GLQG9CU20,BC*|Todd;Deykonn;B4st;LVL|JoeFav;Aloha Levi?;xJnn,KENJI,0,0.0%,hotZone,Open Business,22/06/2026 22:45:07,#VQ8YP9C0,LVL|JoeFav,OPONENTE_T1,DESCONHECIDO T1,friendly
None_Open Business_#22PGQU98R_#GJPVYUQG_#2CJ0RCJ_#VQ8YP9C0_#YQVPY0J9_#GLQG9CU20_FINX_SIRIUS_EDGAR_KENJI_EMZ_PIERCE,SA,#22PGQU98R;#GJPVYUQG;#2CJ0RCJ;#VQ8YP9C0;#YQVPY0J9;#GLQG9CU20,BC*|Todd;Deykonn;B4st;LVL|JoeFav;Aloha Levi?;xJnn,EMZ,0,0.0%,hotZone,Open Business,22/06/2026 22:45:07,#YQVPY0J9,Aloha Levi?,OPONENTE_T1,DESCONHECIDO T1,friendly
None_Open Business_#22PGQU98R_#GJPVYUQG_#2CJ0RCJ_#VQ8YP9C0_#YQVPY0J9_#GLQG9CU20_FINX_SIRIUS_EDGAR_KENJI_EMZ_PIERCE,SA,#22PGQU98R;#GJPVYUQG;#2CJ0RCJ;#VQ8YP9C0;#YQVPY0J9;#GLQG9CU20,BC*|Todd;Deykonn;B4st;LVL|JoeFav;Aloha Levi?;xJnn,PIERCE,0,0.0%,hotZone,Open Business,22/06/2026 22:45:07,#GLQG9CU20,xJnn,OPONENTE_T1,DESCONHECIDO T1,friendly
None_Open Business_#22PGQU98R_#2CJ0RCJ_#GJPVYUQG_#YG8URPRL_#YQVPY0J9_#GLQG9CU20_LUMI_LEON_KENJI_MORTIS_RUFFS_PIERCE,SA,#22PGQU98R;#2CJ0RCJ;#GJPVYUQG;#YG8URPRL;#YQVPY0J9;#GLQG9CU20,BC*|Todd;B4st;Deykonn;PAPA FAV;Aloha Levi?;xJnn,LUMI,1,100.0%,hotZone,Open Business,22/06/2026 22:45:07,#22PGQU98R,BC*|Todd,BLD,BLD F/A,friendly
None_Open Business_#22PGQU98R_#2CJ0RCJ_#GJPVYUQG_#YG8URPRL_#YQVPY0J9_#GLQG9CU20_LUMI_LEON_KENJI_MORTIS_RUFFS_PIERCE,SA,#22PGQU98R;#2CJ0RCJ;#GJPVYUQG;#YG8URPRL;#YQVPY0J9;#GLQG9CU20,BC*|Todd;B4st;Deykonn;PAPA FAV;Aloha Levi?;xJnn,LEON,1,100.0%,hotZone,Open Business,22/06/2026 22:45:07,#2CJ0RCJ,B4st,BLD,BLD F/A,friendly
None_Open Business_#22PGQU98R_#2CJ0RCJ_#GJPVYUQG_#YG8URPRL_#YQVPY0J9_#GLQG9CU20_LUMI_LEON_KENJI_MORTIS_RUFFS_PIERCE,SA,#22PGQU98R;#2CJ0RCJ;#GJPVYUQG;#YG8URPRL;#YQVPY0J9;#GLQG9CU20,BC*|Todd;B4st;Deykonn;PAPA FAV;Aloha Levi?;xJnn,KENJI,1,100.0%,hotZone,Open Business,22/06/2026 22:45:07,#GJPVYUQG,Deykonn,BLD,BLD F/A,friendly
None_Open Business_#22PGQU98R_#2CJ0RCJ_#GJPVYUQG_#YG8URPRL_#YQVPY0J9_#GLQG9CU20_LUMI_LEON_KENJI_MORTIS_RUFFS_PIERCE,SA,#22PGQU98R;#2CJ0RCJ;#GJPVYUQG;#YG8URPRL;#YQVPY0J9;#GLQG9CU20,BC*|Todd;B4st;Deykonn;PAPA FAV;Aloha Levi?;xJnn,MORTIS,0,0.0%,hotZone,Open Business,22/06/2026 22:45:07,#YG8URPRL,PAPA FAV,OPONENTE_T1,DESCONHECIDO T1,friendly
None_Open Business_#22PGQU98R_#2CJ0RCJ_#GJPVYUQG_#YG8URPRL_#YQVPY0J9_#GLQG9CU20_LUMI_LEON_KENJI_MORTIS_RUFFS_PIERCE,SA,#22PGQU98R;#2CJ0RCJ;#GJPVYUQG;#YG8URPRL;#YQVPY0J9;#GLQG9CU20,BC*|Todd;B4st;Deykonn;PAPA FAV;Aloha Levi?;xJnn,RUFFS,0,0.0%,hotZone,Open Business,22/06/2026 22:45:07,#YQVPY0J9,Aloha Levi?,OPONENTE_T1,DESCONHECIDO T1,friendly
None_Open Business_#22PGQU98R_#2CJ0RCJ_#GJPVYUQG_#YG8URPRL_#YQVPY0J9_#GLQG9CU20_LUMI_LEON_KENJI_MORTIS_RUFFS_PIERCE,SA,#22PGQU98R;#2CJ0RCJ;#GJPVYUQG;#YG8URPRL;#YQVPY0J9;#GLQG9CU20,BC*|Todd;B4st;Deykonn;PAPA FAV;Aloha Levi?;xJnn,PIERCE,0,0.0%,hotZone,Open Business,22/06/2026 22:45:07,#GLQG9CU20,xJnn,OPONENTE_T1,DESCONHECIDO T1,friendly
None_Pinball Dreams_#2P8RVJVUY_#28P9CGYP_#228LCRC9P_#PLRG8YR9J_#JQPL2VV8_#2V0QLRUQC_PIERCE_STU_GRIFF_NAJIA_CHESTER_CHARLIE,SA,#2P8RVJVUY;#28P9CGYP;#228LCRC9P;#PLRG8YR9J;#JQPL2VV8;#2V0QLRUQC,OCX|BateNaMãe67;OCX|Crow32;Predi;東京でのワールドカップ;Rasiel Nexus;Seraphim,PIERCE,0,0.0%,brawlBall,Pinball Dreams,22/06/2026 22:45:07,#2P8RVJVUY,OCX|BateNaMãe67,FCS,FCS F/A,friendly
None_Pinball Dreams_#2P8RVJVUY_#28P9CGYP_#228LCRC9P_#PLRG8YR9J_#JQPL2VV8_#2V0QLRUQC_PIERCE_STU_GRIFF_NAJIA_CHESTER_CHARLIE,SA,#2P8RVJVUY;#28P9CGYP;#228LCRC9P;#PLRG8YR9J;#JQPL2VV8;#2V0QLRUQC,OCX|BateNaMãe67;OCX|Crow32;Predi;東京でのワールドカップ;Rasiel Nexus;Seraphim,STU,0,0.0%,brawlBall,Pinball Dreams,22/06/2026 22:45:07,#28P9CGYP,OCX|Crow32,FCS,FCS F/A,friendly
None_Pinball Dreams_#2P8RVJVUY_#28P9CGYP_#228LCRC9P_#PLRG8YR9J_#JQPL2VV8_#2V0QLRUQC_PIERCE_STU_GRIFF_NAJIA_CHESTER_CHARLIE,SA,#2P8RVJVUY;#28P9CGYP;#228LCRC9P;#PLRG8YR9J;#JQPL2VV8;#2V0QLRUQC,OCX|BateNaMãe67;OCX|Crow32;Predi;東京でのワールドカップ;Rasiel Nexus;Seraphim,GRIFF,0,0.0%,brawlBall,Pinball Dreams,22/06/2026 22:45:07,#228LCRC9P,Predi,FCS,FCS F/A,friendly
None_Pinball Dreams_#2P8RVJVUY_#28P9CGYP_#228LCRC9P_#PLRG8YR9J_#JQPL2VV8_#2V0QLRUQC_PIERCE_STU_GRIFF_NAJIA_CHESTER_CHARLIE,SA,#2P8RVJVUY;#28P9CGYP;#228LCRC9P;#PLRG8YR9J;#JQPL2VV8;#2V0QLRUQC,OCX|BateNaMãe67;OCX|Crow32;Predi;東京でのワールドカップ;Rasiel Nexus;Seraphim,NAJIA,1,100.0%,brawlBall,Pinball Dreams,22/06/2026 22:45:07,#PLRG8YR9J,東京でのワールドカップ,OPONENTE_T1,DESCONHECIDO T1,friendly
None_Pinball Dreams_#2P8RVJVUY_#28P9CGYP_#228LCRC9P_#PLRG8YR9J_#JQPL2VV8_#2V0QLRUQC_PIERCE_STU_GRIFF_NAJIA_CHESTER_CHARLIE,SA,#2P8RVJVUY;#28P9CGYP;#228LCRC9P;#PLRG8YR9J;#JQPL2VV8;#2V0QLRUQC,OCX|BateNaMãe67;OCX|Crow32;Predi;東京でのワールドカップ;Rasiel Nexus;Seraphim,CHESTER,1,100.0%,brawlBall,Pinball Dreams,22/06/2026 22:45:07,#JQPL2VV8,Rasiel Nexus,OPONENTE_T1,DESCONHECIDO T1,friendly
None_Pinball Dreams_#2P8RVJVUY_#28P9CGYP_#228LCRC9P_#PLRG8YR9J_#JQPL2VV8_#2V0QLRUQC_PIERCE_STU_GRIFF_NAJIA_CHESTER_CHARLIE,SA,#2P8RVJVUY;#28P9CGYP;#228LCRC9P;#PLRG8YR9J;#JQPL2VV8;#2V0QLRUQC,OCX|BateNaMãe67;OCX|Crow32;Predi;東京でのワールドカップ;Rasiel Nexus;Seraphim,CHARLIE,1,100.0%,brawlBall,Pinball Dreams,22/06/2026 22:45:07,#2V0QLRUQC,Seraphim,OPONENTE_T1,DESCONHECIDO T1,friendly
None_Pinball Dreams_#2P8RVJVUY_#28P9CGYP_#228LCRC9P_#PLRG8YR9J_#JQPL2VV8_#2V0QLRUQC_TARA_EDGAR_PIERCE_ALLI_STU_CHESTER,SA,#2P8RVJVUY;#28P9CGYP;#228LCRC9P;#PLRG8YR9J;#JQPL2VV8;#2V0QLRUQC,OCX|BateNaMãe67;OCX|Crow32;Predi;東京でのワールドカップ;Rasiel Nexus;Seraphim,TARA,0,0.0%,brawlBall,Pinball Dreams,22/06/2026 22:45:07,#2P8RVJVUY,OCX|BateNaMãe67,FCS,FCS F/A,friendly
None_Pinball Dreams_#2P8RVJVUY_#28P9CGYP_#228LCRC9P_#PLRG8YR9J_#JQPL2VV8_#2V0QLRUQC_TARA_EDGAR_PIERCE_ALLI_STU_CHESTER,SA,#2P8RVJVUY;#28P9CGYP;#228LCRC9P;#PLRG8YR9J;#JQPL2VV8;#2V0QLRUQC,OCX|BateNaMãe67;OCX|Crow32;Predi;東京でのワールドカップ;Rasiel Nexus;Seraphim,EDGAR,0,0.0%,brawlBall,Pinball Dreams,22/06/2026 22:45:07,#28P9CGYP,OCX|Crow32,FCS,FCS F/A,friendly
None_Pinball Dreams_#2P8RVJVUY_#28P9CGYP_#228LCRC9P_#PLRG8YR9J_#JQPL2VV8_#2V0QLRUQC_TARA_EDGAR_PIERCE_ALLI_STU_CHESTER,SA,#2P8RVJVUY;#28P9CGYP;#228LCRC9P;#PLRG8YR9J;#JQPL2VV8;#2V0QLRUQC,OCX|BateNaMãe67;OCX|Crow32;Predi;東京でのワールドカップ;Rasiel Nexus;Seraphim,PIERCE,0,0.0%,brawlBall,Pinball Dreams,22/06/2026 22:45:07,#228LCRC9P,Predi,FCS,FCS F/A,friendly
None_Pinball Dreams_#2P8RVJVUY_#28P9CGYP_#228LCRC9P_#PLRG8YR9J_#JQPL2VV8_#2V0QLRUQC_TARA_EDGAR_PIERCE_ALLI_STU_CHESTER,SA,#2P8RVJVUY;#28P9CGYP;#228LCRC9P;#PLRG8YR9J;#JQPL2VV8;#2V0QLRUQC,OCX|BateNaMãe67;OCX|Crow32;Predi;東京でのワールドカップ;Rasiel Nexus;Seraphim,ALLI,1,100.0%,brawlBall,Pinball Dreams,22/06/2026 22:45:07,#PLRG8YR9J,東京でのワールドカップ,OPONENTE_T1,DESCONHECIDO T1,friendly
None_Pinball Dreams_#2P8RVJVUY_#28P9CGYP_#228LCRC9P_#PLRG8YR9J_#JQPL2VV8_#2V0QLRUQC_TARA_EDGAR_PIERCE_ALLI_STU_CHESTER,SA,#2P8RVJVUY;#28P9CGYP;#228LCRC9P;#PLRG8YR9J;#JQPL2VV8;#2V0QLRUQC,OCX|BateNaMãe67;OCX|Crow32;Predi;東京でのワールドカップ;Rasiel Nexus;Seraphim,STU,1,100.0%,brawlBall,Pinball Dreams,22/06/2026 22:45:07,#JQPL2VV8,Rasiel Nexus,OPONENTE_T1,DESCONHECIDO T1,friendly
None_Pinball Dreams_#2P8RVJVUY_#28P9CGYP_#228LCRC9P_#PLRG8YR9J_#JQPL2VV8_#2V0QLRUQC_TARA_EDGAR_PIERCE_ALLI_STU_CHESTER,SA,#2P8RVJVUY;#28P9CGYP;#228LCRC9P;#PLRG8YR9J;#JQPL2VV8;#2V0QLRUQC,OCX|BateNaMãe67;OCX|Crow32;Predi;東京でのワールドカップ;Rasiel Nexus;Seraphim,CHESTER,1,100.0%,brawlBall,Pinball Dreams,22/06/2026 22:45:07,#2V0QLRUQC,Seraphim,OPONENTE_T1,DESCONHECIDO T1,friendly
None_Pinball Dreams_#2P8RVJVUY_#28P9CGYP_#228LCRC9P_#PLRG8YR9J_#JQPL2VV8_#2V0QLRUQC_EDGAR_STU_OTIS_EMZ_CROW_SHADE,SA,#2P8RVJVUY;#28P9CGYP;#228LCRC9P;#PLRG8YR9J;#JQPL2VV8;#2V0QLRUQC,OCX|BateNaMãe67;OCX|Crow32;Predi;東京でのワールドカップ;Rasiel Nexus;Seraphim,EDGAR,1,100.0%,brawlBall,Pinball Dreams,22/06/2026 22:45:07,#2P8RVJVUY,OCX|BateNaMãe67,FCS,FCS F/A,friendly
None_Pinball Dreams_#2P8RVJVUY_#28P9CGYP_#228LCRC9P_#PLRG8YR9J_#JQPL2VV8_#2V0QLRUQC_EDGAR_STU_OTIS_EMZ_CROW_SHADE,SA,#2P8RVJVUY;#28P9CGYP;#228LCRC9P;#PLRG8YR9J;#JQPL2VV8;#2V0QLRUQC,OCX|BateNaMãe67;OCX|Crow32;Predi;東京でのワールドカップ;Rasiel Nexus;Seraphim,STU,1,100.0%,brawlBall,Pinball Dreams,22/06/2026 22:45:07,#28P9CGYP,OCX|Crow32,FCS,FCS F/A,friendly
None_Pinball Dreams_#2P8RVJVUY_#28P9CGYP_#228LCRC9P_#PLRG8YR9J_#JQPL2VV8_#2V0QLRUQC_EDGAR_STU_OTIS_EMZ_CROW_SHADE,SA,#2P8RVJVUY;#28P9CGYP;#228LCRC9P;#PLRG8YR9J;#JQPL2VV8;#2V0QLRUQC,OCX|BateNaMãe67;OCX|Crow32;Predi;東京でのワールドカップ;Rasiel Nexus;Seraphim,OTIS,1,100.0%,brawlBall,Pinball Dreams,22/06/2026 22:45:07,#228LCRC9P,Predi,FCS,FCS F/A,friendly
None_Pinball Dreams_#2P8RVJVUY_#28P9CGYP_#228LCRC9P_#PLRG8YR9J_#JQPL2VV8_#2V0QLRUQC_EDGAR_STU_OTIS_EMZ_CROW_SHADE,SA,#2P8RVJVUY;#28P9CGYP;#228LCRC9P;#PLRG8YR9J;#JQPL2VV8;#2V0QLRUQC,OCX|BateNaMãe67;OCX|Crow32;Predi;東京でのワールドカップ;Rasiel Nexus;Seraphim,EMZ,0,0.0%,brawlBall,Pinball Dreams,22/06/2026 22:45:07,#PLRG8YR9J,東京でのワールドカップ,OPONENTE_T1,DESCONHECIDO T1,friendly
None_Pinball Dreams_#2P8RVJVUY_#28P9CGYP_#228LCRC9P_#PLRG8YR9J_#JQPL2VV8_#2V0QLRUQC_EDGAR_STU_OTIS_EMZ_CROW_SHADE,SA,#2P8RVJVUY;#28P9CGYP;#228LCRC9P;#PLRG8YR9J;#JQPL2VV8;#2V0QLRUQC,OCX|BateNaMãe67;OCX|Crow32;Predi;東京でのワールドカップ;Rasiel Nexus;Seraphim,CROW,0,0.0%,brawlBall,Pinball Dreams,22/06/2026 22:45:07,#JQPL2VV8,Rasiel Nexus,OPONENTE_T1,DESCONHECIDO T1,friendly
None_Pinball Dreams_#2P8RVJVUY_#28P9CGYP_#228LCRC9P_#PLRG8YR9J_#JQPL2VV8_#2V0QLRUQC_EDGAR_STU_OTIS_EMZ_CROW_SHADE,SA,#2P8RVJVUY;#28P9CGYP;#228LCRC9P;#PLRG8YR9J;#JQPL2VV8;#2V0QLRUQC,OCX|BateNaMãe67;OCX|Crow32;Predi;東京でのワールドカップ;Rasiel Nexus;Seraphim,SHADE,0,0.0%,brawlBall,Pinball Dreams,22/06/2026 22:45:07,#2V0QLRUQC,Seraphim,OPONENTE_T1,DESCONHECIDO T1,friendly
None_Ring of Fire_#PLRG8YR9J_#2V0QLRUQC_#JQPL2VV8_#2P8RVJVUY_#28P9CGYP_#228LCRC9P_BUSTER_MINA_GLOWY_DRACO_MORTIS_FINX,SA,#PLRG8YR9J;#2V0QLRUQC;#JQPL2VV8;#2P8RVJVUY;#28P9CGYP;#228LCRC9P,東京でのワールドカップ;Seraphim;Rasiel Nexus;OCX|BateNaMãe67;OCX|Crow32;Predi,BUSTER,1,100.0%,hotZone,Ring of Fire,22/06/2026 22:45:07,#PLRG8YR9J,東京でのワールドカップ,OPONENTE_T0,DESCONHECIDO T0,friendly
None_Ring of Fire_#PLRG8YR9J_#2V0QLRUQC_#JQPL2VV8_#2P8RVJVUY_#28P9CGYP_#228LCRC9P_BUSTER_MINA_GLOWY_DRACO_MORTIS_FINX,SA,#PLRG8YR9J;#2V0QLRUQC;#JQPL2VV8;#2P8RVJVUY;#28P9CGYP;#228LCRC9P,東京でのワールドカップ;Seraphim;Rasiel Nexus;OCX|BateNaMãe67;OCX|Crow32;Predi,MINA,1,100.0%,hotZone,Ring of Fire,22/06/2026 22:45:07,#2V0QLRUQC,Seraphim,OPONENTE_T0,DESCONHECIDO T0,friendly
None_Ring of Fire_#PLRG8YR9J_#2V0QLRUQC_#JQPL2VV8_#2P8RVJVUY_#28P9CGYP_#228LCRC9P_BUSTER_MINA_GLOWY_DRACO_MORTIS_FINX,SA,#PLRG8YR9J;#2V0QLRUQC;#JQPL2VV8;#2P8RVJVUY;#28P9CGYP;#228LCRC9P,東京でのワールドカップ;Seraphim;Rasiel Nexus;OCX|BateNaMãe67;OCX|Crow32;Predi,GLOWY,1,100.0%,hotZone,Ring of Fire,22/06/2026 22:45:07,#JQPL2VV8,Rasiel Nexus,OPONENTE_T0,DESCONHECIDO T0,friendly
None_Ring of Fire_#PLRG8YR9J_#2V0QLRUQC_#JQPL2VV8_#2P8RVJVUY_#28P9CGYP_#228LCRC9P_BUSTER_MINA_GLOWY_DRACO_MORTIS_FINX,SA,#PLRG8YR9J;#2V0QLRUQC;#JQPL2VV8;#2P8RVJVUY;#28P9CGYP;#228LCRC9P,東京でのワールドカップ;Seraphim;Rasiel Nexus;OCX|BateNaMãe67;OCX|Crow32;Predi,DRACO,0,0.0%,hotZone,Ring of Fire,22/06/2026 22:45:07,#2P8RVJVUY,OCX|BateNaMãe67,FCS,FCS F/A,friendly
None_Ring of Fire_#PLRG8YR9J_#2V0QLRUQC_#JQPL2VV8_#2P8RVJVUY_#28P9CGYP_#228LCRC9P_BUSTER_MINA_GLOWY_DRACO_MORTIS_FINX,SA,#PLRG8YR9J;#2V0QLRUQC;#JQPL2VV8;#2P8RVJVUY;#28P9CGYP;#228LCRC9P,東京でのワールドカップ;Seraphim;Rasiel Nexus;OCX|BateNaMãe67;OCX|Crow32;Predi,MORTIS,0,0.0%,hotZone,Ring of Fire,22/06/2026 22:45:07,#28P9CGYP,OCX|Crow32,FCS,FCS F/A,friendly
None_Ring of Fire_#PLRG8YR9J_#2V0QLRUQC_#JQPL2VV8_#2P8RVJVUY_#28P9CGYP_#228LCRC9P_BUSTER_MINA_GLOWY_DRACO_MORTIS_FINX,SA,#PLRG8YR9J;#2V0QLRUQC;#JQPL2VV8;#2P8RVJVUY;#28P9CGYP;#228LCRC9P,東京でのワールドカップ;Seraphim;Rasiel Nexus;OCX|BateNaMãe67;OCX|Crow32;Predi,FINX,0,0.0%,hotZone,Ring of Fire,22/06/2026 22:45:07,#228LCRC9P,Predi,FCS,FCS F/A,friendly
None_Ring of Fire_#PLRG8YR9J_#2V0QLRUQC_#JQPL2VV8_#2P8RVJVUY_#28P9CGYP_#228LCRC9P_CLANCY_MINA_GLOWY_DRACO_MORTIS_FINX,SA,#PLRG8YR9J;#2V0QLRUQC;#JQPL2VV8;#2P8RVJVUY;#28P9CGYP;#228LCRC9P,東京でのワールドカップ;Seraphim;Rasiel Nexus;OCX|BateNaMãe67;OCX|Crow32;Predi,CLANCY,1,100.0%,hotZone,Ring of Fire,22/06/2026 22:45:07,#PLRG8YR9J,東京でのワールドカップ,OPONENTE_T0,DESCONHECIDO T0,friendly
None_Ring of Fire_#PLRG8YR9J_#2V0QLRUQC_#JQPL2VV8_#2P8RVJVUY_#28P9CGYP_#228LCRC9P_CLANCY_MINA_GLOWY_DRACO_MORTIS_FINX,SA,#PLRG8YR9J;#2V0QLRUQC;#JQPL2VV8;#2P8RVJVUY;#28P9CGYP;#228LCRC9P,東京でのワールドカップ;Seraphim;Rasiel Nexus;OCX|BateNaMãe67;OCX|Crow32;Predi,MINA,1,100.0%,hotZone,Ring of Fire,22/06/2026 22:45:07,#2V0QLRUQC,Seraphim,OPONENTE_T0,DESCONHECIDO T0,friendly
None_Ring of Fire_#PLRG8YR9J_#2V0QLRUQC_#JQPL2VV8_#2P8RVJVUY_#28P9CGYP_#228LCRC9P_CLANCY_MINA_GLOWY_DRACO_MORTIS_FINX,SA,#PLRG8YR9J;#2V0QLRUQC;#JQPL2VV8;#2P8RVJVUY;#28P9CGYP;#228LCRC9P,東京でのワールドカップ;Seraphim;Rasiel Nexus;OCX|BateNaMãe67;OCX|Crow32;Predi,GLOWY,1,100.0%,hotZone,Ring of Fire,22/06/2026 22:45:07,#JQPL2VV8,Rasiel Nexus,OPONENTE_T0,DESCONHECIDO T0,friendly
None_Ring of Fire_#PLRG8YR9J_#2V0QLRUQC_#JQPL2VV8_#2P8RVJVUY_#28P9CGYP_#228LCRC9P_CLANCY_MINA_GLOWY_DRACO_MORTIS_FINX,SA,#PLRG8YR9J;#2V0QLRUQC;#JQPL2VV8;#2P8RVJVUY;#28P9CGYP;#228LCRC9P,東京でのワールドカップ;Seraphim;Rasiel Nexus;OCX|BateNaMãe67;OCX|Crow32;Predi,DRACO,0,0.0%,hotZone,Ring of Fire,22/06/2026 22:45:07,#2P8RVJVUY,OCX|BateNaMãe67,FCS,FCS F/A,friendly
None_Ring of Fire_#PLRG8YR9J_#2V0QLRUQC_#JQPL2VV8_#2P8RVJVUY_#28P9CGYP_#228LCRC9P_CLANCY_MINA_GLOWY_DRACO_MORTIS_FINX,SA,#PLRG8YR9J;#2V0QLRUQC;#JQPL2VV8;#2P8RVJVUY;#28P9CGYP;#228LCRC9P,東京でのワールドカップ;Seraphim;Rasiel Nexus;OCX|BateNaMãe67;OCX|Crow32;Predi,MORTIS,0,0.0%,hotZone,Ring of Fire,22/06/2026 22:45:07,#28P9CGYP,OCX|Crow32,FCS,FCS F/A,friendly
None_Ring of Fire_#PLRG8YR9J_#2V0QLRUQC_#JQPL2VV8_#2P8RVJVUY_#28P9CGYP_#228LCRC9P_CLANCY_MINA_GLOWY_DRACO_MORTIS_FINX,SA,#PLRG8YR9J;#2V0QLRUQC;#JQPL2VV8;#2P8RVJVUY;#28P9CGYP;#228LCRC9P,東京でのワールドカップ;Seraphim;Rasiel Nexus;OCX|BateNaMãe67;OCX|Crow32;Predi,FINX,0,0.0%,hotZone,Ring of Fire,22/06/2026 22:45:07,#228LCRC9P,Predi,FCS,FCS F/A,friendly
None_Ring of Fire_#2P8RVJVUY_#228LCRC9P_#28P9CGYP_#PLRG8YR9J_#JQPL2VV8_#2V0QLRUQC_DRACO_FINX_MORTIS_MINA_GLOWY_DAMIAN,SA,#2P8RVJVUY;#228LCRC9P;#28P9CGYP;#PLRG8YR9J;#JQPL2VV8;#2V0QLRUQC,OCX|BateNaMãe67;Predi;OCX|Crow32;東京でのワールドカップ;Rasiel Nexus;Seraphim,DRACO,1,100.0%,hotZone,Ring of Fire,22/06/2026 22:45:07,#2P8RVJVUY,OCX|BateNaMãe67,FCS,FCS F/A,friendly
None_Ring of Fire_#2P8RVJVUY_#228LCRC9P_#28P9CGYP_#PLRG8YR9J_#JQPL2VV8_#2V0QLRUQC_DRACO_FINX_MORTIS_MINA_GLOWY_DAMIAN,SA,#2P8RVJVUY;#228LCRC9P;#28P9CGYP;#PLRG8YR9J;#JQPL2VV8;#2V0QLRUQC,OCX|BateNaMãe67;Predi;OCX|Crow32;東京でのワールドカップ;Rasiel Nexus;Seraphim,FINX,1,100.0%,hotZone,Ring of Fire,22/06/2026 22:45:07,#228LCRC9P,Predi,FCS,FCS F/A,friendly
None_Ring of Fire_#2P8RVJVUY_#228LCRC9P_#28P9CGYP_#PLRG8YR9J_#JQPL2VV8_#2V0QLRUQC_DRACO_FINX_MORTIS_MINA_GLOWY_DAMIAN,SA,#2P8RVJVUY;#228LCRC9P;#28P9CGYP;#PLRG8YR9J;#JQPL2VV8;#2V0QLRUQC,OCX|BateNaMãe67;Predi;OCX|Crow32;東京でのワールドカップ;Rasiel Nexus;Seraphim,MORTIS,1,100.0%,hotZone,Ring of Fire,22/06/2026 22:45:07,#28P9CGYP,OCX|Crow32,FCS,FCS F/A,friendly
None_Ring of Fire_#2P8RVJVUY_#228LCRC9P_#28P9CGYP_#PLRG8YR9J_#JQPL2VV8_#2V0QLRUQC_DRACO_FINX_MORTIS_MINA_GLOWY_DAMIAN,SA,#2P8RVJVUY;#228LCRC9P;#28P9CGYP;#PLRG8YR9J;#JQPL2VV8;#2V0QLRUQC,OCX|BateNaMãe67;Predi;OCX|Crow32;東京でのワールドカップ;Rasiel Nexus;Seraphim,MINA,0,0.0%,hotZone,Ring of Fire,22/06/2026 22:45:07,#PLRG8YR9J,東京でのワールドカップ,OPONENTE_T1,DESCONHECIDO T1,friendly
None_Ring of Fire_#2P8RVJVUY_#228LCRC9P_#28P9CGYP_#PLRG8YR9J_#JQPL2VV8_#2V0QLRUQC_DRACO_FINX_MORTIS_MINA_GLOWY_DAMIAN,SA,#2P8RVJVUY;#228LCRC9P;#28P9CGYP;#PLRG8YR9J;#JQPL2VV8;#2V0QLRUQC,OCX|BateNaMãe67;Predi;OCX|Crow32;東京でのワールドカップ;Rasiel Nexus;Seraphim,GLOWY,0,0.0%,hotZone,Ring of Fire,22/06/2026 22:45:07,#JQPL2VV8,Rasiel Nexus,OPONENTE_T1,DESCONHECIDO T1,friendly
None_Ring of Fire_#2P8RVJVUY_#228LCRC9P_#28P9CGYP_#PLRG8YR9J_#JQPL2VV8_#2V0QLRUQC_DRACO_FINX_MORTIS_MINA_GLOWY_DAMIAN,SA,#2P8RVJVUY;#228LCRC9P;#28P9CGYP;#PLRG8YR9J;#JQPL2VV8;#2V0QLRUQC,OCX|BateNaMãe67;Predi;OCX|Crow32;東京でのワールドカップ;Rasiel Nexus;Seraphim,DAMIAN,0,0.0%,hotZone,Ring of Fire,22/06/2026 22:45:07,#2V0QLRUQC,Seraphim,OPONENTE_T1,DESCONHECIDO T1,friendly
None_Ring of Fire_#2P8RVJVUY_#28P9CGYP_#228LCRC9P_#PLRG8YR9J_#2V0QLRUQC_#JQPL2VV8_DRACO_MORTIS_FINX_DAMIAN_GLOWY_MINA,SA,#2P8RVJVUY;#28P9CGYP;#228LCRC9P;#PLRG8YR9J;#2V0QLRUQC;#JQPL2VV8,OCX|BateNaMãe67;OCX|Crow32;Predi;東京でのワールドカップ;Seraphim;Rasiel Nexus,DRACO,1,100.0%,hotZone,Ring of Fire,22/06/2026 22:45:07,#2P8RVJVUY,OCX|BateNaMãe67,FCS,FCS F/A,friendly
None_Ring of Fire_#2P8RVJVUY_#28P9CGYP_#228LCRC9P_#PLRG8YR9J_#2V0QLRUQC_#JQPL2VV8_DRACO_MORTIS_FINX_DAMIAN_GLOWY_MINA,SA,#2P8RVJVUY;#28P9CGYP;#228LCRC9P;#PLRG8YR9J;#2V0QLRUQC;#JQPL2VV8,OCX|BateNaMãe67;OCX|Crow32;Predi;東京でのワールドカップ;Seraphim;Rasiel Nexus,MORTIS,1,100.0%,hotZone,Ring of Fire,22/06/2026 22:45:07,#28P9CGYP,OCX|Crow32,FCS,FCS F/A,friendly
None_Ring of Fire_#2P8RVJVUY_#28P9CGYP_#228LCRC9P_#PLRG8YR9J_#2V0QLRUQC_#JQPL2VV8_DRACO_MORTIS_FINX_DAMIAN_GLOWY_MINA,SA,#2P8RVJVUY;#28P9CGYP;#228LCRC9P;#PLRG8YR9J;#2V0QLRUQC;#JQPL2VV8,OCX|BateNaMãe67;OCX|Crow32;Predi;東京でのワールドカップ;Seraphim;Rasiel Nexus,FINX,1,100.0%,hotZone,Ring of Fire,22/06/2026 22:45:07,#228LCRC9P,Predi,FCS,FCS F/A,friendly
None_Ring of Fire_#2P8RVJVUY_#28P9CGYP_#228LCRC9P_#PLRG8YR9J_#2V0QLRUQC_#JQPL2VV8_DRACO_MORTIS_FINX_DAMIAN_GLOWY_MINA,SA,#2P8RVJVUY;#28P9CGYP;#228LCRC9P;#PLRG8YR9J;#2V0QLRUQC;#JQPL2VV8,OCX|BateNaMãe67;OCX|Crow32;Predi;東京でのワールドカップ;Seraphim;Rasiel Nexus,DAMIAN,0,0.0%,hotZone,Ring of Fire,22/06/2026 22:45:07,#PLRG8YR9J,東京でのワールドカップ,OPONENTE_T1,DESCONHECIDO T1,friendly
None_Ring of Fire_#2P8RVJVUY_#28P9CGYP_#228LCRC9P_#PLRG8YR9J_#2V0QLRUQC_#JQPL2VV8_DRACO_MORTIS_FINX_DAMIAN_GLOWY_MINA,SA,#2P8RVJVUY;#28P9CGYP;#228LCRC9P;#PLRG8YR9J;#2V0QLRUQC;#JQPL2VV8,OCX|BateNaMãe67;OCX|Crow32;Predi;東京でのワールドカップ;Seraphim;Rasiel Nexus,GLOWY,0,0.0%,hotZone,Ring of Fire,22/06/2026 22:45:07,#2V0QLRUQC,Seraphim,OPONENTE_T1,DESCONHECIDO T1,friendly
None_Ring of Fire_#2P8RVJVUY_#28P9CGYP_#228LCRC9P_#PLRG8YR9J_#2V0QLRUQC_#JQPL2VV8_DRACO_MORTIS_FINX_DAMIAN_GLOWY_MINA,SA,#2P8RVJVUY;#28P9CGYP;#228LCRC9P;#PLRG8YR9J;#2V0QLRUQC;#JQPL2VV8,OCX|BateNaMãe67;OCX|Crow32;Predi;東京でのワールドカップ;Seraphim;Rasiel Nexus,MINA,0,0.0%,hotZone,Ring of Fire,22/06/2026 22:45:07,#JQPL2VV8,Rasiel Nexus,OPONENTE_T1,DESCONHECIDO T1,friendly
None_Ring of Fire_#PLRG8YR9J_#2V0QLRUQC_#JQPL2VV8_#2P8RVJVUY_#28P9CGYP_#228LCRC9P_LOU_DRACO_GLOWY_PIERCE_MINA_BYRON,SA,#PLRG8YR9J;#2V0QLRUQC;#JQPL2VV8;#2P8RVJVUY;#28P9CGYP;#228LCRC9P,東京でのワールドカップ;Seraphim;Rasiel Nexus;OCX|BateNaMãe67;OCX|Crow32;Predi,LOU,0,0.0%,hotZone,Ring of Fire,22/06/2026 22:45:07,#PLRG8YR9J,東京でのワールドカップ,OPONENTE_T0,DESCONHECIDO T0,friendly
None_Ring of Fire_#PLRG8YR9J_#2V0QLRUQC_#JQPL2VV8_#2P8RVJVUY_#28P9CGYP_#228LCRC9P_LOU_DRACO_GLOWY_PIERCE_MINA_BYRON,SA,#PLRG8YR9J;#2V0QLRUQC;#JQPL2VV8;#2P8RVJVUY;#28P9CGYP;#228LCRC9P,東京でのワールドカップ;Seraphim;Rasiel Nexus;OCX|BateNaMãe67;OCX|Crow32;Predi,DRACO,0,0.0%,hotZone,Ring of Fire,22/06/2026 22:45:07,#2V0QLRUQC,Seraphim,OPONENTE_T0,DESCONHECIDO T0,friendly
None_Ring of Fire_#PLRG8YR9J_#2V0QLRUQC_#JQPL2VV8_#2P8RVJVUY_#28P9CGYP_#228LCRC9P_LOU_DRACO_GLOWY_PIERCE_MINA_BYRON,SA,#PLRG8YR9J;#2V0QLRUQC;#JQPL2VV8;#2P8RVJVUY;#28P9CGYP;#228LCRC9P,東京でのワールドカップ;Seraphim;Rasiel Nexus;OCX|BateNaMãe67;OCX|Crow32;Predi,GLOWY,0,0.0%,hotZone,Ring of Fire,22/06/2026 22:45:07,#JQPL2VV8,Rasiel Nexus,OPONENTE_T0,DESCONHECIDO T0,friendly
None_Ring of Fire_#PLRG8YR9J_#2V0QLRUQC_#JQPL2VV8_#2P8RVJVUY_#28P9CGYP_#228LCRC9P_LOU_DRACO_GLOWY_PIERCE_MINA_BYRON,SA,#PLRG8YR9J;#2V0QLRUQC;#JQPL2VV8;#2P8RVJVUY;#28P9CGYP;#228LCRC9P,東京でのワールドカップ;Seraphim;Rasiel Nexus;OCX|BateNaMãe67;OCX|Crow32;Predi,PIERCE,1,100.0%,hotZone,Ring of Fire,22/06/2026 22:45:07,#2P8RVJVUY,OCX|BateNaMãe67,FCS,FCS F/A,friendly
None_Ring of Fire_#PLRG8YR9J_#2V0QLRUQC_#JQPL2VV8_#2P8RVJVUY_#28P9CGYP_#228LCRC9P_LOU_DRACO_GLOWY_PIERCE_MINA_BYRON,SA,#PLRG8YR9J;#2V0QLRUQC;#JQPL2VV8;#2P8RVJVUY;#28P9CGYP;#228LCRC9P,東京でのワールドカップ;Seraphim;Rasiel Nexus;OCX|BateNaMãe67;OCX|Crow32;Predi,MINA,1,100.0%,hotZone,Ring of Fire,22/06/2026 22:45:07,#28P9CGYP,OCX|Crow32,FCS,FCS F/A,friendly
None_Ring of Fire_#PLRG8YR9J_#2V0QLRUQC_#JQPL2VV8_#2P8RVJVUY_#28P9CGYP_#228LCRC9P_LOU_DRACO_GLOWY_PIERCE_MINA_BYRON,SA,#PLRG8YR9J;#2V0QLRUQC;#JQPL2VV8;#2P8RVJVUY;#28P9CGYP;#228LCRC9P,東京でのワールドカップ;Seraphim;Rasiel Nexus;OCX|BateNaMãe67;OCX|Crow32;Predi,BYRON,1,100.0%,hotZone,Ring of Fire,22/06/2026 22:45:07,#228LCRC9P,Predi,FCS,FCS F/A,friendly
None_Ring of Fire_#2P8RVJVUY_#28P9CGYP_#228LCRC9P_#PLRG8YR9J_#2V0QLRUQC_#JQPL2VV8_CLANCY_MINA_PIERCE_LOU_DRACO_GLOWY,SA,#2P8RVJVUY;#28P9CGYP;#228LCRC9P;#PLRG8YR9J;#2V0QLRUQC;#JQPL2VV8,OCX|BateNaMãe67;OCX|Crow32;Predi;東京でのワールドカップ;Seraphim;Rasiel Nexus,CLANCY,0,0.0%,hotZone,Ring of Fire,22/06/2026 22:45:07,#2P8RVJVUY,OCX|BateNaMãe67,FCS,FCS F/A,friendly
None_Ring of Fire_#2P8RVJVUY_#28P9CGYP_#228LCRC9P_#PLRG8YR9J_#2V0QLRUQC_#JQPL2VV8_CLANCY_MINA_PIERCE_LOU_DRACO_GLOWY,SA,#2P8RVJVUY;#28P9CGYP;#228LCRC9P;#PLRG8YR9J;#2V0QLRUQC;#JQPL2VV8,OCX|BateNaMãe67;OCX|Crow32;Predi;東京でのワールドカップ;Seraphim;Rasiel Nexus,MINA,0,0.0%,hotZone,Ring of Fire,22/06/2026 22:45:07,#28P9CGYP,OCX|Crow32,FCS,FCS F/A,friendly
None_Ring of Fire_#2P8RVJVUY_#28P9CGYP_#228LCRC9P_#PLRG8YR9J_#2V0QLRUQC_#JQPL2VV8_CLANCY_MINA_PIERCE_LOU_DRACO_GLOWY,SA,#2P8RVJVUY;#28P9CGYP;#228LCRC9P;#PLRG8YR9J;#2V0QLRUQC;#JQPL2VV8,OCX|BateNaMãe67;OCX|Crow32;Predi;東京でのワールドカップ;Seraphim;Rasiel Nexus,PIERCE,0,0.0%,hotZone,Ring of Fire,22/06/2026 22:45:07,#228LCRC9P,Predi,FCS,FCS F/A,friendly
None_Ring of Fire_#2P8RVJVUY_#28P9CGYP_#228LCRC9P_#PLRG8YR9J_#2V0QLRUQC_#JQPL2VV8_CLANCY_MINA_PIERCE_LOU_DRACO_GLOWY,SA,#2P8RVJVUY;#28P9CGYP;#228LCRC9P;#PLRG8YR9J;#2V0QLRUQC;#JQPL2VV8,OCX|BateNaMãe67;OCX|Crow32;Predi;東京でのワールドカップ;Seraphim;Rasiel Nexus,LOU,1,100.0%,hotZone,Ring of Fire,22/06/2026 22:45:07,#PLRG8YR9J,東京でのワールドカップ,OPONENTE_T1,DESCONHECIDO T1,friendly
None_Ring of Fire_#2P8RVJVUY_#28P9CGYP_#228LCRC9P_#PLRG8YR9J_#2V0QLRUQC_#JQPL2VV8_CLANCY_MINA_PIERCE_LOU_DRACO_GLOWY,SA,#2P8RVJVUY;#28P9CGYP;#228LCRC9P;#PLRG8YR9J;#2V0QLRUQC;#JQPL2VV8,OCX|BateNaMãe67;OCX|Crow32;Predi;東京でのワールドカップ;Seraphim;Rasiel Nexus,DRACO,1,100.0%,hotZone,Ring of Fire,22/06/2026 22:45:07,#2V0QLRUQC,Seraphim,OPONENTE_T1,DESCONHECIDO T1,friendly
None_Ring of Fire_#2P8RVJVUY_#28P9CGYP_#228LCRC9P_#PLRG8YR9J_#2V0QLRUQC_#JQPL2VV8_CLANCY_MINA_PIERCE_LOU_DRACO_GLOWY,SA,#2P8RVJVUY;#28P9CGYP;#228LCRC9P;#PLRG8YR9J;#2V0QLRUQC;#JQPL2VV8,OCX|BateNaMãe67;OCX|Crow32;Predi;東京でのワールドカップ;Seraphim;Rasiel Nexus,GLOWY,1,100.0%,hotZone,Ring of Fire,22/06/2026 22:45:07,#JQPL2VV8,Rasiel Nexus,OPONENTE_T1,DESCONHECIDO T1,friendly
None_Pit Stop_#2P8RVJVUY_#228LCRC9P_#28P9CGYP_#PLRG8YR9J_#2V0QLRUQC_#JQPL2VV8_EMZ_CROW_MELODIE_BIBI_COLT_NITA,SA,#2P8RVJVUY;#228LCRC9P;#28P9CGYP;#PLRG8YR9J;#2V0QLRUQC;#JQPL2VV8,OCX|BateNaMãe67;Predi;OCX|Crow32;東京でのワールドカップ;Seraphim;Rasiel Nexus,EMZ,1,100.0%,heist,Pit Stop,22/06/2026 22:45:07,#2P8RVJVUY,OCX|BateNaMãe67,FCS,FCS F/A,friendly
None_Pit Stop_#2P8RVJVUY_#228LCRC9P_#28P9CGYP_#PLRG8YR9J_#2V0QLRUQC_#JQPL2VV8_EMZ_CROW_MELODIE_BIBI_COLT_NITA,SA,#2P8RVJVUY;#228LCRC9P;#28P9CGYP;#PLRG8YR9J;#2V0QLRUQC;#JQPL2VV8,OCX|BateNaMãe67;Predi;OCX|Crow32;東京でのワールドカップ;Seraphim;Rasiel Nexus,CROW,1,100.0%,heist,Pit Stop,22/06/2026 22:45:07,#228LCRC9P,Predi,FCS,FCS F/A,friendly
None_Pit Stop_#2P8RVJVUY_#228LCRC9P_#28P9CGYP_#PLRG8YR9J_#2V0QLRUQC_#JQPL2VV8_EMZ_CROW_MELODIE_BIBI_COLT_NITA,SA,#2P8RVJVUY;#228LCRC9P;#28P9CGYP;#PLRG8YR9J;#2V0QLRUQC;#JQPL2VV8,OCX|BateNaMãe67;Predi;OCX|Crow32;東京でのワールドカップ;Seraphim;Rasiel Nexus,MELODIE,1,100.0%,heist,Pit Stop,22/06/2026 22:45:07,#28P9CGYP,OCX|Crow32,FCS,FCS F/A,friendly
None_Pit Stop_#2P8RVJVUY_#228LCRC9P_#28P9CGYP_#PLRG8YR9J_#2V0QLRUQC_#JQPL2VV8_EMZ_CROW_MELODIE_BIBI_COLT_NITA,SA,#2P8RVJVUY;#228LCRC9P;#28P9CGYP;#PLRG8YR9J;#2V0QLRUQC;#JQPL2VV8,OCX|BateNaMãe67;Predi;OCX|Crow32;東京でのワールドカップ;Seraphim;Rasiel Nexus,BIBI,0,0.0%,heist,Pit Stop,22/06/2026 22:45:07,#PLRG8YR9J,東京でのワールドカップ,OPONENTE_T1,DESCONHECIDO T1,friendly
None_Pit Stop_#2P8RVJVUY_#228LCRC9P_#28P9CGYP_#PLRG8YR9J_#2V0QLRUQC_#JQPL2VV8_EMZ_CROW_MELODIE_BIBI_COLT_NITA,SA,#2P8RVJVUY;#228LCRC9P;#28P9CGYP;#PLRG8YR9J;#2V0QLRUQC;#JQPL2VV8,OCX|BateNaMãe67;Predi;OCX|Crow32;東京でのワールドカップ;Seraphim;Rasiel Nexus,COLT,0,0.0%,heist,Pit Stop,22/06/2026 22:45:07,#2V0QLRUQC,Seraphim,OPONENTE_T1,DESCONHECIDO T1,friendly
None_Pit Stop_#2P8RVJVUY_#228LCRC9P_#28P9CGYP_#PLRG8YR9J_#2V0QLRUQC_#JQPL2VV8_EMZ_CROW_MELODIE_BIBI_COLT_NITA,SA,#2P8RVJVUY;#228LCRC9P;#28P9CGYP;#PLRG8YR9J;#2V0QLRUQC;#JQPL2VV8,OCX|BateNaMãe67;Predi;OCX|Crow32;東京でのワールドカップ;Seraphim;Rasiel Nexus,NITA,0,0.0%,heist,Pit Stop,22/06/2026 22:45:07,#JQPL2VV8,Rasiel Nexus,OPONENTE_T1,DESCONHECIDO T1,friendly
None_Pit Stop_#2P8RVJVUY_#28P9CGYP_#228LCRC9P_#PLRG8YR9J_#2V0QLRUQC_#JQPL2VV8_MICO_BUZZ_OTIS_CARL_KIT_LUMI,SA,#2P8RVJVUY;#28P9CGYP;#228LCRC9P;#PLRG8YR9J;#2V0QLRUQC;#JQPL2VV8,OCX|BateNaMãe67;OCX|Crow32;Predi;東京でのワールドカップ;Seraphim;Rasiel Nexus,MICO,1,100.0%,heist,Pit Stop,22/06/2026 22:45:07,#2P8RVJVUY,OCX|BateNaMãe67,FCS,FCS F/A,friendly
None_Pit Stop_#2P8RVJVUY_#28P9CGYP_#228LCRC9P_#PLRG8YR9J_#2V0QLRUQC_#JQPL2VV8_MICO_BUZZ_OTIS_CARL_KIT_LUMI,SA,#2P8RVJVUY;#28P9CGYP;#228LCRC9P;#PLRG8YR9J;#2V0QLRUQC;#JQPL2VV8,OCX|BateNaMãe67;OCX|Crow32;Predi;東京でのワールドカップ;Seraphim;Rasiel Nexus,BUZZ,1,100.0%,heist,Pit Stop,22/06/2026 22:45:07,#28P9CGYP,OCX|Crow32,FCS,FCS F/A,friendly
None_Pit Stop_#2P8RVJVUY_#28P9CGYP_#228LCRC9P_#PLRG8YR9J_#2V0QLRUQC_#JQPL2VV8_MICO_BUZZ_OTIS_CARL_KIT_LUMI,SA,#2P8RVJVUY;#28P9CGYP;#228LCRC9P;#PLRG8YR9J;#2V0QLRUQC;#JQPL2VV8,OCX|BateNaMãe67;OCX|Crow32;Predi;東京でのワールドカップ;Seraphim;Rasiel Nexus,OTIS,1,100.0%,heist,Pit Stop,22/06/2026 22:45:07,#228LCRC9P,Predi,FCS,FCS F/A,friendly
None_Pit Stop_#2P8RVJVUY_#28P9CGYP_#228LCRC9P_#PLRG8YR9J_#2V0QLRUQC_#JQPL2VV8_MICO_BUZZ_OTIS_CARL_KIT_LUMI,SA,#2P8RVJVUY;#28P9CGYP;#228LCRC9P;#PLRG8YR9J;#2V0QLRUQC;#JQPL2VV8,OCX|BateNaMãe67;OCX|Crow32;Predi;東京でのワールドカップ;Seraphim;Rasiel Nexus,CARL,0,0.0%,heist,Pit Stop,22/06/2026 22:45:07,#PLRG8YR9J,東京でのワールドカップ,OPONENTE_T1,DESCONHECIDO T1,friendly
None_Pit Stop_#2P8RVJVUY_#28P9CGYP_#228LCRC9P_#PLRG8YR9J_#2V0QLRUQC_#JQPL2VV8_MICO_BUZZ_OTIS_CARL_KIT_LUMI,SA,#2P8RVJVUY;#28P9CGYP;#228LCRC9P;#PLRG8YR9J;#2V0QLRUQC;#JQPL2VV8,OCX|BateNaMãe67;OCX|Crow32;Predi;東京でのワールドカップ;Seraphim;Rasiel Nexus,KIT,0,0.0%,heist,Pit Stop,22/06/2026 22:45:07,#2V0QLRUQC,Seraphim,OPONENTE_T1,DESCONHECIDO T1,friendly
None_Pit Stop_#2P8RVJVUY_#28P9CGYP_#228LCRC9P_#PLRG8YR9J_#2V0QLRUQC_#JQPL2VV8_MICO_BUZZ_OTIS_CARL_KIT_LUMI,SA,#2P8RVJVUY;#28P9CGYP;#228LCRC9P;#PLRG8YR9J;#2V0QLRUQC;#JQPL2VV8,OCX|BateNaMãe67;OCX|Crow32;Predi;東京でのワールドカップ;Seraphim;Rasiel Nexus,LUMI,0,0.0%,heist,Pit Stop,22/06/2026 22:45:07,#JQPL2VV8,Rasiel Nexus,OPONENTE_T1,DESCONHECIDO T1,friendly
None_Hard Rock Mine_#2P8RVJVUY_#28P9CGYP_#228LCRC9P_#PLRG8YR9J_#2V0QLRUQC_#JQPL2VV8_LILY_JANET_OTIS_GENE_KIT_CHESTER,SA,#2P8RVJVUY;#28P9CGYP;#228LCRC9P;#PLRG8YR9J;#2V0QLRUQC;#JQPL2VV8,OCX|BateNaMãe67;OCX|Crow32;Predi;東京でのワールドカップ;Seraphim;Rasiel Nexus,LILY,0,0.0%,gemGrab,Hard Rock Mine,22/06/2026 22:45:07,#2P8RVJVUY,OCX|BateNaMãe67,FCS,FCS F/A,friendly
None_Hard Rock Mine_#2P8RVJVUY_#28P9CGYP_#228LCRC9P_#PLRG8YR9J_#2V0QLRUQC_#JQPL2VV8_LILY_JANET_OTIS_GENE_KIT_CHESTER,SA,#2P8RVJVUY;#28P9CGYP;#228LCRC9P;#PLRG8YR9J;#2V0QLRUQC;#JQPL2VV8,OCX|BateNaMãe67;OCX|Crow32;Predi;東京でのワールドカップ;Seraphim;Rasiel Nexus,JANET,0,0.0%,gemGrab,Hard Rock Mine,22/06/2026 22:45:07,#28P9CGYP,OCX|Crow32,FCS,FCS F/A,friendly
None_Hard Rock Mine_#2P8RVJVUY_#28P9CGYP_#228LCRC9P_#PLRG8YR9J_#2V0QLRUQC_#JQPL2VV8_LILY_JANET_OTIS_GENE_KIT_CHESTER,SA,#2P8RVJVUY;#28P9CGYP;#228LCRC9P;#PLRG8YR9J;#2V0QLRUQC;#JQPL2VV8,OCX|BateNaMãe67;OCX|Crow32;Predi;東京でのワールドカップ;Seraphim;Rasiel Nexus,OTIS,0,0.0%,gemGrab,Hard Rock Mine,22/06/2026 22:45:07,#228LCRC9P,Predi,FCS,FCS F/A,friendly
None_Hard Rock Mine_#2P8RVJVUY_#28P9CGYP_#228LCRC9P_#PLRG8YR9J_#2V0QLRUQC_#JQPL2VV8_LILY_JANET_OTIS_GENE_KIT_CHESTER,SA,#2P8RVJVUY;#28P9CGYP;#228LCRC9P;#PLRG8YR9J;#2V0QLRUQC;#JQPL2VV8,OCX|BateNaMãe67;OCX|Crow32;Predi;東京でのワールドカップ;Seraphim;Rasiel Nexus,GENE,1,100.0%,gemGrab,Hard Rock Mine,22/06/2026 22:45:07,#PLRG8YR9J,東京でのワールドカップ,OPONENTE_T1,DESCONHECIDO T1,friendly
None_Hard Rock Mine_#2P8RVJVUY_#28P9CGYP_#228LCRC9P_#PLRG8YR9J_#2V0QLRUQC_#JQPL2VV8_LILY_JANET_OTIS_GENE_KIT_CHESTER,SA,#2P8RVJVUY;#28P9CGYP;#228LCRC9P;#PLRG8YR9J;#2V0QLRUQC;#JQPL2VV8,OCX|BateNaMãe67;OCX|Crow32;Predi;東京でのワールドカップ;Seraphim;Rasiel Nexus,KIT,1,100.0%,gemGrab,Hard Rock Mine,22/06/2026 22:45:07,#2V0QLRUQC,Seraphim,OPONENTE_T1,DESCONHECIDO T1,friendly
None_Hard Rock Mine_#2P8RVJVUY_#28P9CGYP_#228LCRC9P_#PLRG8YR9J_#2V0QLRUQC_#JQPL2VV8_LILY_JANET_OTIS_GENE_KIT_CHESTER,SA,#2P8RVJVUY;#28P9CGYP;#228LCRC9P;#PLRG8YR9J;#2V0QLRUQC;#JQPL2VV8,OCX|BateNaMãe67;OCX|Crow32;Predi;東京でのワールドカップ;Seraphim;Rasiel Nexus,CHESTER,1,100.0%,gemGrab,Hard Rock Mine,22/06/2026 22:45:07,#JQPL2VV8,Rasiel Nexus,OPONENTE_T1,DESCONHECIDO T1,friendly
None_Hard Rock Mine_#2P8RVJVUY_#28P9CGYP_#228LCRC9P_#PLRG8YR9J_#2V0QLRUQC_#JQPL2VV8_CHESTER_KENJI_RUFFS_MINA_EMZ_MORTIS,SA,#2P8RVJVUY;#28P9CGYP;#228LCRC9P;#PLRG8YR9J;#2V0QLRUQC;#JQPL2VV8,OCX|BateNaMãe67;OCX|Crow32;Predi;東京でのワールドカップ;Seraphim;Rasiel Nexus,CHESTER,1,100.0%,gemGrab,Hard Rock Mine,22/06/2026 22:45:07,#2P8RVJVUY,OCX|BateNaMãe67,FCS,FCS F/A,friendly
None_Hard Rock Mine_#2P8RVJVUY_#28P9CGYP_#228LCRC9P_#PLRG8YR9J_#2V0QLRUQC_#JQPL2VV8_CHESTER_KENJI_RUFFS_MINA_EMZ_MORTIS,SA,#2P8RVJVUY;#28P9CGYP;#228LCRC9P;#PLRG8YR9J;#2V0QLRUQC;#JQPL2VV8,OCX|BateNaMãe67;OCX|Crow32;Predi;東京でのワールドカップ;Seraphim;Rasiel Nexus,KENJI,1,100.0%,gemGrab,Hard Rock Mine,22/06/2026 22:45:07,#28P9CGYP,OCX|Crow32,FCS,FCS F/A,friendly
None_Hard Rock Mine_#2P8RVJVUY_#28P9CGYP_#228LCRC9P_#PLRG8YR9J_#2V0QLRUQC_#JQPL2VV8_CHESTER_KENJI_RUFFS_MINA_EMZ_MORTIS,SA,#2P8RVJVUY;#28P9CGYP;#228LCRC9P;#PLRG8YR9J;#2V0QLRUQC;#JQPL2VV8,OCX|BateNaMãe67;OCX|Crow32;Predi;東京でのワールドカップ;Seraphim;Rasiel Nexus,RUFFS,1,100.0%,gemGrab,Hard Rock Mine,22/06/2026 22:45:07,#228LCRC9P,Predi,FCS,FCS F/A,friendly
None_Hard Rock Mine_#2P8RVJVUY_#28P9CGYP_#228LCRC9P_#PLRG8YR9J_#2V0QLRUQC_#JQPL2VV8_CHESTER_KENJI_RUFFS_MINA_EMZ_MORTIS,SA,#2P8RVJVUY;#28P9CGYP;#228LCRC9P;#PLRG8YR9J;#2V0QLRUQC;#JQPL2VV8,OCX|BateNaMãe67;OCX|Crow32;Predi;東京でのワールドカップ;Seraphim;Rasiel Nexus,MINA,0,0.0%,gemGrab,Hard Rock Mine,22/06/2026 22:45:07,#PLRG8YR9J,東京でのワールドカップ,OPONENTE_T1,DESCONHECIDO T1,friendly
None_Hard Rock Mine_#2P8RVJVUY_#28P9CGYP_#228LCRC9P_#PLRG8YR9J_#2V0QLRUQC_#JQPL2VV8_CHESTER_KENJI_RUFFS_MINA_EMZ_MORTIS,SA,#2P8RVJVUY;#28P9CGYP;#228LCRC9P;#PLRG8YR9J;#2V0QLRUQC;#JQPL2VV8,OCX|BateNaMãe67;OCX|Crow32;Predi;東京でのワールドカップ;Seraphim;Rasiel Nexus,EMZ,0,0.0%,gemGrab,Hard Rock Mine,22/06/2026 22:45:07,#2V0QLRUQC,Seraphim,OPONENTE_T1,DESCONHECIDO T1,friendly
None_Hard Rock Mine_#2P8RVJVUY_#28P9CGYP_#228LCRC9P_#PLRG8YR9J_#2V0QLRUQC_#JQPL2VV8_CHESTER_KENJI_RUFFS_MINA_EMZ_MORTIS,SA,#2P8RVJVUY;#28P9CGYP;#228LCRC9P;#PLRG8YR9J;#2V0QLRUQC;#JQPL2VV8,OCX|BateNaMãe67;OCX|Crow32;Predi;東京でのワールドカップ;Seraphim;Rasiel Nexus,MORTIS,0,0.0%,gemGrab,Hard Rock Mine,22/06/2026 22:45:07,#JQPL2VV8,Rasiel Nexus,OPONENTE_T1,DESCONHECIDO T1,friendly
None_New Horizons_#2YRRL8GG2_#9J0R0GQL_#82P9JCJV8_#9JYG98GG_#820JCJJG_#RCYQUJU0_RUFFS_LEON_OLLIE_MEEPLE_BYRON_GRIFF,SA,#2YRRL8GG2;#9J0R0GQL;#82P9JCJV8;#9JYG98GG;#820JCJJG;#RCYQUJU0,HAWK|BeBaxo;Marcellus 🐙;Migz Labubu;Bryan 乂;Jxcccr🐦‍⬛;Exic,RUFFS,0,0.0%,knockout,New Horizons,22/06/2026 22:45:07,#2YRRL8GG2,HAWK|BeBaxo,OPONENTE_T0,DESCONHECIDO T0,tournament
None_New Horizons_#2YRRL8GG2_#9J0R0GQL_#82P9JCJV8_#9JYG98GG_#820JCJJG_#RCYQUJU0_RUFFS_LEON_OLLIE_MEEPLE_BYRON_GRIFF,SA,#2YRRL8GG2;#9J0R0GQL;#82P9JCJV8;#9JYG98GG;#820JCJJG;#RCYQUJU0,HAWK|BeBaxo;Marcellus 🐙;Migz Labubu;Bryan 乂;Jxcccr🐦‍⬛;Exic,LEON,0,0.0%,knockout,New Horizons,22/06/2026 22:45:07,#9J0R0GQL,Marcellus 🐙,OPONENTE_T0,DESCONHECIDO T0,tournament
None_New Horizons_#2YRRL8GG2_#9J0R0GQL_#82P9JCJV8_#9JYG98GG_#820JCJJG_#RCYQUJU0_RUFFS_LEON_OLLIE_MEEPLE_BYRON_GRIFF,SA,#2YRRL8GG2;#9J0R0GQL;#82P9JCJV8;#9JYG98GG;#820JCJJG;#RCYQUJU0,HAWK|BeBaxo;Marcellus 🐙;Migz Labubu;Bryan 乂;Jxcccr🐦‍⬛;Exic,OLLIE,0,0.0%,knockout,New Horizons,22/06/2026 22:45:07,#82P9JCJV8,Migz Labubu,OPONENTE_T0,DESCONHECIDO T0,tournament
None_New Horizons_#2YRRL8GG2_#9J0R0GQL_#82P9JCJV8_#9JYG98GG_#820JCJJG_#RCYQUJU0_RUFFS_LEON_OLLIE_MEEPLE_BYRON_GRIFF,SA,#2YRRL8GG2;#9J0R0GQL;#82P9JCJV8;#9JYG98GG;#820JCJJG;#RCYQUJU0,HAWK|BeBaxo;Marcellus 🐙;Migz Labubu;Bryan 乂;Jxcccr🐦‍⬛;Exic,MEEPLE,1,100.0%,knockout,New Horizons,22/06/2026 22:45:07,#9JYG98GG,Bryan 乂,ZRT,ZURITA GANG,tournament
None_New Horizons_#2YRRL8GG2_#9J0R0GQL_#82P9JCJV8_#9JYG98GG_#820JCJJG_#RCYQUJU0_RUFFS_LEON_OLLIE_MEEPLE_BYRON_GRIFF,SA,#2YRRL8GG2;#9J0R0GQL;#82P9JCJV8;#9JYG98GG;#820JCJJG;#RCYQUJU0,HAWK|BeBaxo;Marcellus 🐙;Migz Labubu;Bryan 乂;Jxcccr🐦‍⬛;Exic,BYRON,1,100.0%,knockout,New Horizons,22/06/2026 22:45:07,#820JCJJG,Jxcccr🐦‍⬛,ZRT,ZURITA GANG,tournament
None_New Horizons_#2YRRL8GG2_#9J0R0GQL_#82P9JCJV8_#9JYG98GG_#820JCJJG_#RCYQUJU0_RUFFS_LEON_OLLIE_MEEPLE_BYRON_GRIFF,SA,#2YRRL8GG2;#9J0R0GQL;#82P9JCJV8;#9JYG98GG;#820JCJJG;#RCYQUJU0,HAWK|BeBaxo;Marcellus 🐙;Migz Labubu;Bryan 乂;Jxcccr🐦‍⬛;Exic,GRIFF,1,100.0%,knockout,New Horizons,22/06/2026 22:45:07,#RCYQUJU0,Exic,ZRT,ZURITA GANG,tournament
None_Gem Fort_#9J0R0GQL_#2YRRL8GG2_#82P9JCJV8_#9JYG98GG_#820JCJJG_#RCYQUJU0_KENJI_CHESTER_RUFFS_LUMI_PENNY_OTIS,SA,#9J0R0GQL;#2YRRL8GG2;#82P9JCJV8;#9JYG98GG;#820JCJJG;#RCYQUJU0,Marcellus 🐙;HAWK|BeBaxo;Migz Labubu;Bryan 乂;Jxcccr🐦‍⬛;Exic,KENJI,1,100.0%,gemGrab,Gem Fort,22/06/2026 22:45:07,#9J0R0GQL,Marcellus 🐙,OPONENTE_T0,DESCONHECIDO T0,tournament
None_Gem Fort_#9J0R0GQL_#2YRRL8GG2_#82P9JCJV8_#9JYG98GG_#820JCJJG_#RCYQUJU0_KENJI_CHESTER_RUFFS_LUMI_PENNY_OTIS,SA,#9J0R0GQL;#2YRRL8GG2;#82P9JCJV8;#9JYG98GG;#820JCJJG;#RCYQUJU0,Marcellus 🐙;HAWK|BeBaxo;Migz Labubu;Bryan 乂;Jxcccr🐦‍⬛;Exic,CHESTER,1,100.0%,gemGrab,Gem Fort,22/06/2026 22:45:07,#2YRRL8GG2,HAWK|BeBaxo,OPONENTE_T0,DESCONHECIDO T0,tournament
None_Gem Fort_#9J0R0GQL_#2YRRL8GG2_#82P9JCJV8_#9JYG98GG_#820JCJJG_#RCYQUJU0_KENJI_CHESTER_RUFFS_LUMI_PENNY_OTIS,SA,#9J0R0GQL;#2YRRL8GG2;#82P9JCJV8;#9JYG98GG;#820JCJJG;#RCYQUJU0,Marcellus 🐙;HAWK|BeBaxo;Migz Labubu;Bryan 乂;Jxcccr🐦‍⬛;Exic,RUFFS,1,100.0%,gemGrab,Gem Fort,22/06/2026 22:45:07,#82P9JCJV8,Migz Labubu,OPONENTE_T0,DESCONHECIDO T0,tournament
None_Gem Fort_#9J0R0GQL_#2YRRL8GG2_#82P9JCJV8_#9JYG98GG_#820JCJJG_#RCYQUJU0_KENJI_CHESTER_RUFFS_LUMI_PENNY_OTIS,SA,#9J0R0GQL;#2YRRL8GG2;#82P9JCJV8;#9JYG98GG;#820JCJJG;#RCYQUJU0,Marcellus 🐙;HAWK|BeBaxo;Migz Labubu;Bryan 乂;Jxcccr🐦‍⬛;Exic,LUMI,0,0.0%,gemGrab,Gem Fort,22/06/2026 22:45:07,#9JYG98GG,Bryan 乂,ZRT,ZURITA GANG,tournament
None_Gem Fort_#9J0R0GQL_#2YRRL8GG2_#82P9JCJV8_#9JYG98GG_#820JCJJG_#RCYQUJU0_KENJI_CHESTER_RUFFS_LUMI_PENNY_OTIS,SA,#9J0R0GQL;#2YRRL8GG2;#82P9JCJV8;#9JYG98GG;#820JCJJG;#RCYQUJU0,Marcellus 🐙;HAWK|BeBaxo;Migz Labubu;Bryan 乂;Jxcccr🐦‍⬛;Exic,PENNY,0,0.0%,gemGrab,Gem Fort,22/06/2026 22:45:07,#820JCJJG,Jxcccr🐦‍⬛,ZRT,ZURITA GANG,tournament
None_Gem Fort_#9J0R0GQL_#2YRRL8GG2_#82P9JCJV8_#9JYG98GG_#820JCJJG_#RCYQUJU0_KENJI_CHESTER_RUFFS_LUMI_PENNY_OTIS,SA,#9J0R0GQL;#2YRRL8GG2;#82P9JCJV8;#9JYG98GG;#820JCJJG;#RCYQUJU0,Marcellus 🐙;HAWK|BeBaxo;Migz Labubu;Bryan 乂;Jxcccr🐦‍⬛;Exic,OTIS,0,0.0%,gemGrab,Gem Fort,22/06/2026 22:45:07,#RCYQUJU0,Exic,ZRT,ZURITA GANG,tournament
None_Ring of Fire_#2YRRL8GG2_#9J0R0GQL_#82P9JCJV8_#9JYG98GG_#820JCJJG_#RCYQUJU0_OTIS_ALLI_FINX_LEON_DRACO_BYRON,SA,#2YRRL8GG2;#9J0R0GQL;#82P9JCJV8;#9JYG98GG;#820JCJJG;#RCYQUJU0,HAWK|BeBaxo;Marcellus 🐙;Migz Labubu;Bryan 乂;Jxcccr🐦‍⬛;Exic,OTIS,0,0.0%,hotZone,Ring of Fire,22/06/2026 22:45:07,#2YRRL8GG2,HAWK|BeBaxo,OPONENTE_T0,DESCONHECIDO T0,tournament
None_Ring of Fire_#2YRRL8GG2_#9J0R0GQL_#82P9JCJV8_#9JYG98GG_#820JCJJG_#RCYQUJU0_OTIS_ALLI_FINX_LEON_DRACO_BYRON,SA,#2YRRL8GG2;#9J0R0GQL;#82P9JCJV8;#9JYG98GG;#820JCJJG;#RCYQUJU0,HAWK|BeBaxo;Marcellus 🐙;Migz Labubu;Bryan 乂;Jxcccr🐦‍⬛;Exic,ALLI,0,0.0%,hotZone,Ring of Fire,22/06/2026 22:45:07,#9J0R0GQL,Marcellus 🐙,OPONENTE_T0,DESCONHECIDO T0,tournament
None_Ring of Fire_#2YRRL8GG2_#9J0R0GQL_#82P9JCJV8_#9JYG98GG_#820JCJJG_#RCYQUJU0_OTIS_ALLI_FINX_LEON_DRACO_BYRON,SA,#2YRRL8GG2;#9J0R0GQL;#82P9JCJV8;#9JYG98GG;#820JCJJG;#RCYQUJU0,HAWK|BeBaxo;Marcellus 🐙;Migz Labubu;Bryan 乂;Jxcccr🐦‍⬛;Exic,FINX,0,0.0%,hotZone,Ring of Fire,22/06/2026 22:45:07,#82P9JCJV8,Migz Labubu,OPONENTE_T0,DESCONHECIDO T0,tournament
None_Ring of Fire_#2YRRL8GG2_#9J0R0GQL_#82P9JCJV8_#9JYG98GG_#820JCJJG_#RCYQUJU0_OTIS_ALLI_FINX_LEON_DRACO_BYRON,SA,#2YRRL8GG2;#9J0R0GQL;#82P9JCJV8;#9JYG98GG;#820JCJJG;#RCYQUJU0,HAWK|BeBaxo;Marcellus 🐙;Migz Labubu;Bryan 乂;Jxcccr🐦‍⬛;Exic,LEON,1,100.0%,hotZone,Ring of Fire,22/06/2026 22:45:07,#9JYG98GG,Bryan 乂,ZRT,ZURITA GANG,tournament
None_Ring of Fire_#2YRRL8GG2_#9J0R0GQL_#82P9JCJV8_#9JYG98GG_#820JCJJG_#RCYQUJU0_OTIS_ALLI_FINX_LEON_DRACO_BYRON,SA,#2YRRL8GG2;#9J0R0GQL;#82P9JCJV8;#9JYG98GG;#820JCJJG;#RCYQUJU0,HAWK|BeBaxo;Marcellus 🐙;Migz Labubu;Bryan 乂;Jxcccr🐦‍⬛;Exic,DRACO,1,100.0%,hotZone,Ring of Fire,22/06/2026 22:45:07,#820JCJJG,Jxcccr🐦‍⬛,ZRT,ZURITA GANG,tournament
None_Ring of Fire_#2YRRL8GG2_#9J0R0GQL_#82P9JCJV8_#9JYG98GG_#820JCJJG_#RCYQUJU0_OTIS_ALLI_FINX_LEON_DRACO_BYRON,SA,#2YRRL8GG2;#9J0R0GQL;#82P9JCJV8;#9JYG98GG;#820JCJJG;#RCYQUJU0,HAWK|BeBaxo;Marcellus 🐙;Migz Labubu;Bryan 乂;Jxcccr🐦‍⬛;Exic,BYRON,1,100.0%,hotZone,Ring of Fire,22/06/2026 22:45:07,#RCYQUJU0,Exic,ZRT,ZURITA GANG,tournament
None_Stockpile Stadium_#GJ0VQCPP_#22090JRLCC_#9Q9G9J92Q_#280C8U8JV0_#2QCCC29QV_#20QU2L2U9_#2J0VP80U0J_#PPJRYUUJJ_#QYVY0GU_#2Y2CJV9LR_MORTIS_KAZE_ALLI_DOUG_OLLIE_GRIFF_KENJI_SURGE_DOUG_BROCK,SA,#GJ0VQCPP;#22090JRLCC;#9Q9G9J92Q;#280C8U8JV0;#2QCCC29QV;#20QU2L2U9;#2J0VP80U0J;#PPJRYUUJJ;#QYVY0GU;#2Y2CJV9LR,Mega's lonely;Licia 𝜗𝜚;maddy.;Star ʚїɞ;Magic🎩;zesinho;away u deex🐰;TATAK3M;guilhas;MilanezTV,MORTIS,0,0.0%,brawlBall,Stockpile Stadium,22/06/2026 22:45:07,#GJ0VQCPP,Mega's lonely,ENO,ENOSIS,friendly
None_Stockpile Stadium_#GJ0VQCPP_#22090JRLCC_#9Q9G9J92Q_#280C8U8JV0_#2QCCC29QV_#20QU2L2U9_#2J0VP80U0J_#PPJRYUUJJ_#QYVY0GU_#2Y2CJV9LR_MORTIS_KAZE_ALLI_DOUG_OLLIE_GRIFF_KENJI_SURGE_DOUG_BROCK,SA,#GJ0VQCPP;#22090JRLCC;#9Q9G9J92Q;#280C8U8JV0;#2QCCC29QV;#20QU2L2U9;#2J0VP80U0J;#PPJRYUUJJ;#QYVY0GU;#2Y2CJV9LR,Mega's lonely;Licia 𝜗𝜚;maddy.;Star ʚїɞ;Magic🎩;zesinho;away u deex🐰;TATAK3M;guilhas;MilanezTV,KAZE,0,0.0%,brawlBall,Stockpile Stadium,22/06/2026 22:45:07,#22090JRLCC,Licia 𝜗𝜚,ENO,ENOSIS,friendly
None_Stockpile Stadium_#GJ0VQCPP_#22090JRLCC_#9Q9G9J92Q_#280C8U8JV0_#2QCCC29QV_#20QU2L2U9_#2J0VP80U0J_#PPJRYUUJJ_#QYVY0GU_#2Y2CJV9LR_MORTIS_KAZE_ALLI_DOUG_OLLIE_GRIFF_KENJI_SURGE_DOUG_BROCK,SA,#GJ0VQCPP;#22090JRLCC;#9Q9G9J92Q;#280C8U8JV0;#2QCCC29QV;#20QU2L2U9;#2J0VP80U0J;#PPJRYUUJJ;#QYVY0GU;#2Y2CJV9LR,Mega's lonely;Licia 𝜗𝜚;maddy.;Star ʚїɞ;Magic🎩;zesinho;away u deex🐰;TATAK3M;guilhas;MilanezTV,ALLI,0,0.0%,brawlBall,Stockpile Stadium,22/06/2026 22:45:07,#9Q9G9J92Q,maddy.,ENO,ENOSIS,friendly
None_Stockpile Stadium_#GJ0VQCPP_#22090JRLCC_#9Q9G9J92Q_#280C8U8JV0_#2QCCC29QV_#20QU2L2U9_#2J0VP80U0J_#PPJRYUUJJ_#QYVY0GU_#2Y2CJV9LR_MORTIS_KAZE_ALLI_DOUG_OLLIE_GRIFF_KENJI_SURGE_DOUG_BROCK,SA,#GJ0VQCPP;#22090JRLCC;#9Q9G9J92Q;#280C8U8JV0;#2QCCC29QV;#20QU2L2U9;#2J0VP80U0J;#PPJRYUUJJ;#QYVY0GU;#2Y2CJV9LR,Mega's lonely;Licia 𝜗𝜚;maddy.;Star ʚїɞ;Magic🎩;zesinho;away u deex🐰;TATAK3M;guilhas;MilanezTV,DOUG,1,100.0%,brawlBall,Stockpile Stadium,22/06/2026 22:45:07,#280C8U8JV0,Star ʚїɞ,OPONENTE_T1,DESCONHECIDO T1,friendly
None_Stockpile Stadium_#GJ0VQCPP_#22090JRLCC_#9Q9G9J92Q_#280C8U8JV0_#2QCCC29QV_#20QU2L2U9_#2J0VP80U0J_#PPJRYUUJJ_#QYVY0GU_#2Y2CJV9LR_MORTIS_KAZE_ALLI_DOUG_OLLIE_GRIFF_KENJI_SURGE_DOUG_BROCK,SA,#GJ0VQCPP;#22090JRLCC;#9Q9G9J92Q;#280C8U8JV0;#2QCCC29QV;#20QU2L2U9;#2J0VP80U0J;#PPJRYUUJJ;#QYVY0GU;#2Y2CJV9LR,Mega's lonely;Licia 𝜗𝜚;maddy.;Star ʚїɞ;Magic🎩;zesinho;away u deex🐰;TATAK3M;guilhas;MilanezTV,OLLIE,1,100.0%,brawlBall,Stockpile Stadium,22/06/2026 22:45:07,#2QCCC29QV,Magic🎩,OPONENTE_T1,DESCONHECIDO T1,friendly
None_Stockpile Stadium_#GJ0VQCPP_#22090JRLCC_#9Q9G9J92Q_#280C8U8JV0_#2QCCC29QV_#20QU2L2U9_#2J0VP80U0J_#PPJRYUUJJ_#QYVY0GU_#2Y2CJV9LR_MORTIS_KAZE_ALLI_DOUG_OLLIE_GRIFF_KENJI_SURGE_DOUG_BROCK,SA,#GJ0VQCPP;#22090JRLCC;#9Q9G9J92Q;#280C8U8JV0;#2QCCC29QV;#20QU2L2U9;#2J0VP80U0J;#PPJRYUUJJ;#QYVY0GU;#2Y2CJV9LR,Mega's lonely;Licia 𝜗𝜚;maddy.;Star ʚїɞ;Magic🎩;zesinho;away u deex🐰;TATAK3M;guilhas;MilanezTV,GRIFF,1,100.0%,brawlBall,Stockpile Stadium,22/06/2026 22:45:07,#20QU2L2U9,zesinho,OPONENTE_T1,DESCONHECIDO T1,friendly
None_Stockpile Stadium_#2V0PPQJJYG_#2J0VP80U0J_#PPJRYUUJJ_#QYVY0GU_#2Y2CJV9LR_#GJ0VQCPP_#22090JRLCC_#280C8U8JV0_#9Q9G9J92Q_#2QCCC29QV_MORTIS_KENJI_DOUG_DOUG_BROCK_MORTIS_KAZE_MANDY_ALLI_OLLIE,SA,#2V0PPQJJYG;#2J0VP80U0J;#PPJRYUUJJ;#QYVY0GU;#2Y2CJV9LR;#GJ0VQCPP;#22090JRLCC;#280C8U8JV0;#9Q9G9J92Q;#2QCCC29QV,ECS|Potato;away u deex🐰;TATAK3M;guilhas;MilanezTV;Mega's lonely;Licia 𝜗𝜚;Star ʚїɞ;maddy.;Magic🎩,MORTIS,0,0.0%,brawlBall,Stockpile Stadium,22/06/2026 22:45:07,#2V0PPQJJYG,ECS|Potato,OPONENTE_T0,DESCONHECIDO T0,friendly
None_Stockpile Stadium_#2V0PPQJJYG_#2J0VP80U0J_#PPJRYUUJJ_#QYVY0GU_#2Y2CJV9LR_#GJ0VQCPP_#22090JRLCC_#280C8U8JV0_#9Q9G9J92Q_#2QCCC29QV_MORTIS_KENJI_DOUG_DOUG_BROCK_MORTIS_KAZE_MANDY_ALLI_OLLIE,SA,#2V0PPQJJYG;#2J0VP80U0J;#PPJRYUUJJ;#QYVY0GU;#2Y2CJV9LR;#GJ0VQCPP;#22090JRLCC;#280C8U8JV0;#9Q9G9J92Q;#2QCCC29QV,ECS|Potato;away u deex🐰;TATAK3M;guilhas;MilanezTV;Mega's lonely;Licia 𝜗𝜚;Star ʚїɞ;maddy.;Magic🎩,KENJI,0,0.0%,brawlBall,Stockpile Stadium,22/06/2026 22:45:07,#2J0VP80U0J,away u deex🐰,OPONENTE_T0,DESCONHECIDO T0,friendly
None_Stockpile Stadium_#2V0PPQJJYG_#2J0VP80U0J_#PPJRYUUJJ_#QYVY0GU_#2Y2CJV9LR_#GJ0VQCPP_#22090JRLCC_#280C8U8JV0_#9Q9G9J92Q_#2QCCC29QV_MORTIS_KENJI_DOUG_DOUG_BROCK_MORTIS_KAZE_MANDY_ALLI_OLLIE,SA,#2V0PPQJJYG;#2J0VP80U0J;#PPJRYUUJJ;#QYVY0GU;#2Y2CJV9LR;#GJ0VQCPP;#22090JRLCC;#280C8U8JV0;#9Q9G9J92Q;#2QCCC29QV,ECS|Potato;away u deex🐰;TATAK3M;guilhas;MilanezTV;Mega's lonely;Licia 𝜗𝜚;Star ʚїɞ;maddy.;Magic🎩,DOUG,0,0.0%,brawlBall,Stockpile Stadium,22/06/2026 22:45:07,#PPJRYUUJJ,TATAK3M,OPONENTE_T0,DESCONHECIDO T0,friendly
None_Stockpile Stadium_#2V0PPQJJYG_#2J0VP80U0J_#PPJRYUUJJ_#QYVY0GU_#2Y2CJV9LR_#GJ0VQCPP_#22090JRLCC_#280C8U8JV0_#9Q9G9J92Q_#2QCCC29QV_MORTIS_KENJI_DOUG_DOUG_BROCK_MORTIS_KAZE_MANDY_ALLI_OLLIE,SA,#2V0PPQJJYG;#2J0VP80U0J;#PPJRYUUJJ;#QYVY0GU;#2Y2CJV9LR;#GJ0VQCPP;#22090JRLCC;#280C8U8JV0;#9Q9G9J92Q;#2QCCC29QV,ECS|Potato;away u deex🐰;TATAK3M;guilhas;MilanezTV;Mega's lonely;Licia 𝜗𝜚;Star ʚїɞ;maddy.;Magic🎩,DOUG,1,100.0%,brawlBall,Stockpile Stadium,22/06/2026 22:45:07,#QYVY0GU,guilhas,ENO,ENOSIS,friendly
None_Stockpile Stadium_#2V0PPQJJYG_#2J0VP80U0J_#PPJRYUUJJ_#QYVY0GU_#2Y2CJV9LR_#GJ0VQCPP_#22090JRLCC_#280C8U8JV0_#9Q9G9J92Q_#2QCCC29QV_MORTIS_KENJI_DOUG_DOUG_BROCK_MORTIS_KAZE_MANDY_ALLI_OLLIE,SA,#2V0PPQJJYG;#2J0VP80U0J;#PPJRYUUJJ;#QYVY0GU;#2Y2CJV9LR;#GJ0VQCPP;#22090JRLCC;#280C8U8JV0;#9Q9G9J92Q;#2QCCC29QV,ECS|Potato;away u deex🐰;TATAK3M;guilhas;MilanezTV;Mega's lonely;Licia 𝜗𝜚;Star ʚїɞ;maddy.;Magic🎩,BROCK,1,100.0%,brawlBall,Stockpile Stadium,22/06/2026 22:45:07,#2Y2CJV9LR,MilanezTV,ENO,ENOSIS,friendly
None_Stockpile Stadium_#2V0PPQJJYG_#2J0VP80U0J_#PPJRYUUJJ_#QYVY0GU_#2Y2CJV9LR_#GJ0VQCPP_#22090JRLCC_#280C8U8JV0_#9Q9G9J92Q_#2QCCC29QV_MORTIS_KENJI_DOUG_DOUG_BROCK_MORTIS_KAZE_MANDY_ALLI_OLLIE,SA,#2V0PPQJJYG;#2J0VP80U0J;#PPJRYUUJJ;#QYVY0GU;#2Y2CJV9LR;#GJ0VQCPP;#22090JRLCC;#280C8U8JV0;#9Q9G9J92Q;#2QCCC29QV,ECS|Potato;away u deex🐰;TATAK3M;guilhas;MilanezTV;Mega's lonely;Licia 𝜗𝜚;Star ʚїɞ;maddy.;Magic🎩,MORTIS,1,100.0%,brawlBall,Stockpile Stadium,22/06/2026 22:45:07,#GJ0VQCPP,Mega's lonely,ENO,ENOSIS,friendly
None_Stockpile Stadium_#2V0PPQJJYG_#2J0VP80U0J_#PPJRYUUJJ_#QYVY0GU_#2Y2CJV9LR_#GJ0VQCPP_#22090JRLCC_#280C8U8JV0_#9Q9G9J92Q_#2QCCC29QV_BOLT_KENJI_DOUG_DOUG_BROCK_MINA_KAZE_MANDY_MELODIE_OLLIE,SA,#2V0PPQJJYG;#2J0VP80U0J;#PPJRYUUJJ;#QYVY0GU;#2Y2CJV9LR;#GJ0VQCPP;#22090JRLCC;#280C8U8JV0;#9Q9G9J92Q;#2QCCC29QV,ECS|Potato;away u deex🐰;TATAK3M;guilhas;MilanezTV;Mega's lonely;Licia 𝜗𝜚;Star ʚїɞ;maddy.;Magic🎩,BOLT,0,0.0%,brawlBall,Stockpile Stadium,22/06/2026 22:45:07,#2V0PPQJJYG,ECS|Potato,OPONENTE_T0,DESCONHECIDO T0,friendly
None_Stockpile Stadium_#2V0PPQJJYG_#2J0VP80U0J_#PPJRYUUJJ_#QYVY0GU_#2Y2CJV9LR_#GJ0VQCPP_#22090JRLCC_#280C8U8JV0_#9Q9G9J92Q_#2QCCC29QV_BOLT_KENJI_DOUG_DOUG_BROCK_MINA_KAZE_MANDY_MELODIE_OLLIE,SA,#2V0PPQJJYG;#2J0VP80U0J;#PPJRYUUJJ;#QYVY0GU;#2Y2CJV9LR;#GJ0VQCPP;#22090JRLCC;#280C8U8JV0;#9Q9G9J92Q;#2QCCC29QV,ECS|Potato;away u deex🐰;TATAK3M;guilhas;MilanezTV;Mega's lonely;Licia 𝜗𝜚;Star ʚїɞ;maddy.;Magic🎩,KENJI,0,0.0%,brawlBall,Stockpile Stadium,22/06/2026 22:45:07,#2J0VP80U0J,away u deex🐰,OPONENTE_T0,DESCONHECIDO T0,friendly
None_Stockpile Stadium_#2V0PPQJJYG_#2J0VP80U0J_#PPJRYUUJJ_#QYVY0GU_#2Y2CJV9LR_#GJ0VQCPP_#22090JRLCC_#280C8U8JV0_#9Q9G9J92Q_#2QCCC29QV_BOLT_KENJI_DOUG_DOUG_BROCK_MINA_KAZE_MANDY_MELODIE_OLLIE,SA,#2V0PPQJJYG;#2J0VP80U0J;#PPJRYUUJJ;#QYVY0GU;#2Y2CJV9LR;#GJ0VQCPP;#22090JRLCC;#280C8U8JV0;#9Q9G9J92Q;#2QCCC29QV,ECS|Potato;away u deex🐰;TATAK3M;guilhas;MilanezTV;Mega's lonely;Licia 𝜗𝜚;Star ʚїɞ;maddy.;Magic🎩,DOUG,0,0.0%,brawlBall,Stockpile Stadium,22/06/2026 22:45:07,#PPJRYUUJJ,TATAK3M,OPONENTE_T0,DESCONHECIDO T0,friendly
None_Stockpile Stadium_#2V0PPQJJYG_#2J0VP80U0J_#PPJRYUUJJ_#QYVY0GU_#2Y2CJV9LR_#GJ0VQCPP_#22090JRLCC_#280C8U8JV0_#9Q9G9J92Q_#2QCCC29QV_BOLT_KENJI_DOUG_DOUG_BROCK_MINA_KAZE_MANDY_MELODIE_OLLIE,SA,#2V0PPQJJYG;#2J0VP80U0J;#PPJRYUUJJ;#QYVY0GU;#2Y2CJV9LR;#GJ0VQCPP;#22090JRLCC;#280C8U8JV0;#9Q9G9J92Q;#2QCCC29QV,ECS|Potato;away u deex🐰;TATAK3M;guilhas;MilanezTV;Mega's lonely;Licia 𝜗𝜚;Star ʚїɞ;maddy.;Magic🎩,DOUG,1,100.0%,brawlBall,Stockpile Stadium,22/06/2026 22:45:07,#QYVY0GU,guilhas,ENO,ENOSIS,friendly
None_Stockpile Stadium_#2V0PPQJJYG_#2J0VP80U0J_#PPJRYUUJJ_#QYVY0GU_#2Y2CJV9LR_#GJ0VQCPP_#22090JRLCC_#280C8U8JV0_#9Q9G9J92Q_#2QCCC29QV_BOLT_KENJI_DOUG_DOUG_BROCK_MINA_KAZE_MANDY_MELODIE_OLLIE,SA,#2V0PPQJJYG;#2J0VP80U0J;#PPJRYUUJJ;#QYVY0GU;#2Y2CJV9LR;#GJ0VQCPP;#22090JRLCC;#280C8U8JV0;#9Q9G9J92Q;#2QCCC29QV,ECS|Potato;away u deex🐰;TATAK3M;guilhas;MilanezTV;Mega's lonely;Licia 𝜗𝜚;Star ʚїɞ;maddy.;Magic🎩,BROCK,1,100.0%,brawlBall,Stockpile Stadium,22/06/2026 22:45:07,#2Y2CJV9LR,MilanezTV,ENO,ENOSIS,friendly
None_Stockpile Stadium_#2V0PPQJJYG_#2J0VP80U0J_#PPJRYUUJJ_#QYVY0GU_#2Y2CJV9LR_#GJ0VQCPP_#22090JRLCC_#280C8U8JV0_#9Q9G9J92Q_#2QCCC29QV_BOLT_KENJI_DOUG_DOUG_BROCK_MINA_KAZE_MANDY_MELODIE_OLLIE,SA,#2V0PPQJJYG;#2J0VP80U0J;#PPJRYUUJJ;#QYVY0GU;#2Y2CJV9LR;#GJ0VQCPP;#22090JRLCC;#280C8U8JV0;#9Q9G9J92Q;#2QCCC29QV,ECS|Potato;away u deex🐰;TATAK3M;guilhas;MilanezTV;Mega's lonely;Licia 𝜗𝜚;Star ʚїɞ;maddy.;Magic🎩,MINA,1,100.0%,brawlBall,Stockpile Stadium,22/06/2026 22:45:07,#GJ0VQCPP,Mega's lonely,ENO,ENOSIS,friendly
None_Pocket Pleasures_#22090JRLCC_#GJ0VQCPP_#280C8U8JV0_#9Q9G9J92Q_#2QCCC29QV_#2V0PPQJJYG_#PPJRYUUJJ_#2J0VP80U0J_#QYVY0GU_#2Y2CJV9LR_COLETTE_MINA_MANDY_FANG_BIBI_COLT_STARR NOVA_BOLT_PIERCE_JESSIE,SA,#22090JRLCC;#GJ0VQCPP;#280C8U8JV0;#9Q9G9J92Q;#2QCCC29QV;#2V0PPQJJYG;#PPJRYUUJJ;#2J0VP80U0J;#QYVY0GU;#2Y2CJV9LR,Licia 𝜗𝜚;Mega's lonely;Star ʚїɞ;maddy.;Magic🎩;ECS|Potato;TATAK3M;away u deex🐰;guilhas;MilanezTV,COLETTE,1,100.0%,brawlBall,Pocket Pleasures,22/06/2026 22:45:07,#22090JRLCC,Licia 𝜗𝜚,ENO,ENOSIS,friendly
None_Pocket Pleasures_#22090JRLCC_#GJ0VQCPP_#280C8U8JV0_#9Q9G9J92Q_#2QCCC29QV_#2V0PPQJJYG_#PPJRYUUJJ_#2J0VP80U0J_#QYVY0GU_#2Y2CJV9LR_COLETTE_MINA_MANDY_FANG_BIBI_COLT_STARR NOVA_BOLT_PIERCE_JESSIE,SA,#22090JRLCC;#GJ0VQCPP;#280C8U8JV0;#9Q9G9J92Q;#2QCCC29QV;#2V0PPQJJYG;#PPJRYUUJJ;#2J0VP80U0J;#QYVY0GU;#2Y2CJV9LR,Licia 𝜗𝜚;Mega's lonely;Star ʚїɞ;maddy.;Magic🎩;ECS|Potato;TATAK3M;away u deex🐰;guilhas;MilanezTV,MINA,1,100.0%,brawlBall,Pocket Pleasures,22/06/2026 22:45:07,#GJ0VQCPP,Mega's lonely,ENO,ENOSIS,friendly
None_Pocket Pleasures_#22090JRLCC_#GJ0VQCPP_#280C8U8JV0_#9Q9G9J92Q_#2QCCC29QV_#2V0PPQJJYG_#PPJRYUUJJ_#2J0VP80U0J_#QYVY0GU_#2Y2CJV9LR_COLETTE_MINA_MANDY_FANG_BIBI_COLT_STARR NOVA_BOLT_PIERCE_JESSIE,SA,#22090JRLCC;#GJ0VQCPP;#280C8U8JV0;#9Q9G9J92Q;#2QCCC29QV;#2V0PPQJJYG;#PPJRYUUJJ;#2J0VP80U0J;#QYVY0GU;#2Y2CJV9LR,Licia 𝜗𝜚;Mega's lonely;Star ʚїɞ;maddy.;Magic🎩;ECS|Potato;TATAK3M;away u deex🐰;guilhas;MilanezTV,MANDY,1,100.0%,brawlBall,Pocket Pleasures,22/06/2026 22:45:07,#280C8U8JV0,Star ʚїɞ,ENO,ENOSIS,friendly
None_Pocket Pleasures_#22090JRLCC_#GJ0VQCPP_#280C8U8JV0_#9Q9G9J92Q_#2QCCC29QV_#2V0PPQJJYG_#PPJRYUUJJ_#2J0VP80U0J_#QYVY0GU_#2Y2CJV9LR_COLETTE_MINA_MANDY_FANG_BIBI_COLT_STARR NOVA_BOLT_PIERCE_JESSIE,SA,#22090JRLCC;#GJ0VQCPP;#280C8U8JV0;#9Q9G9J92Q;#2QCCC29QV;#2V0PPQJJYG;#PPJRYUUJJ;#2J0VP80U0J;#QYVY0GU;#2Y2CJV9LR,Licia 𝜗𝜚;Mega's lonely;Star ʚїɞ;maddy.;Magic🎩;ECS|Potato;TATAK3M;away u deex🐰;guilhas;MilanezTV,FANG,0,0.0%,brawlBall,Pocket Pleasures,22/06/2026 22:45:07,#9Q9G9J92Q,maddy.,OPONENTE_T1,DESCONHECIDO T1,friendly
None_Pocket Pleasures_#22090JRLCC_#GJ0VQCPP_#280C8U8JV0_#9Q9G9J92Q_#2QCCC29QV_#2V0PPQJJYG_#PPJRYUUJJ_#2J0VP80U0J_#QYVY0GU_#2Y2CJV9LR_COLETTE_MINA_MANDY_FANG_BIBI_COLT_STARR NOVA_BOLT_PIERCE_JESSIE,SA,#22090JRLCC;#GJ0VQCPP;#280C8U8JV0;#9Q9G9J92Q;#2QCCC29QV;#2V0PPQJJYG;#PPJRYUUJJ;#2J0VP80U0J;#QYVY0GU;#2Y2CJV9LR,Licia 𝜗𝜚;Mega's lonely;Star ʚїɞ;maddy.;Magic🎩;ECS|Potato;TATAK3M;away u deex🐰;guilhas;MilanezTV,BIBI,0,0.0%,brawlBall,Pocket Pleasures,22/06/2026 22:45:07,#2QCCC29QV,Magic🎩,OPONENTE_T1,DESCONHECIDO T1,friendly
None_Pocket Pleasures_#22090JRLCC_#GJ0VQCPP_#280C8U8JV0_#9Q9G9J92Q_#2QCCC29QV_#2V0PPQJJYG_#PPJRYUUJJ_#2J0VP80U0J_#QYVY0GU_#2Y2CJV9LR_COLETTE_MINA_MANDY_FANG_BIBI_COLT_STARR NOVA_BOLT_PIERCE_JESSIE,SA,#22090JRLCC;#GJ0VQCPP;#280C8U8JV0;#9Q9G9J92Q;#2QCCC29QV;#2V0PPQJJYG;#PPJRYUUJJ;#2J0VP80U0J;#QYVY0GU;#2Y2CJV9LR,Licia 𝜗𝜚;Mega's lonely;Star ʚїɞ;maddy.;Magic🎩;ECS|Potato;TATAK3M;away u deex🐰;guilhas;MilanezTV,COLT,0,0.0%,brawlBall,Pocket Pleasures,22/06/2026 22:45:07,#2V0PPQJJYG,ECS|Potato,OPONENTE_T1,DESCONHECIDO T1,friendly
None_Siberian Stand Off_#2J0VP80U0J_#PPJRYUUJJ_#22090JRLCC_#280C8U8JV0_#9Q9G9J92Q_#2V0PPQJJYG_#GJ0VQCPP_#2Y2CJV9LR_#QYVY0GU_#2QCCC29QV_MORTIS_EDGAR_KAZE_OTIS_FANG_COLT_MORTIS_MANDY_PIERCE_BOLT,SA,#2J0VP80U0J;#PPJRYUUJJ;#22090JRLCC;#280C8U8JV0;#9Q9G9J92Q;#2V0PPQJJYG;#GJ0VQCPP;#2Y2CJV9LR;#QYVY0GU;#2QCCC29QV,away u deex🐰;TATAK3M;Licia 𝜗𝜚;Star ʚїɞ;maddy.;ECS|Potato;Mega's lonely;MilanezTV;guilhas;Magic🎩,MORTIS,1,100.0%,brawlBall,Siberian Stand Off,22/06/2026 22:45:07,#2J0VP80U0J,away u deex🐰,OPONENTE_T0,DESCONHECIDO T0,friendly
None_Siberian Stand Off_#2J0VP80U0J_#PPJRYUUJJ_#22090JRLCC_#280C8U8JV0_#9Q9G9J92Q_#2V0PPQJJYG_#GJ0VQCPP_#2Y2CJV9LR_#QYVY0GU_#2QCCC29QV_MORTIS_EDGAR_KAZE_OTIS_FANG_COLT_MORTIS_MANDY_PIERCE_BOLT,SA,#2J0VP80U0J;#PPJRYUUJJ;#22090JRLCC;#280C8U8JV0;#9Q9G9J92Q;#2V0PPQJJYG;#GJ0VQCPP;#2Y2CJV9LR;#QYVY0GU;#2QCCC29QV,away u deex🐰;TATAK3M;Licia 𝜗𝜚;Star ʚїɞ;maddy.;ECS|Potato;Mega's lonely;MilanezTV;guilhas;Magic🎩,EDGAR,1,100.0%,brawlBall,Siberian Stand Off,22/06/2026 22:45:07,#PPJRYUUJJ,TATAK3M,OPONENTE_T0,DESCONHECIDO T0,friendly
None_Siberian Stand Off_#2J0VP80U0J_#PPJRYUUJJ_#22090JRLCC_#280C8U8JV0_#9Q9G9J92Q_#2V0PPQJJYG_#GJ0VQCPP_#2Y2CJV9LR_#QYVY0GU_#2QCCC29QV_MORTIS_EDGAR_KAZE_OTIS_FANG_COLT_MORTIS_MANDY_PIERCE_BOLT,SA,#2J0VP80U0J;#PPJRYUUJJ;#22090JRLCC;#280C8U8JV0;#9Q9G9J92Q;#2V0PPQJJYG;#GJ0VQCPP;#2Y2CJV9LR;#QYVY0GU;#2QCCC29QV,away u deex🐰;TATAK3M;Licia 𝜗𝜚;Star ʚїɞ;maddy.;ECS|Potato;Mega's lonely;MilanezTV;guilhas;Magic🎩,KAZE,1,100.0%,brawlBall,Siberian Stand Off,22/06/2026 22:45:07,#22090JRLCC,Licia 𝜗𝜚,OPONENTE_T0,DESCONHECIDO T0,friendly
None_Siberian Stand Off_#2J0VP80U0J_#PPJRYUUJJ_#22090JRLCC_#280C8U8JV0_#9Q9G9J92Q_#2V0PPQJJYG_#GJ0VQCPP_#2Y2CJV9LR_#QYVY0GU_#2QCCC29QV_MORTIS_EDGAR_KAZE_OTIS_FANG_COLT_MORTIS_MANDY_PIERCE_BOLT,SA,#2J0VP80U0J;#PPJRYUUJJ;#22090JRLCC;#280C8U8JV0;#9Q9G9J92Q;#2V0PPQJJYG;#GJ0VQCPP;#2Y2CJV9LR;#QYVY0GU;#2QCCC29QV,away u deex🐰;TATAK3M;Licia 𝜗𝜚;Star ʚїɞ;maddy.;ECS|Potato;Mega's lonely;MilanezTV;guilhas;Magic🎩,OTIS,0,0.0%,brawlBall,Siberian Stand Off,22/06/2026 22:45:07,#280C8U8JV0,Star ʚїɞ,ENO,ENOSIS,friendly
None_Siberian Stand Off_#2J0VP80U0J_#PPJRYUUJJ_#22090JRLCC_#280C8U8JV0_#9Q9G9J92Q_#2V0PPQJJYG_#GJ0VQCPP_#2Y2CJV9LR_#QYVY0GU_#2QCCC29QV_MORTIS_EDGAR_KAZE_OTIS_FANG_COLT_MORTIS_MANDY_PIERCE_BOLT,SA,#2J0VP80U0J;#PPJRYUUJJ;#22090JRLCC;#280C8U8JV0;#9Q9G9J92Q;#2V0PPQJJYG;#GJ0VQCPP;#2Y2CJV9LR;#QYVY0GU;#2QCCC29QV,away u deex🐰;TATAK3M;Licia 𝜗𝜚;Star ʚїɞ;maddy.;ECS|Potato;Mega's lonely;MilanezTV;guilhas;Magic🎩,FANG,0,0.0%,brawlBall,Siberian Stand Off,22/06/2026 22:45:07,#9Q9G9J92Q,maddy.,ENO,ENOSIS,friendly
None_Siberian Stand Off_#2J0VP80U0J_#PPJRYUUJJ_#22090JRLCC_#280C8U8JV0_#9Q9G9J92Q_#2V0PPQJJYG_#GJ0VQCPP_#2Y2CJV9LR_#QYVY0GU_#2QCCC29QV_MORTIS_EDGAR_KAZE_OTIS_FANG_COLT_MORTIS_MANDY_PIERCE_BOLT,SA,#2J0VP80U0J;#PPJRYUUJJ;#22090JRLCC;#280C8U8JV0;#9Q9G9J92Q;#2V0PPQJJYG;#GJ0VQCPP;#2Y2CJV9LR;#QYVY0GU;#2QCCC29QV,away u deex🐰;TATAK3M;Licia 𝜗𝜚;Star ʚїɞ;maddy.;ECS|Potato;Mega's lonely;MilanezTV;guilhas;Magic🎩,COLT,0,0.0%,brawlBall,Siberian Stand Off,22/06/2026 22:45:07,#2V0PPQJJYG,ECS|Potato,ENO,ENOSIS,friendly
None_Pocket Pleasures_#2J0VP80U0J_#22090JRLCC_#PPJRYUUJJ_#9Q9G9J92Q_#280C8U8JV0_#2V0PPQJJYG_#GJ0VQCPP_#QYVY0GU_#2Y2CJV9LR_#2QCCC29QV_COLETTE_PIPER_COLETTE_BYRON_BEA_COLT_MORTIS_DAMIAN_BROCK_BOLT,SA,#2J0VP80U0J;#22090JRLCC;#PPJRYUUJJ;#9Q9G9J92Q;#280C8U8JV0;#2V0PPQJJYG;#GJ0VQCPP;#QYVY0GU;#2Y2CJV9LR;#2QCCC29QV,away u deex🐰;Licia 𝜗𝜚;TATAK3M;maddy.;Star ʚїɞ;ECS|Potato;Mega's lonely;guilhas;MilanezTV;Magic🎩,COLETTE,1,100.0%,brawlBall,Pocket Pleasures,22/06/2026 22:45:07,#2J0VP80U0J,away u deex🐰,OPONENTE_T0,DESCONHECIDO T0,friendly
None_Pocket Pleasures_#2J0VP80U0J_#22090JRLCC_#PPJRYUUJJ_#9Q9G9J92Q_#280C8U8JV0_#2V0PPQJJYG_#GJ0VQCPP_#QYVY0GU_#2Y2CJV9LR_#2QCCC29QV_COLETTE_PIPER_COLETTE_BYRON_BEA_COLT_MORTIS_DAMIAN_BROCK_BOLT,SA,#2J0VP80U0J;#22090JRLCC;#PPJRYUUJJ;#9Q9G9J92Q;#280C8U8JV0;#2V0PPQJJYG;#GJ0VQCPP;#QYVY0GU;#2Y2CJV9LR;#2QCCC29QV,away u deex🐰;Licia 𝜗𝜚;TATAK3M;maddy.;Star ʚїɞ;ECS|Potato;Mega's lonely;guilhas;MilanezTV;Magic🎩,PIPER,1,100.0%,brawlBall,Pocket Pleasures,22/06/2026 22:45:07,#22090JRLCC,Licia 𝜗𝜚,OPONENTE_T0,DESCONHECIDO T0,friendly
None_Pocket Pleasures_#2J0VP80U0J_#22090JRLCC_#PPJRYUUJJ_#9Q9G9J92Q_#280C8U8JV0_#2V0PPQJJYG_#GJ0VQCPP_#QYVY0GU_#2Y2CJV9LR_#2QCCC29QV_COLETTE_PIPER_COLETTE_BYRON_BEA_COLT_MORTIS_DAMIAN_BROCK_BOLT,SA,#2J0VP80U0J;#22090JRLCC;#PPJRYUUJJ;#9Q9G9J92Q;#280C8U8JV0;#2V0PPQJJYG;#GJ0VQCPP;#QYVY0GU;#2Y2CJV9LR;#2QCCC29QV,away u deex🐰;Licia 𝜗𝜚;TATAK3M;maddy.;Star ʚїɞ;ECS|Potato;Mega's lonely;guilhas;MilanezTV;Magic🎩,COLETTE,1,100.0%,brawlBall,Pocket Pleasures,22/06/2026 22:45:07,#PPJRYUUJJ,TATAK3M,OPONENTE_T0,DESCONHECIDO T0,friendly
None_Pocket Pleasures_#2J0VP80U0J_#22090JRLCC_#PPJRYUUJJ_#9Q9G9J92Q_#280C8U8JV0_#2V0PPQJJYG_#GJ0VQCPP_#QYVY0GU_#2Y2CJV9LR_#2QCCC29QV_COLETTE_PIPER_COLETTE_BYRON_BEA_COLT_MORTIS_DAMIAN_BROCK_BOLT,SA,#2J0VP80U0J;#22090JRLCC;#PPJRYUUJJ;#9Q9G9J92Q;#280C8U8JV0;#2V0PPQJJYG;#GJ0VQCPP;#QYVY0GU;#2Y2CJV9LR;#2QCCC29QV,away u deex🐰;Licia 𝜗𝜚;TATAK3M;maddy.;Star ʚїɞ;ECS|Potato;Mega's lonely;guilhas;MilanezTV;Magic🎩,BYRON,0,0.0%,brawlBall,Pocket Pleasures,22/06/2026 22:45:07,#9Q9G9J92Q,maddy.,ENO,ENOSIS,friendly
None_Pocket Pleasures_#2J0VP80U0J_#22090JRLCC_#PPJRYUUJJ_#9Q9G9J92Q_#280C8U8JV0_#2V0PPQJJYG_#GJ0VQCPP_#QYVY0GU_#2Y2CJV9LR_#2QCCC29QV_COLETTE_PIPER_COLETTE_BYRON_BEA_COLT_MORTIS_DAMIAN_BROCK_BOLT,SA,#2J0VP80U0J;#22090JRLCC;#PPJRYUUJJ;#9Q9G9J92Q;#280C8U8JV0;#2V0PPQJJYG;#GJ0VQCPP;#QYVY0GU;#2Y2CJV9LR;#2QCCC29QV,away u deex🐰;Licia 𝜗𝜚;TATAK3M;maddy.;Star ʚїɞ;ECS|Potato;Mega's lonely;guilhas;MilanezTV;Magic🎩,BEA,0,0.0%,brawlBall,Pocket Pleasures,22/06/2026 22:45:07,#280C8U8JV0,Star ʚїɞ,ENO,ENOSIS,friendly
None_Pocket Pleasures_#2J0VP80U0J_#22090JRLCC_#PPJRYUUJJ_#9Q9G9J92Q_#280C8U8JV0_#2V0PPQJJYG_#GJ0VQCPP_#QYVY0GU_#2Y2CJV9LR_#2QCCC29QV_COLETTE_PIPER_COLETTE_BYRON_BEA_COLT_MORTIS_DAMIAN_BROCK_BOLT,SA,#2J0VP80U0J;#22090JRLCC;#PPJRYUUJJ;#9Q9G9J92Q;#280C8U8JV0;#2V0PPQJJYG;#GJ0VQCPP;#QYVY0GU;#2Y2CJV9LR;#2QCCC29QV,away u deex🐰;Licia 𝜗𝜚;TATAK3M;maddy.;Star ʚїɞ;ECS|Potato;Mega's lonely;guilhas;MilanezTV;Magic🎩,COLT,0,0.0%,brawlBall,Pocket Pleasures,22/06/2026 22:45:07,#2V0PPQJJYG,ECS|Potato,ENO,ENOSIS,friendly
None_Hard Rock Mine_#QLCJGQUP_#82RCQCVG_#U9GC8G02_#RLLRJ2_#QUYCVC2_#LVRRYPV_NITA_KAZE_KENJI_MOE_NAJIA_CHESTER,NA,#QLCJGQUP;#82RCQCVG;#U9GC8G02;#RLLRJ2;#QUYCVC2;#LVRRYPV,TRB|Diegogamer;TRB|Lxffy🌪️;TRB|R B M;RLM|Patchy;RLM|sans;RLM|bobby,NITA,0,0.0%,gemGrab,Hard Rock Mine,22/06/2026 22:45:07,#QLCJGQUP,TRB|Diegogamer,TRB,TRIBE GAMING,tournament
None_Hard Rock Mine_#QLCJGQUP_#82RCQCVG_#U9GC8G02_#RLLRJ2_#QUYCVC2_#LVRRYPV_NITA_KAZE_KENJI_MOE_NAJIA_CHESTER,NA,#QLCJGQUP;#82RCQCVG;#U9GC8G02;#RLLRJ2;#QUYCVC2;#LVRRYPV,TRB|Diegogamer;TRB|Lxffy🌪️;TRB|R B M;RLM|Patchy;RLM|sans;RLM|bobby,KAZE,0,0.0%,gemGrab,Hard Rock Mine,22/06/2026 22:45:07,#82RCQCVG,TRB|Lxffy🌪️,TRB,TRIBE GAMING,tournament
None_Hard Rock Mine_#QLCJGQUP_#82RCQCVG_#U9GC8G02_#RLLRJ2_#QUYCVC2_#LVRRYPV_NITA_KAZE_KENJI_MOE_NAJIA_CHESTER,NA,#QLCJGQUP;#82RCQCVG;#U9GC8G02;#RLLRJ2;#QUYCVC2;#LVRRYPV,TRB|Diegogamer;TRB|Lxffy🌪️;TRB|R B M;RLM|Patchy;RLM|sans;RLM|bobby,KENJI,0,0.0%,gemGrab,Hard Rock Mine,22/06/2026 22:45:07,#U9GC8G02,TRB|R B M,TRB,TRIBE GAMING,tournament
None_Hard Rock Mine_#QLCJGQUP_#82RCQCVG_#U9GC8G02_#RLLRJ2_#QUYCVC2_#LVRRYPV_NITA_KAZE_KENJI_MOE_NAJIA_CHESTER,NA,#QLCJGQUP;#82RCQCVG;#U9GC8G02;#RLLRJ2;#QUYCVC2;#LVRRYPV,TRB|Diegogamer;TRB|Lxffy🌪️;TRB|R B M;RLM|Patchy;RLM|sans;RLM|bobby,MOE,1,100.0%,gemGrab,Hard Rock Mine,22/06/2026 22:45:07,#RLLRJ2,RLM|Patchy,RLM,ONLY REALM,tournament
None_Hard Rock Mine_#QLCJGQUP_#82RCQCVG_#U9GC8G02_#RLLRJ2_#QUYCVC2_#LVRRYPV_NITA_KAZE_KENJI_MOE_NAJIA_CHESTER,NA,#QLCJGQUP;#82RCQCVG;#U9GC8G02;#RLLRJ2;#QUYCVC2;#LVRRYPV,TRB|Diegogamer;TRB|Lxffy🌪️;TRB|R B M;RLM|Patchy;RLM|sans;RLM|bobby,NAJIA,1,100.0%,gemGrab,Hard Rock Mine,22/06/2026 22:45:07,#QUYCVC2,RLM|sans,RLM,ONLY REALM,tournament
None_Hard Rock Mine_#QLCJGQUP_#82RCQCVG_#U9GC8G02_#RLLRJ2_#QUYCVC2_#LVRRYPV_NITA_KAZE_KENJI_MOE_NAJIA_CHESTER,NA,#QLCJGQUP;#82RCQCVG;#U9GC8G02;#RLLRJ2;#QUYCVC2;#LVRRYPV,TRB|Diegogamer;TRB|Lxffy🌪️;TRB|R B M;RLM|Patchy;RLM|sans;RLM|bobby,CHESTER,1,100.0%,gemGrab,Hard Rock Mine,22/06/2026 22:45:07,#LVRRYPV,RLM|bobby,RLM,ONLY REALM,tournament
None_Pinball Dreams_#QLCJGQUP_#82RCQCVG_#U9GC8G02_#RLLRJ2_#QUYCVC2_#LVRRYPV_WILLOW_LILY_OTIS_SIRIUS_KENJI_LUMI,NA,#QLCJGQUP;#82RCQCVG;#U9GC8G02;#RLLRJ2;#QUYCVC2;#LVRRYPV,TRB|Diegogamer;TRB|Lxffy🌪️;TRB|R B M;RLM|Patchy;RLM|sans;RLM|bobby,WILLOW,1,100.0%,brawlBall,Pinball Dreams,22/06/2026 22:45:07,#QLCJGQUP,TRB|Diegogamer,TRB,TRIBE GAMING,tournament
None_Pinball Dreams_#QLCJGQUP_#82RCQCVG_#U9GC8G02_#RLLRJ2_#QUYCVC2_#LVRRYPV_WILLOW_LILY_OTIS_SIRIUS_KENJI_LUMI,NA,#QLCJGQUP;#82RCQCVG;#U9GC8G02;#RLLRJ2;#QUYCVC2;#LVRRYPV,TRB|Diegogamer;TRB|Lxffy🌪️;TRB|R B M;RLM|Patchy;RLM|sans;RLM|bobby,LILY,1,100.0%,brawlBall,Pinball Dreams,22/06/2026 22:45:07,#82RCQCVG,TRB|Lxffy🌪️,TRB,TRIBE GAMING,tournament
None_Pinball Dreams_#QLCJGQUP_#82RCQCVG_#U9GC8G02_#RLLRJ2_#QUYCVC2_#LVRRYPV_WILLOW_LILY_OTIS_SIRIUS_KENJI_LUMI,NA,#QLCJGQUP;#82RCQCVG;#U9GC8G02;#RLLRJ2;#QUYCVC2;#LVRRYPV,TRB|Diegogamer;TRB|Lxffy🌪️;TRB|R B M;RLM|Patchy;RLM|sans;RLM|bobby,OTIS,1,100.0%,brawlBall,Pinball Dreams,22/06/2026 22:45:07,#U9GC8G02,TRB|R B M,TRB,TRIBE GAMING,tournament
None_Pinball Dreams_#QLCJGQUP_#82RCQCVG_#U9GC8G02_#RLLRJ2_#QUYCVC2_#LVRRYPV_WILLOW_LILY_OTIS_SIRIUS_KENJI_LUMI,NA,#QLCJGQUP;#82RCQCVG;#U9GC8G02;#RLLRJ2;#QUYCVC2;#LVRRYPV,TRB|Diegogamer;TRB|Lxffy🌪️;TRB|R B M;RLM|Patchy;RLM|sans;RLM|bobby,SIRIUS,0,0.0%,brawlBall,Pinball Dreams,22/06/2026 22:45:07,#RLLRJ2,RLM|Patchy,RLM,ONLY REALM,tournament
None_Pinball Dreams_#QLCJGQUP_#82RCQCVG_#U9GC8G02_#RLLRJ2_#QUYCVC2_#LVRRYPV_WILLOW_LILY_OTIS_SIRIUS_KENJI_LUMI,NA,#QLCJGQUP;#82RCQCVG;#U9GC8G02;#RLLRJ2;#QUYCVC2;#LVRRYPV,TRB|Diegogamer;TRB|Lxffy🌪️;TRB|R B M;RLM|Patchy;RLM|sans;RLM|bobby,KENJI,0,0.0%,brawlBall,Pinball Dreams,22/06/2026 22:45:07,#QUYCVC2,RLM|sans,RLM,ONLY REALM,tournament
None_Pinball Dreams_#QLCJGQUP_#82RCQCVG_#U9GC8G02_#RLLRJ2_#QUYCVC2_#LVRRYPV_WILLOW_LILY_OTIS_SIRIUS_KENJI_LUMI,NA,#QLCJGQUP;#82RCQCVG;#U9GC8G02;#RLLRJ2;#QUYCVC2;#LVRRYPV,TRB|Diegogamer;TRB|Lxffy🌪️;TRB|R B M;RLM|Patchy;RLM|sans;RLM|bobby,LUMI,0,0.0%,brawlBall,Pinball Dreams,22/06/2026 22:45:07,#LVRRYPV,RLM|bobby,RLM,ONLY REALM,tournament
None_Hideout_#QLCJGQUP_#82RCQCVG_#U9GC8G02_#RLLRJ2_#QUYCVC2_#LVRRYPV_MEEPLE_MORTIS_BYRON_COLT_MINA_PIERCE,NA,#QLCJGQUP;#82RCQCVG;#U9GC8G02;#RLLRJ2;#QUYCVC2;#LVRRYPV,TRB|Diegogamer;TRB|Lxffy🌪️;TRB|R B M;RLM|Patchy;RLM|sans;RLM|bobby,MEEPLE,0,0.0%,bounty,Hideout,22/06/2026 22:45:07,#QLCJGQUP,TRB|Diegogamer,TRB,TRIBE GAMING,tournament
None_Hideout_#QLCJGQUP_#82RCQCVG_#U9GC8G02_#RLLRJ2_#QUYCVC2_#LVRRYPV_MEEPLE_MORTIS_BYRON_COLT_MINA_PIERCE,NA,#QLCJGQUP;#82RCQCVG;#U9GC8G02;#RLLRJ2;#QUYCVC2;#LVRRYPV,TRB|Diegogamer;TRB|Lxffy🌪️;TRB|R B M;RLM|Patchy;RLM|sans;RLM|bobby,MORTIS,0,0.0%,bounty,Hideout,22/06/2026 22:45:07,#82RCQCVG,TRB|Lxffy🌪️,TRB,TRIBE GAMING,tournament
None_Hideout_#QLCJGQUP_#82RCQCVG_#U9GC8G02_#RLLRJ2_#QUYCVC2_#LVRRYPV_MEEPLE_MORTIS_BYRON_COLT_MINA_PIERCE,NA,#QLCJGQUP;#82RCQCVG;#U9GC8G02;#RLLRJ2;#QUYCVC2;#LVRRYPV,TRB|Diegogamer;TRB|Lxffy🌪️;TRB|R B M;RLM|Patchy;RLM|sans;RLM|bobby,BYRON,0,0.0%,bounty,Hideout,22/06/2026 22:45:07,#U9GC8G02,TRB|R B M,TRB,TRIBE GAMING,tournament
None_Hideout_#QLCJGQUP_#82RCQCVG_#U9GC8G02_#RLLRJ2_#QUYCVC2_#LVRRYPV_MEEPLE_MORTIS_BYRON_COLT_MINA_PIERCE,NA,#QLCJGQUP;#82RCQCVG;#U9GC8G02;#RLLRJ2;#QUYCVC2;#LVRRYPV,TRB|Diegogamer;TRB|Lxffy🌪️;TRB|R B M;RLM|Patchy;RLM|sans;RLM|bobby,COLT,1,100.0%,bounty,Hideout,22/06/2026 22:45:07,#RLLRJ2,RLM|Patchy,RLM,ONLY REALM,tournament
None_Hideout_#QLCJGQUP_#82RCQCVG_#U9GC8G02_#RLLRJ2_#QUYCVC2_#LVRRYPV_MEEPLE_MORTIS_BYRON_COLT_MINA_PIERCE,NA,#QLCJGQUP;#82RCQCVG;#U9GC8G02;#RLLRJ2;#QUYCVC2;#LVRRYPV,TRB|Diegogamer;TRB|Lxffy🌪️;TRB|R B M;RLM|Patchy;RLM|sans;RLM|bobby,MINA,1,100.0%,bounty,Hideout,22/06/2026 22:45:07,#QUYCVC2,RLM|sans,RLM,ONLY REALM,tournament
None_Hideout_#QLCJGQUP_#82RCQCVG_#U9GC8G02_#RLLRJ2_#QUYCVC2_#LVRRYPV_MEEPLE_MORTIS_BYRON_COLT_MINA_PIERCE,NA,#QLCJGQUP;#82RCQCVG;#U9GC8G02;#RLLRJ2;#QUYCVC2;#LVRRYPV,TRB|Diegogamer;TRB|Lxffy🌪️;TRB|R B M;RLM|Patchy;RLM|sans;RLM|bobby,PIERCE,1,100.0%,bounty,Hideout,22/06/2026 22:45:07,#LVRRYPV,RLM|bobby,RLM,ONLY REALM,tournament
None_Pit Stop_#QLCJGQUP_#82RCQCVG_#U9GC8G02_#RLLRJ2_#QUYCVC2_#LVRRYPV_BERRY_KAZE_BUZZ_BIBI_LUMI_MAISIE,NA,#QLCJGQUP;#82RCQCVG;#U9GC8G02;#RLLRJ2;#QUYCVC2;#LVRRYPV,TRB|Diegogamer;TRB|Lxffy🌪️;TRB|R B M;RLM|Patchy;RLM|sans;RLM|bobby,BERRY,0,0.0%,heist,Pit Stop,22/06/2026 22:45:07,#QLCJGQUP,TRB|Diegogamer,TRB,TRIBE GAMING,tournament
None_Pit Stop_#QLCJGQUP_#82RCQCVG_#U9GC8G02_#RLLRJ2_#QUYCVC2_#LVRRYPV_BERRY_KAZE_BUZZ_BIBI_LUMI_MAISIE,NA,#QLCJGQUP;#82RCQCVG;#U9GC8G02;#RLLRJ2;#QUYCVC2;#LVRRYPV,TRB|Diegogamer;TRB|Lxffy🌪️;TRB|R B M;RLM|Patchy;RLM|sans;RLM|bobby,KAZE,0,0.0%,heist,Pit Stop,22/06/2026 22:45:07,#82RCQCVG,TRB|Lxffy🌪️,TRB,TRIBE GAMING,tournament
None_Pit Stop_#QLCJGQUP_#82RCQCVG_#U9GC8G02_#RLLRJ2_#QUYCVC2_#LVRRYPV_BERRY_KAZE_BUZZ_BIBI_LUMI_MAISIE,NA,#QLCJGQUP;#82RCQCVG;#U9GC8G02;#RLLRJ2;#QUYCVC2;#LVRRYPV,TRB|Diegogamer;TRB|Lxffy🌪️;TRB|R B M;RLM|Patchy;RLM|sans;RLM|bobby,BUZZ,0,0.0%,heist,Pit Stop,22/06/2026 22:45:07,#U9GC8G02,TRB|R B M,TRB,TRIBE GAMING,tournament
None_Pit Stop_#QLCJGQUP_#82RCQCVG_#U9GC8G02_#RLLRJ2_#QUYCVC2_#LVRRYPV_BERRY_KAZE_BUZZ_BIBI_LUMI_MAISIE,NA,#QLCJGQUP;#82RCQCVG;#U9GC8G02;#RLLRJ2;#QUYCVC2;#LVRRYPV,TRB|Diegogamer;TRB|Lxffy🌪️;TRB|R B M;RLM|Patchy;RLM|sans;RLM|bobby,BIBI,1,100.0%,heist,Pit Stop,22/06/2026 22:45:07,#RLLRJ2,RLM|Patchy,RLM,ONLY REALM,tournament
None_Pit Stop_#QLCJGQUP_#82RCQCVG_#U9GC8G02_#RLLRJ2_#QUYCVC2_#LVRRYPV_BERRY_KAZE_BUZZ_BIBI_LUMI_MAISIE,NA,#QLCJGQUP;#82RCQCVG;#U9GC8G02;#RLLRJ2;#QUYCVC2;#LVRRYPV,TRB|Diegogamer;TRB|Lxffy🌪️;TRB|R B M;RLM|Patchy;RLM|sans;RLM|bobby,LUMI,1,100.0%,heist,Pit Stop,22/06/2026 22:45:07,#QUYCVC2,RLM|sans,RLM,ONLY REALM,tournament
None_Pit Stop_#QLCJGQUP_#82RCQCVG_#U9GC8G02_#RLLRJ2_#QUYCVC2_#LVRRYPV_BERRY_KAZE_BUZZ_BIBI_LUMI_MAISIE,NA,#QLCJGQUP;#82RCQCVG;#U9GC8G02;#RLLRJ2;#QUYCVC2;#LVRRYPV,TRB|Diegogamer;TRB|Lxffy🌪️;TRB|R B M;RLM|Patchy;RLM|sans;RLM|bobby,MAISIE,1,100.0%,heist,Pit Stop,22/06/2026 22:45:07,#LVRRYPV,RLM|bobby,RLM,ONLY REALM,tournament
None_Hideout_#GCJCRVQ8_#VJUQ0Y_#JJ09PC0P_#RLLRJ2_#QUYCVC2_#LVRRYPV_KAZE_BYRON_CHARLIE_GENE_PENNY_PIERCE,NA,#GCJCRVQ8;#VJUQ0Y;#JJ09PC0P;#RLLRJ2;#QUYCVC2;#LVRRYPV,𑣲tacos;RLM|chino;vgtsauce;RLM|Patchy;RLM|sans;RLM|bobby,KAZE,1,100.0%,bounty,Hideout,22/06/2026 22:45:07,#GCJCRVQ8,𑣲tacos,VICD,VIC Day,tournament
None_Hideout_#GCJCRVQ8_#VJUQ0Y_#JJ09PC0P_#RLLRJ2_#QUYCVC2_#LVRRYPV_KAZE_BYRON_CHARLIE_GENE_PENNY_PIERCE,NA,#GCJCRVQ8;#VJUQ0Y;#JJ09PC0P;#RLLRJ2;#QUYCVC2;#LVRRYPV,𑣲tacos;RLM|chino;vgtsauce;RLM|Patchy;RLM|sans;RLM|bobby,BYRON,1,100.0%,bounty,Hideout,22/06/2026 22:45:07,#VJUQ0Y,RLM|chino,VICD,VIC Day,tournament
None_Hideout_#GCJCRVQ8_#VJUQ0Y_#JJ09PC0P_#RLLRJ2_#QUYCVC2_#LVRRYPV_KAZE_BYRON_CHARLIE_GENE_PENNY_PIERCE,NA,#GCJCRVQ8;#VJUQ0Y;#JJ09PC0P;#RLLRJ2;#QUYCVC2;#LVRRYPV,𑣲tacos;RLM|chino;vgtsauce;RLM|Patchy;RLM|sans;RLM|bobby,CHARLIE,1,100.0%,bounty,Hideout,22/06/2026 22:45:07,#JJ09PC0P,vgtsauce,VICD,VIC Day,tournament
None_Hideout_#GCJCRVQ8_#VJUQ0Y_#JJ09PC0P_#RLLRJ2_#QUYCVC2_#LVRRYPV_KAZE_BYRON_CHARLIE_GENE_PENNY_PIERCE,NA,#GCJCRVQ8;#VJUQ0Y;#JJ09PC0P;#RLLRJ2;#QUYCVC2;#LVRRYPV,𑣲tacos;RLM|chino;vgtsauce;RLM|Patchy;RLM|sans;RLM|bobby,GENE,0,0.0%,bounty,Hideout,22/06/2026 22:45:07,#RLLRJ2,RLM|Patchy,RLM,ONLY REALM,tournament
None_Hideout_#GCJCRVQ8_#VJUQ0Y_#JJ09PC0P_#RLLRJ2_#QUYCVC2_#LVRRYPV_KAZE_BYRON_CHARLIE_GENE_PENNY_PIERCE,NA,#GCJCRVQ8;#VJUQ0Y;#JJ09PC0P;#RLLRJ2;#QUYCVC2;#LVRRYPV,𑣲tacos;RLM|chino;vgtsauce;RLM|Patchy;RLM|sans;RLM|bobby,PENNY,0,0.0%,bounty,Hideout,22/06/2026 22:45:07,#QUYCVC2,RLM|sans,RLM,ONLY REALM,tournament
None_Hideout_#GCJCRVQ8_#VJUQ0Y_#JJ09PC0P_#RLLRJ2_#QUYCVC2_#LVRRYPV_KAZE_BYRON_CHARLIE_GENE_PENNY_PIERCE,NA,#GCJCRVQ8;#VJUQ0Y;#JJ09PC0P;#RLLRJ2;#QUYCVC2;#LVRRYPV,𑣲tacos;RLM|chino;vgtsauce;RLM|Patchy;RLM|sans;RLM|bobby,PIERCE,0,0.0%,bounty,Hideout,22/06/2026 22:45:07,#LVRRYPV,RLM|bobby,RLM,ONLY REALM,tournament
None_Pinhole Punt_#JJ09PC0P_#VJUQ0Y_#GCJCRVQ8_#RLLRJ2_#LVRRYPV_#QUYCVC2_AMBER_CHESTER_SHADE_STU_PIERCE_CHARLIE,NA,#JJ09PC0P;#VJUQ0Y;#GCJCRVQ8;#RLLRJ2;#LVRRYPV;#QUYCVC2,vgtsauce;RLM|chino;𑣲tacos;RLM|Patchy;RLM|bobby;RLM|sans,AMBER,0,0.0%,brawlBall,Pinhole Punt,22/06/2026 22:45:07,#JJ09PC0P,vgtsauce,VICD,VIC Day,tournament
None_Pinhole Punt_#JJ09PC0P_#VJUQ0Y_#GCJCRVQ8_#RLLRJ2_#LVRRYPV_#QUYCVC2_AMBER_CHESTER_SHADE_STU_PIERCE_CHARLIE,NA,#JJ09PC0P;#VJUQ0Y;#GCJCRVQ8;#RLLRJ2;#LVRRYPV;#QUYCVC2,vgtsauce;RLM|chino;𑣲tacos;RLM|Patchy;RLM|bobby;RLM|sans,CHESTER,0,0.0%,brawlBall,Pinhole Punt,22/06/2026 22:45:07,#VJUQ0Y,RLM|chino,VICD,VIC Day,tournament
None_Pinhole Punt_#JJ09PC0P_#VJUQ0Y_#GCJCRVQ8_#RLLRJ2_#LVRRYPV_#QUYCVC2_AMBER_CHESTER_SHADE_STU_PIERCE_CHARLIE,NA,#JJ09PC0P;#VJUQ0Y;#GCJCRVQ8;#RLLRJ2;#LVRRYPV;#QUYCVC2,vgtsauce;RLM|chino;𑣲tacos;RLM|Patchy;RLM|bobby;RLM|sans,SHADE,0,0.0%,brawlBall,Pinhole Punt,22/06/2026 22:45:07,#GCJCRVQ8,𑣲tacos,VICD,VIC Day,tournament
None_Pinhole Punt_#JJ09PC0P_#VJUQ0Y_#GCJCRVQ8_#RLLRJ2_#LVRRYPV_#QUYCVC2_AMBER_CHESTER_SHADE_STU_PIERCE_CHARLIE,NA,#JJ09PC0P;#VJUQ0Y;#GCJCRVQ8;#RLLRJ2;#LVRRYPV;#QUYCVC2,vgtsauce;RLM|chino;𑣲tacos;RLM|Patchy;RLM|bobby;RLM|sans,STU,1,100.0%,brawlBall,Pinhole Punt,22/06/2026 22:45:07,#RLLRJ2,RLM|Patchy,RLM,ONLY REALM,tournament
None_Pinhole Punt_#JJ09PC0P_#VJUQ0Y_#GCJCRVQ8_#RLLRJ2_#LVRRYPV_#QUYCVC2_AMBER_CHESTER_SHADE_STU_PIERCE_CHARLIE,NA,#JJ09PC0P;#VJUQ0Y;#GCJCRVQ8;#RLLRJ2;#LVRRYPV;#QUYCVC2,vgtsauce;RLM|chino;𑣲tacos;RLM|Patchy;RLM|bobby;RLM|sans,PIERCE,1,100.0%,brawlBall,Pinhole Punt,22/06/2026 22:45:07,#LVRRYPV,RLM|bobby,RLM,ONLY REALM,tournament
None_Pinhole Punt_#JJ09PC0P_#VJUQ0Y_#GCJCRVQ8_#RLLRJ2_#LVRRYPV_#QUYCVC2_AMBER_CHESTER_SHADE_STU_PIERCE_CHARLIE,NA,#JJ09PC0P;#VJUQ0Y;#GCJCRVQ8;#RLLRJ2;#LVRRYPV;#QUYCVC2,vgtsauce;RLM|chino;𑣲tacos;RLM|Patchy;RLM|bobby;RLM|sans,CHARLIE,1,100.0%,brawlBall,Pinhole Punt,22/06/2026 22:45:07,#QUYCVC2,RLM|sans,RLM,ONLY REALM,tournament
None_New Horizons_#JJ09PC0P_#VJUQ0Y_#GCJCRVQ8_#RLLRJ2_#QUYCVC2_#LVRRYPV_CHARLIE_KIT_MORTIS_CROW_MINA_GRIFF,NA,#JJ09PC0P;#VJUQ0Y;#GCJCRVQ8;#RLLRJ2;#QUYCVC2;#LVRRYPV,vgtsauce;RLM|chino;𑣲tacos;RLM|Patchy;RLM|sans;RLM|bobby,CHARLIE,1,100.0%,knockout,New Horizons,22/06/2026 22:45:07,#JJ09PC0P,vgtsauce,VICD,VIC Day,tournament
None_New Horizons_#JJ09PC0P_#VJUQ0Y_#GCJCRVQ8_#RLLRJ2_#QUYCVC2_#LVRRYPV_CHARLIE_KIT_MORTIS_CROW_MINA_GRIFF,NA,#JJ09PC0P;#VJUQ0Y;#GCJCRVQ8;#RLLRJ2;#QUYCVC2;#LVRRYPV,vgtsauce;RLM|chino;𑣲tacos;RLM|Patchy;RLM|sans;RLM|bobby,KIT,1,100.0%,knockout,New Horizons,22/06/2026 22:45:07,#VJUQ0Y,RLM|chino,VICD,VIC Day,tournament
None_New Horizons_#JJ09PC0P_#VJUQ0Y_#GCJCRVQ8_#RLLRJ2_#QUYCVC2_#LVRRYPV_CHARLIE_KIT_MORTIS_CROW_MINA_GRIFF,NA,#JJ09PC0P;#VJUQ0Y;#GCJCRVQ8;#RLLRJ2;#QUYCVC2;#LVRRYPV,vgtsauce;RLM|chino;𑣲tacos;RLM|Patchy;RLM|sans;RLM|bobby,MORTIS,1,100.0%,knockout,New Horizons,22/06/2026 22:45:07,#GCJCRVQ8,𑣲tacos,VICD,VIC Day,tournament
None_New Horizons_#JJ09PC0P_#VJUQ0Y_#GCJCRVQ8_#RLLRJ2_#QUYCVC2_#LVRRYPV_CHARLIE_KIT_MORTIS_CROW_MINA_GRIFF,NA,#JJ09PC0P;#VJUQ0Y;#GCJCRVQ8;#RLLRJ2;#QUYCVC2;#LVRRYPV,vgtsauce;RLM|chino;𑣲tacos;RLM|Patchy;RLM|sans;RLM|bobby,CROW,0,0.0%,knockout,New Horizons,22/06/2026 22:45:07,#RLLRJ2,RLM|Patchy,RLM,ONLY REALM,tournament
None_New Horizons_#JJ09PC0P_#VJUQ0Y_#GCJCRVQ8_#RLLRJ2_#QUYCVC2_#LVRRYPV_CHARLIE_KIT_MORTIS_CROW_MINA_GRIFF,NA,#JJ09PC0P;#VJUQ0Y;#GCJCRVQ8;#RLLRJ2;#QUYCVC2;#LVRRYPV,vgtsauce;RLM|chino;𑣲tacos;RLM|Patchy;RLM|sans;RLM|bobby,MINA,0,0.0%,knockout,New Horizons,22/06/2026 22:45:07,#QUYCVC2,RLM|sans,RLM,ONLY REALM,tournament
None_New Horizons_#JJ09PC0P_#VJUQ0Y_#GCJCRVQ8_#RLLRJ2_#QUYCVC2_#LVRRYPV_CHARLIE_KIT_MORTIS_CROW_MINA_GRIFF,NA,#JJ09PC0P;#VJUQ0Y;#GCJCRVQ8;#RLLRJ2;#QUYCVC2;#LVRRYPV,vgtsauce;RLM|chino;𑣲tacos;RLM|Patchy;RLM|sans;RLM|bobby,GRIFF,0,0.0%,knockout,New Horizons,22/06/2026 22:45:07,#LVRRYPV,RLM|bobby,RLM,ONLY REALM,tournament
None_Dueling Beetles_#GCJCRVQ8_#JJ09PC0P_#VJUQ0Y_#RLLRJ2_#QUYCVC2_#LVRRYPV_MINA_LOU_POCO_GRIFF_FINX_RUFFS,NA,#GCJCRVQ8;#JJ09PC0P;#VJUQ0Y;#RLLRJ2;#QUYCVC2;#LVRRYPV,𑣲tacos;vgtsauce;RLM|chino;RLM|Patchy;RLM|sans;RLM|bobby,MINA,1,100.0%,hotZone,Dueling Beetles,22/06/2026 22:45:07,#GCJCRVQ8,𑣲tacos,VICD,VIC Day,tournament
None_Dueling Beetles_#GCJCRVQ8_#JJ09PC0P_#VJUQ0Y_#RLLRJ2_#QUYCVC2_#LVRRYPV_MINA_LOU_POCO_GRIFF_FINX_RUFFS,NA,#GCJCRVQ8;#JJ09PC0P;#VJUQ0Y;#RLLRJ2;#QUYCVC2;#LVRRYPV,𑣲tacos;vgtsauce;RLM|chino;RLM|Patchy;RLM|sans;RLM|bobby,LOU,1,100.0%,hotZone,Dueling Beetles,22/06/2026 22:45:07,#JJ09PC0P,vgtsauce,VICD,VIC Day,tournament
None_Dueling Beetles_#GCJCRVQ8_#JJ09PC0P_#VJUQ0Y_#RLLRJ2_#QUYCVC2_#LVRRYPV_MINA_LOU_POCO_GRIFF_FINX_RUFFS,NA,#GCJCRVQ8;#JJ09PC0P;#VJUQ0Y;#RLLRJ2;#QUYCVC2;#LVRRYPV,𑣲tacos;vgtsauce;RLM|chino;RLM|Patchy;RLM|sans;RLM|bobby,POCO,1,100.0%,hotZone,Dueling Beetles,22/06/2026 22:45:07,#VJUQ0Y,RLM|chino,VICD,VIC Day,tournament
None_Dueling Beetles_#GCJCRVQ8_#JJ09PC0P_#VJUQ0Y_#RLLRJ2_#QUYCVC2_#LVRRYPV_MINA_LOU_POCO_GRIFF_FINX_RUFFS,NA,#GCJCRVQ8;#JJ09PC0P;#VJUQ0Y;#RLLRJ2;#QUYCVC2;#LVRRYPV,𑣲tacos;vgtsauce;RLM|chino;RLM|Patchy;RLM|sans;RLM|bobby,GRIFF,0,0.0%,hotZone,Dueling Beetles,22/06/2026 22:45:07,#RLLRJ2,RLM|Patchy,RLM,ONLY REALM,tournament
None_Dueling Beetles_#GCJCRVQ8_#JJ09PC0P_#VJUQ0Y_#RLLRJ2_#QUYCVC2_#LVRRYPV_MINA_LOU_POCO_GRIFF_FINX_RUFFS,NA,#GCJCRVQ8;#JJ09PC0P;#VJUQ0Y;#RLLRJ2;#QUYCVC2;#LVRRYPV,𑣲tacos;vgtsauce;RLM|chino;RLM|Patchy;RLM|sans;RLM|bobby,FINX,0,0.0%,hotZone,Dueling Beetles,22/06/2026 22:45:07,#QUYCVC2,RLM|sans,RLM,ONLY REALM,tournament
None_Dueling Beetles_#GCJCRVQ8_#JJ09PC0P_#VJUQ0Y_#RLLRJ2_#QUYCVC2_#LVRRYPV_MINA_LOU_POCO_GRIFF_FINX_RUFFS,NA,#GCJCRVQ8;#JJ09PC0P;#VJUQ0Y;#RLLRJ2;#QUYCVC2;#LVRRYPV,𑣲tacos;vgtsauce;RLM|chino;RLM|Patchy;RLM|sans;RLM|bobby,RUFFS,0,0.0%,hotZone,Dueling Beetles,22/06/2026 22:45:07,#LVRRYPV,RLM|bobby,RLM,ONLY REALM,tournament
None_Out in the Open_#2GPU0PQY8_#PJPPY9LRC_#GRUQCJQ8V_#82RCQCVG_#R80QRP0G_#8Y02VRGR_NAJIA_EDGAR_PIERCE_DAMIAN_BYRON_RUFFS,NA,#2GPU0PQY8;#PJPPY9LRC;#GRUQCJQ8V;#82RCQCVG;#R80QRP0G;#8Y02VRGR,sn3akzy ✗;TE|𑣲Memxn;IAmAbsolute👁️;TRB|Lxffy🌪️;𑣲squeezy;NRG|❄️vSxolar❄️,NAJIA,0,0.0%,knockout,Out in the Open,22/06/2026 22:45:07,#2GPU0PQY8,sn3akzy ✗,OPONENTE_T0,DESCONHECIDO T0,tournament
None_Out in the Open_#2GPU0PQY8_#PJPPY9LRC_#GRUQCJQ8V_#82RCQCVG_#R80QRP0G_#8Y02VRGR_NAJIA_EDGAR_PIERCE_DAMIAN_BYRON_RUFFS,NA,#2GPU0PQY8;#PJPPY9LRC;#GRUQCJQ8V;#82RCQCVG;#R80QRP0G;#8Y02VRGR,sn3akzy ✗;TE|𑣲Memxn;IAmAbsolute👁️;TRB|Lxffy🌪️;𑣲squeezy;NRG|❄️vSxolar❄️,EDGAR,0,0.0%,knockout,Out in the Open,22/06/2026 22:45:07,#PJPPY9LRC,TE|𑣲Memxn,OPONENTE_T0,DESCONHECIDO T0,tournament
None_Out in the Open_#2GPU0PQY8_#PJPPY9LRC_#GRUQCJQ8V_#82RCQCVG_#R80QRP0G_#8Y02VRGR_NAJIA_EDGAR_PIERCE_DAMIAN_BYRON_RUFFS,NA,#2GPU0PQY8;#PJPPY9LRC;#GRUQCJQ8V;#82RCQCVG;#R80QRP0G;#8Y02VRGR,sn3akzy ✗;TE|𑣲Memxn;IAmAbsolute👁️;TRB|Lxffy🌪️;𑣲squeezy;NRG|❄️vSxolar❄️,PIERCE,0,0.0%,knockout,Out in the Open,22/06/2026 22:45:07,#GRUQCJQ8V,IAmAbsolute👁️,OPONENTE_T0,DESCONHECIDO T0,tournament
None_Out in the Open_#2GPU0PQY8_#PJPPY9LRC_#GRUQCJQ8V_#82RCQCVG_#R80QRP0G_#8Y02VRGR_NAJIA_EDGAR_PIERCE_DAMIAN_BYRON_RUFFS,NA,#2GPU0PQY8;#PJPPY9LRC;#GRUQCJQ8V;#82RCQCVG;#R80QRP0G;#8Y02VRGR,sn3akzy ✗;TE|𑣲Memxn;IAmAbsolute👁️;TRB|Lxffy🌪️;𑣲squeezy;NRG|❄️vSxolar❄️,DAMIAN,1,100.0%,knockout,Out in the Open,22/06/2026 22:45:07,#82RCQCVG,TRB|Lxffy🌪️,TRB,TRIBE GAMING,tournament
None_Out in the Open_#2GPU0PQY8_#PJPPY9LRC_#GRUQCJQ8V_#82RCQCVG_#R80QRP0G_#8Y02VRGR_NAJIA_EDGAR_PIERCE_DAMIAN_BYRON_RUFFS,NA,#2GPU0PQY8;#PJPPY9LRC;#GRUQCJQ8V;#82RCQCVG;#R80QRP0G;#8Y02VRGR,sn3akzy ✗;TE|𑣲Memxn;IAmAbsolute👁️;TRB|Lxffy🌪️;𑣲squeezy;NRG|❄️vSxolar❄️,BYRON,1,100.0%,knockout,Out in the Open,22/06/2026 22:45:07,#R80QRP0G,𑣲squeezy,TRB,TRIBE GAMING,tournament
None_Out in the Open_#2GPU0PQY8_#PJPPY9LRC_#GRUQCJQ8V_#82RCQCVG_#R80QRP0G_#8Y02VRGR_NAJIA_EDGAR_PIERCE_DAMIAN_BYRON_RUFFS,NA,#2GPU0PQY8;#PJPPY9LRC;#GRUQCJQ8V;#82RCQCVG;#R80QRP0G;#8Y02VRGR,sn3akzy ✗;TE|𑣲Memxn;IAmAbsolute👁️;TRB|Lxffy🌪️;𑣲squeezy;NRG|❄️vSxolar❄️,RUFFS,1,100.0%,knockout,Out in the Open,22/06/2026 22:45:07,#8Y02VRGR,NRG|❄️vSxolar❄️,TRB,TRIBE GAMING,tournament
None_Hideout_#2GPU0PQY8_#PJPPY9LRC_#GRUQCJQ8V_#82RCQCVG_#R80QRP0G_#8Y02VRGR_BELLE_KIT_MINA_DAMIAN_BYRON_GLOWY,NA,#2GPU0PQY8;#PJPPY9LRC;#GRUQCJQ8V;#82RCQCVG;#R80QRP0G;#8Y02VRGR,sn3akzy ✗;TE|𑣲Memxn;IAmAbsolute👁️;TRB|Lxffy🌪️;𑣲squeezy;NRG|❄️vSxolar❄️,BELLE,1,100.0%,bounty,Hideout,22/06/2026 22:45:07,#2GPU0PQY8,sn3akzy ✗,OPONENTE_T0,DESCONHECIDO T0,tournament
None_Hideout_#2GPU0PQY8_#PJPPY9LRC_#GRUQCJQ8V_#82RCQCVG_#R80QRP0G_#8Y02VRGR_BELLE_KIT_MINA_DAMIAN_BYRON_GLOWY,NA,#2GPU0PQY8;#PJPPY9LRC;#GRUQCJQ8V;#82RCQCVG;#R80QRP0G;#8Y02VRGR,sn3akzy ✗;TE|𑣲Memxn;IAmAbsolute👁️;TRB|Lxffy🌪️;𑣲squeezy;NRG|❄️vSxolar❄️,KIT,1,100.0%,bounty,Hideout,22/06/2026 22:45:07,#PJPPY9LRC,TE|𑣲Memxn,OPONENTE_T0,DESCONHECIDO T0,tournament
None_Hideout_#2GPU0PQY8_#PJPPY9LRC_#GRUQCJQ8V_#82RCQCVG_#R80QRP0G_#8Y02VRGR_BELLE_KIT_MINA_DAMIAN_BYRON_GLOWY,NA,#2GPU0PQY8;#PJPPY9LRC;#GRUQCJQ8V;#82RCQCVG;#R80QRP0G;#8Y02VRGR,sn3akzy ✗;TE|𑣲Memxn;IAmAbsolute👁️;TRB|Lxffy🌪️;𑣲squeezy;NRG|❄️vSxolar❄️,MINA,1,100.0%,bounty,Hideout,22/06/2026 22:45:07,#GRUQCJQ8V,IAmAbsolute👁️,OPONENTE_T0,DESCONHECIDO T0,tournament
None_Hideout_#2GPU0PQY8_#PJPPY9LRC_#GRUQCJQ8V_#82RCQCVG_#R80QRP0G_#8Y02VRGR_BELLE_KIT_MINA_DAMIAN_BYRON_GLOWY,NA,#2GPU0PQY8;#PJPPY9LRC;#GRUQCJQ8V;#82RCQCVG;#R80QRP0G;#8Y02VRGR,sn3akzy ✗;TE|𑣲Memxn;IAmAbsolute👁️;TRB|Lxffy🌪️;𑣲squeezy;NRG|❄️vSxolar❄️,DAMIAN,0,0.0%,bounty,Hideout,22/06/2026 22:45:07,#82RCQCVG,TRB|Lxffy🌪️,TRB,TRIBE GAMING,tournament
None_Hideout_#2GPU0PQY8_#PJPPY9LRC_#GRUQCJQ8V_#82RCQCVG_#R80QRP0G_#8Y02VRGR_BELLE_KIT_MINA_DAMIAN_BYRON_GLOWY,NA,#2GPU0PQY8;#PJPPY9LRC;#GRUQCJQ8V;#82RCQCVG;#R80QRP0G;#8Y02VRGR,sn3akzy ✗;TE|𑣲Memxn;IAmAbsolute👁️;TRB|Lxffy🌪️;𑣲squeezy;NRG|❄️vSxolar❄️,BYRON,0,0.0%,bounty,Hideout,22/06/2026 22:45:07,#R80QRP0G,𑣲squeezy,TRB,TRIBE GAMING,tournament
None_Hideout_#2GPU0PQY8_#PJPPY9LRC_#GRUQCJQ8V_#82RCQCVG_#R80QRP0G_#8Y02VRGR_BELLE_KIT_MINA_DAMIAN_BYRON_GLOWY,NA,#2GPU0PQY8;#PJPPY9LRC;#GRUQCJQ8V;#82RCQCVG;#R80QRP0G;#8Y02VRGR,sn3akzy ✗;TE|𑣲Memxn;IAmAbsolute👁️;TRB|Lxffy🌪️;𑣲squeezy;NRG|❄️vSxolar❄️,GLOWY,0,0.0%,bounty,Hideout,22/06/2026 22:45:07,#8Y02VRGR,NRG|❄️vSxolar❄️,TRB,TRIBE GAMING,tournament
None_Pinhole Punt_#2GPU0PQY8_#PJPPY9LRC_#GRUQCJQ8V_#82RCQCVG_#R80QRP0G_#8Y02VRGR_CHESTER_LEON_MORTIS_STARR NOVA_EMZ_GLOWY,NA,#2GPU0PQY8;#PJPPY9LRC;#GRUQCJQ8V;#82RCQCVG;#R80QRP0G;#8Y02VRGR,sn3akzy ✗;TE|𑣲Memxn;IAmAbsolute👁️;TRB|Lxffy🌪️;𑣲squeezy;NRG|❄️vSxolar❄️,CHESTER,0,0.0%,brawlBall,Pinhole Punt,22/06/2026 22:45:07,#2GPU0PQY8,sn3akzy ✗,OPONENTE_T0,DESCONHECIDO T0,tournament
None_Pinhole Punt_#2GPU0PQY8_#PJPPY9LRC_#GRUQCJQ8V_#82RCQCVG_#R80QRP0G_#8Y02VRGR_CHESTER_LEON_MORTIS_STARR NOVA_EMZ_GLOWY,NA,#2GPU0PQY8;#PJPPY9LRC;#GRUQCJQ8V;#82RCQCVG;#R80QRP0G;#8Y02VRGR,sn3akzy ✗;TE|𑣲Memxn;IAmAbsolute👁️;TRB|Lxffy🌪️;𑣲squeezy;NRG|❄️vSxolar❄️,LEON,0,0.0%,brawlBall,Pinhole Punt,22/06/2026 22:45:07,#PJPPY9LRC,TE|𑣲Memxn,OPONENTE_T0,DESCONHECIDO T0,tournament
None_Pinhole Punt_#2GPU0PQY8_#PJPPY9LRC_#GRUQCJQ8V_#82RCQCVG_#R80QRP0G_#8Y02VRGR_CHESTER_LEON_MORTIS_STARR NOVA_EMZ_GLOWY,NA,#2GPU0PQY8;#PJPPY9LRC;#GRUQCJQ8V;#82RCQCVG;#R80QRP0G;#8Y02VRGR,sn3akzy ✗;TE|𑣲Memxn;IAmAbsolute👁️;TRB|Lxffy🌪️;𑣲squeezy;NRG|❄️vSxolar❄️,MORTIS,0,0.0%,brawlBall,Pinhole Punt,22/06/2026 22:45:07,#GRUQCJQ8V,IAmAbsolute👁️,OPONENTE_T0,DESCONHECIDO T0,tournament
None_Pinhole Punt_#2GPU0PQY8_#PJPPY9LRC_#GRUQCJQ8V_#82RCQCVG_#R80QRP0G_#8Y02VRGR_CHESTER_LEON_MORTIS_STARR NOVA_EMZ_GLOWY,NA,#2GPU0PQY8;#PJPPY9LRC;#GRUQCJQ8V;#82RCQCVG;#R80QRP0G;#8Y02VRGR,sn3akzy ✗;TE|𑣲Memxn;IAmAbsolute👁️;TRB|Lxffy🌪️;𑣲squeezy;NRG|❄️vSxolar❄️,STARR NOVA,1,100.0%,brawlBall,Pinhole Punt,22/06/2026 22:45:07,#82RCQCVG,TRB|Lxffy🌪️,TRB,TRIBE GAMING,tournament
None_Pinhole Punt_#2GPU0PQY8_#PJPPY9LRC_#GRUQCJQ8V_#82RCQCVG_#R80QRP0G_#8Y02VRGR_CHESTER_LEON_MORTIS_STARR NOVA_EMZ_GLOWY,NA,#2GPU0PQY8;#PJPPY9LRC;#GRUQCJQ8V;#82RCQCVG;#R80QRP0G;#8Y02VRGR,sn3akzy ✗;TE|𑣲Memxn;IAmAbsolute👁️;TRB|Lxffy🌪️;𑣲squeezy;NRG|❄️vSxolar❄️,EMZ,1,100.0%,brawlBall,Pinhole Punt,22/06/2026 22:45:07,#R80QRP0G,𑣲squeezy,TRB,TRIBE GAMING,tournament
None_Pinhole Punt_#2GPU0PQY8_#PJPPY9LRC_#GRUQCJQ8V_#82RCQCVG_#R80QRP0G_#8Y02VRGR_CHESTER_LEON_MORTIS_STARR NOVA_EMZ_GLOWY,NA,#2GPU0PQY8;#PJPPY9LRC;#GRUQCJQ8V;#82RCQCVG;#R80QRP0G;#8Y02VRGR,sn3akzy ✗;TE|𑣲Memxn;IAmAbsolute👁️;TRB|Lxffy🌪️;𑣲squeezy;NRG|❄️vSxolar❄️,GLOWY,1,100.0%,brawlBall,Pinhole Punt,22/06/2026 22:45:07,#8Y02VRGR,NRG|❄️vSxolar❄️,TRB,TRIBE GAMING,tournament
None_Hard Rock Mine_#2GPU0PQY8_#PJPPY9LRC_#GRUQCJQ8V_#82RCQCVG_#R80QRP0G_#8Y02VRGR_SANDY_SHADE_STU_STARR NOVA_NITA_LEON,NA,#2GPU0PQY8;#PJPPY9LRC;#GRUQCJQ8V;#82RCQCVG;#R80QRP0G;#8Y02VRGR,sn3akzy ✗;TE|𑣲Memxn;IAmAbsolute👁️;TRB|Lxffy🌪️;𑣲squeezy;NRG|❄️vSxolar❄️,SANDY,0,0.0%,gemGrab,Hard Rock Mine,22/06/2026 22:45:07,#2GPU0PQY8,sn3akzy ✗,OPONENTE_T0,DESCONHECIDO T0,tournament
None_Hard Rock Mine_#2GPU0PQY8_#PJPPY9LRC_#GRUQCJQ8V_#82RCQCVG_#R80QRP0G_#8Y02VRGR_SANDY_SHADE_STU_STARR NOVA_NITA_LEON,NA,#2GPU0PQY8;#PJPPY9LRC;#GRUQCJQ8V;#82RCQCVG;#R80QRP0G;#8Y02VRGR,sn3akzy ✗;TE|𑣲Memxn;IAmAbsolute👁️;TRB|Lxffy🌪️;𑣲squeezy;NRG|❄️vSxolar❄️,SHADE,0,0.0%,gemGrab,Hard Rock Mine,22/06/2026 22:45:07,#PJPPY9LRC,TE|𑣲Memxn,OPONENTE_T0,DESCONHECIDO T0,tournament
None_Hard Rock Mine_#2GPU0PQY8_#PJPPY9LRC_#GRUQCJQ8V_#82RCQCVG_#R80QRP0G_#8Y02VRGR_SANDY_SHADE_STU_STARR NOVA_NITA_LEON,NA,#2GPU0PQY8;#PJPPY9LRC;#GRUQCJQ8V;#82RCQCVG;#R80QRP0G;#8Y02VRGR,sn3akzy ✗;TE|𑣲Memxn;IAmAbsolute👁️;TRB|Lxffy🌪️;𑣲squeezy;NRG|❄️vSxolar❄️,STU,0,0.0%,gemGrab,Hard Rock Mine,22/06/2026 22:45:07,#GRUQCJQ8V,IAmAbsolute👁️,OPONENTE_T0,DESCONHECIDO T0,tournament
None_Hard Rock Mine_#2GPU0PQY8_#PJPPY9LRC_#GRUQCJQ8V_#82RCQCVG_#R80QRP0G_#8Y02VRGR_SANDY_SHADE_STU_STARR NOVA_NITA_LEON,NA,#2GPU0PQY8;#PJPPY9LRC;#GRUQCJQ8V;#82RCQCVG;#R80QRP0G;#8Y02VRGR,sn3akzy ✗;TE|𑣲Memxn;IAmAbsolute👁️;TRB|Lxffy🌪️;𑣲squeezy;NRG|❄️vSxolar❄️,STARR NOVA,1,100.0%,gemGrab,Hard Rock Mine,22/06/2026 22:45:07,#82RCQCVG,TRB|Lxffy🌪️,TRB,TRIBE GAMING,tournament
None_Hard Rock Mine_#2GPU0PQY8_#PJPPY9LRC_#GRUQCJQ8V_#82RCQCVG_#R80QRP0G_#8Y02VRGR_SANDY_SHADE_STU_STARR NOVA_NITA_LEON,NA,#2GPU0PQY8;#PJPPY9LRC;#GRUQCJQ8V;#82RCQCVG;#R80QRP0G;#8Y02VRGR,sn3akzy ✗;TE|𑣲Memxn;IAmAbsolute👁️;TRB|Lxffy🌪️;𑣲squeezy;NRG|❄️vSxolar❄️,NITA,1,100.0%,gemGrab,Hard Rock Mine,22/06/2026 22:45:07,#R80QRP0G,𑣲squeezy,TRB,TRIBE GAMING,tournament
None_Hard Rock Mine_#2GPU0PQY8_#PJPPY9LRC_#GRUQCJQ8V_#82RCQCVG_#R80QRP0G_#8Y02VRGR_SANDY_SHADE_STU_STARR NOVA_NITA_LEON,NA,#2GPU0PQY8;#PJPPY9LRC;#GRUQCJQ8V;#82RCQCVG;#R80QRP0G;#8Y02VRGR,sn3akzy ✗;TE|𑣲Memxn;IAmAbsolute👁️;TRB|Lxffy🌪️;𑣲squeezy;NRG|❄️vSxolar❄️,LEON,1,100.0%,gemGrab,Hard Rock Mine,22/06/2026 22:45:07,#8Y02VRGR,NRG|❄️vSxolar❄️,TRB,TRIBE GAMING,tournament
None_Shooting Star_#990VQVPLY_#YVQCUGV9_#2G82CGU_#R80QRP0G_#82RCQCVG_#8Y02VRGR_MINA_CROW_PIERCE_MEEPLE_KAZE_GLOWY,NA,#990VQVPLY;#YVQCUGV9;#2G82CGU;#R80QRP0G;#82RCQCVG;#8Y02VRGR,BC*|sunnyy!;KayJayOh;Zee;𑣲squeezy;TRB|Lxffy🌪️;NRG|❄️vSxolar❄️,MINA,1,100.0%,bounty,Shooting Star,22/06/2026 22:45:07,#990VQVPLY,BC*|sunnyy!,OPONENTE_T0,DESCONHECIDO T0,tournament
None_Shooting Star_#990VQVPLY_#YVQCUGV9_#2G82CGU_#R80QRP0G_#82RCQCVG_#8Y02VRGR_MINA_CROW_PIERCE_MEEPLE_KAZE_GLOWY,NA,#990VQVPLY;#YVQCUGV9;#2G82CGU;#R80QRP0G;#82RCQCVG;#8Y02VRGR,BC*|sunnyy!;KayJayOh;Zee;𑣲squeezy;TRB|Lxffy🌪️;NRG|❄️vSxolar❄️,CROW,1,100.0%,bounty,Shooting Star,22/06/2026 22:45:07,#YVQCUGV9,KayJayOh,OPONENTE_T0,DESCONHECIDO T0,tournament
None_Shooting Star_#990VQVPLY_#YVQCUGV9_#2G82CGU_#R80QRP0G_#82RCQCVG_#8Y02VRGR_MINA_CROW_PIERCE_MEEPLE_KAZE_GLOWY,NA,#990VQVPLY;#YVQCUGV9;#2G82CGU;#R80QRP0G;#82RCQCVG;#8Y02VRGR,BC*|sunnyy!;KayJayOh;Zee;𑣲squeezy;TRB|Lxffy🌪️;NRG|❄️vSxolar❄️,PIERCE,1,100.0%,bounty,Shooting Star,22/06/2026 22:45:07,#2G82CGU,Zee,OPONENTE_T0,DESCONHECIDO T0,tournament
None_Shooting Star_#990VQVPLY_#YVQCUGV9_#2G82CGU_#R80QRP0G_#82RCQCVG_#8Y02VRGR_MINA_CROW_PIERCE_MEEPLE_KAZE_GLOWY,NA,#990VQVPLY;#YVQCUGV9;#2G82CGU;#R80QRP0G;#82RCQCVG;#8Y02VRGR,BC*|sunnyy!;KayJayOh;Zee;𑣲squeezy;TRB|Lxffy🌪️;NRG|❄️vSxolar❄️,MEEPLE,0,0.0%,bounty,Shooting Star,22/06/2026 22:45:07,#R80QRP0G,𑣲squeezy,PFZ,PFZ,tournament
None_Shooting Star_#990VQVPLY_#YVQCUGV9_#2G82CGU_#R80QRP0G_#82RCQCVG_#8Y02VRGR_MINA_CROW_PIERCE_MEEPLE_KAZE_GLOWY,NA,#990VQVPLY;#YVQCUGV9;#2G82CGU;#R80QRP0G;#82RCQCVG;#8Y02VRGR,BC*|sunnyy!;KayJayOh;Zee;𑣲squeezy;TRB|Lxffy🌪️;NRG|❄️vSxolar❄️,KAZE,0,0.0%,bounty,Shooting Star,22/06/2026 22:45:07,#82RCQCVG,TRB|Lxffy🌪️,PFZ,PFZ,tournament
None_Shooting Star_#990VQVPLY_#YVQCUGV9_#2G82CGU_#R80QRP0G_#82RCQCVG_#8Y02VRGR_MINA_CROW_PIERCE_MEEPLE_KAZE_GLOWY,NA,#990VQVPLY;#YVQCUGV9;#2G82CGU;#R80QRP0G;#82RCQCVG;#8Y02VRGR,BC*|sunnyy!;KayJayOh;Zee;𑣲squeezy;TRB|Lxffy🌪️;NRG|❄️vSxolar❄️,GLOWY,0,0.0%,bounty,Shooting Star,22/06/2026 22:45:07,#8Y02VRGR,NRG|❄️vSxolar❄️,PFZ,PFZ,tournament
None_Open Business_#82RCQCVG_#R80QRP0G_#8Y02VRGR_#8JP280V2Y_#PP88RGCY_#20JGLYULC_MORTIS_BULL_CHESTER_DRACO_KENJI_LUMI,NA,#82RCQCVG;#R80QRP0G;#8Y02VRGR;#8JP280V2Y;#PP88RGCY;#20JGLYULC,TRB|Lxffy🌪️;𑣲squeezy;NRG|❄️vSxolar❄️;@reu0k@y;강해린💚;RUBBERBANDMAN,MORTIS,0,0.0%,hotZone,Open Business,22/06/2026 22:45:07,#82RCQCVG,TRB|Lxffy🌪️,TRB,TRIBE GAMING,tournament
None_Open Business_#82RCQCVG_#R80QRP0G_#8Y02VRGR_#8JP280V2Y_#PP88RGCY_#20JGLYULC_MORTIS_BULL_CHESTER_DRACO_KENJI_LUMI,NA,#82RCQCVG;#R80QRP0G;#8Y02VRGR;#8JP280V2Y;#PP88RGCY;#20JGLYULC,TRB|Lxffy🌪️;𑣲squeezy;NRG|❄️vSxolar❄️;@reu0k@y;강해린💚;RUBBERBANDMAN,BULL,0,0.0%,hotZone,Open Business,22/06/2026 22:45:07,#R80QRP0G,𑣲squeezy,TRB,TRIBE GAMING,tournament
None_Open Business_#82RCQCVG_#R80QRP0G_#8Y02VRGR_#8JP280V2Y_#PP88RGCY_#20JGLYULC_MORTIS_BULL_CHESTER_DRACO_KENJI_LUMI,NA,#82RCQCVG;#R80QRP0G;#8Y02VRGR;#8JP280V2Y;#PP88RGCY;#20JGLYULC,TRB|Lxffy🌪️;𑣲squeezy;NRG|❄️vSxolar❄️;@reu0k@y;강해린💚;RUBBERBANDMAN,CHESTER,0,0.0%,hotZone,Open Business,22/06/2026 22:45:07,#8Y02VRGR,NRG|❄️vSxolar❄️,TRB,TRIBE GAMING,tournament
None_Open Business_#82RCQCVG_#R80QRP0G_#8Y02VRGR_#8JP280V2Y_#PP88RGCY_#20JGLYULC_MORTIS_BULL_CHESTER_DRACO_KENJI_LUMI,NA,#82RCQCVG;#R80QRP0G;#8Y02VRGR;#8JP280V2Y;#PP88RGCY;#20JGLYULC,TRB|Lxffy🌪️;𑣲squeezy;NRG|❄️vSxolar❄️;@reu0k@y;강해린💚;RUBBERBANDMAN,DRACO,1,100.0%,hotZone,Open Business,22/06/2026 22:45:07,#8JP280V2Y,@reu0k@y,OPONENTE_T1,DESCONHECIDO T1,tournament
None_Open Business_#82RCQCVG_#R80QRP0G_#8Y02VRGR_#8JP280V2Y_#PP88RGCY_#20JGLYULC_MORTIS_BULL_CHESTER_DRACO_KENJI_LUMI,NA,#82RCQCVG;#R80QRP0G;#8Y02VRGR;#8JP280V2Y;#PP88RGCY;#20JGLYULC,TRB|Lxffy🌪️;𑣲squeezy;NRG|❄️vSxolar❄️;@reu0k@y;강해린💚;RUBBERBANDMAN,KENJI,1,100.0%,hotZone,Open Business,22/06/2026 22:45:07,#PP88RGCY,강해린💚,OPONENTE_T1,DESCONHECIDO T1,tournament
None_Open Business_#82RCQCVG_#R80QRP0G_#8Y02VRGR_#8JP280V2Y_#PP88RGCY_#20JGLYULC_MORTIS_BULL_CHESTER_DRACO_KENJI_LUMI,NA,#82RCQCVG;#R80QRP0G;#8Y02VRGR;#8JP280V2Y;#PP88RGCY;#20JGLYULC,TRB|Lxffy🌪️;𑣲squeezy;NRG|❄️vSxolar❄️;@reu0k@y;강해린💚;RUBBERBANDMAN,LUMI,1,100.0%,hotZone,Open Business,22/06/2026 22:45:07,#20JGLYULC,RUBBERBANDMAN,OPONENTE_T1,DESCONHECIDO T1,tournament
None_Open Business_#82RCQCVG_#R80QRP0G_#8Y02VRGR_#8JP280V2Y_#PP88RGCY_#20JGLYULC_GRIFF_GLOWY_LUMI_CHESTER_PIERCE_MORTIS,NA,#82RCQCVG;#R80QRP0G;#8Y02VRGR;#8JP280V2Y;#PP88RGCY;#20JGLYULC,TRB|Lxffy🌪️;𑣲squeezy;NRG|❄️vSxolar❄️;@reu0k@y;강해린💚;RUBBERBANDMAN,GRIFF,0,0.0%,hotZone,Open Business,22/06/2026 22:45:07,#82RCQCVG,TRB|Lxffy🌪️,TRB,TRIBE GAMING,tournament
None_Open Business_#82RCQCVG_#R80QRP0G_#8Y02VRGR_#8JP280V2Y_#PP88RGCY_#20JGLYULC_GRIFF_GLOWY_LUMI_CHESTER_PIERCE_MORTIS,NA,#82RCQCVG;#R80QRP0G;#8Y02VRGR;#8JP280V2Y;#PP88RGCY;#20JGLYULC,TRB|Lxffy🌪️;𑣲squeezy;NRG|❄️vSxolar❄️;@reu0k@y;강해린💚;RUBBERBANDMAN,GLOWY,0,0.0%,hotZone,Open Business,22/06/2026 22:45:07,#R80QRP0G,𑣲squeezy,TRB,TRIBE GAMING,tournament
None_Open Business_#82RCQCVG_#R80QRP0G_#8Y02VRGR_#8JP280V2Y_#PP88RGCY_#20JGLYULC_GRIFF_GLOWY_LUMI_CHESTER_PIERCE_MORTIS,NA,#82RCQCVG;#R80QRP0G;#8Y02VRGR;#8JP280V2Y;#PP88RGCY;#20JGLYULC,TRB|Lxffy🌪️;𑣲squeezy;NRG|❄️vSxolar❄️;@reu0k@y;강해린💚;RUBBERBANDMAN,LUMI,0,0.0%,hotZone,Open Business,22/06/2026 22:45:07,#8Y02VRGR,NRG|❄️vSxolar❄️,TRB,TRIBE GAMING,tournament
None_Open Business_#82RCQCVG_#R80QRP0G_#8Y02VRGR_#8JP280V2Y_#PP88RGCY_#20JGLYULC_GRIFF_GLOWY_LUMI_CHESTER_PIERCE_MORTIS,NA,#82RCQCVG;#R80QRP0G;#8Y02VRGR;#8JP280V2Y;#PP88RGCY;#20JGLYULC,TRB|Lxffy🌪️;𑣲squeezy;NRG|❄️vSxolar❄️;@reu0k@y;강해린💚;RUBBERBANDMAN,CHESTER,1,100.0%,hotZone,Open Business,22/06/2026 22:45:07,#8JP280V2Y,@reu0k@y,OPONENTE_T1,DESCONHECIDO T1,tournament
None_Open Business_#82RCQCVG_#R80QRP0G_#8Y02VRGR_#8JP280V2Y_#PP88RGCY_#20JGLYULC_GRIFF_GLOWY_LUMI_CHESTER_PIERCE_MORTIS,NA,#82RCQCVG;#R80QRP0G;#8Y02VRGR;#8JP280V2Y;#PP88RGCY;#20JGLYULC,TRB|Lxffy🌪️;𑣲squeezy;NRG|❄️vSxolar❄️;@reu0k@y;강해린💚;RUBBERBANDMAN,PIERCE,1,100.0%,hotZone,Open Business,22/06/2026 22:45:07,#PP88RGCY,강해린💚,OPONENTE_T1,DESCONHECIDO T1,tournament
None_Open Business_#82RCQCVG_#R80QRP0G_#8Y02VRGR_#8JP280V2Y_#PP88RGCY_#20JGLYULC_GRIFF_GLOWY_LUMI_CHESTER_PIERCE_MORTIS,NA,#82RCQCVG;#R80QRP0G;#8Y02VRGR;#8JP280V2Y;#PP88RGCY;#20JGLYULC,TRB|Lxffy🌪️;𑣲squeezy;NRG|❄️vSxolar❄️;@reu0k@y;강해린💚;RUBBERBANDMAN,MORTIS,1,100.0%,hotZone,Open Business,22/06/2026 22:45:07,#20JGLYULC,RUBBERBANDMAN,OPONENTE_T1,DESCONHECIDO T1,tournament
None_Flowing Springs_#82RCQCVG_#R80QRP0G_#8Y02VRGR_#8JP280V2Y_#PP88RGCY_#20JGLYULC_DAMIAN_CHARLIE_RUFFS_DOUG_GENE_FANG,NA,#82RCQCVG;#R80QRP0G;#8Y02VRGR;#8JP280V2Y;#PP88RGCY;#20JGLYULC,TRB|Lxffy🌪️;𑣲squeezy;NRG|❄️vSxolar❄️;@reu0k@y;강해린💚;RUBBERBANDMAN,DAMIAN,1,100.0%,knockout,Flowing Springs,22/06/2026 22:45:07,#82RCQCVG,TRB|Lxffy🌪️,TRB,TRIBE GAMING,tournament
None_Flowing Springs_#82RCQCVG_#R80QRP0G_#8Y02VRGR_#8JP280V2Y_#PP88RGCY_#20JGLYULC_DAMIAN_CHARLIE_RUFFS_DOUG_GENE_FANG,NA,#82RCQCVG;#R80QRP0G;#8Y02VRGR;#8JP280V2Y;#PP88RGCY;#20JGLYULC,TRB|Lxffy🌪️;𑣲squeezy;NRG|❄️vSxolar❄️;@reu0k@y;강해린💚;RUBBERBANDMAN,CHARLIE,1,100.0%,knockout,Flowing Springs,22/06/2026 22:45:07,#R80QRP0G,𑣲squeezy,TRB,TRIBE GAMING,tournament
None_Flowing Springs_#82RCQCVG_#R80QRP0G_#8Y02VRGR_#8JP280V2Y_#PP88RGCY_#20JGLYULC_DAMIAN_CHARLIE_RUFFS_DOUG_GENE_FANG,NA,#82RCQCVG;#R80QRP0G;#8Y02VRGR;#8JP280V2Y;#PP88RGCY;#20JGLYULC,TRB|Lxffy🌪️;𑣲squeezy;NRG|❄️vSxolar❄️;@reu0k@y;강해린💚;RUBBERBANDMAN,RUFFS,1,100.0%,knockout,Flowing Springs,22/06/2026 22:45:07,#8Y02VRGR,NRG|❄️vSxolar❄️,TRB,TRIBE GAMING,tournament
None_Flowing Springs_#82RCQCVG_#R80QRP0G_#8Y02VRGR_#8JP280V2Y_#PP88RGCY_#20JGLYULC_DAMIAN_CHARLIE_RUFFS_DOUG_GENE_FANG,NA,#82RCQCVG;#R80QRP0G;#8Y02VRGR;#8JP280V2Y;#PP88RGCY;#20JGLYULC,TRB|Lxffy🌪️;𑣲squeezy;NRG|❄️vSxolar❄️;@reu0k@y;강해린💚;RUBBERBANDMAN,DOUG,0,0.0%,knockout,Flowing Springs,22/06/2026 22:45:07,#8JP280V2Y,@reu0k@y,OPONENTE_T1,DESCONHECIDO T1,tournament
None_Flowing Springs_#82RCQCVG_#R80QRP0G_#8Y02VRGR_#8JP280V2Y_#PP88RGCY_#20JGLYULC_DAMIAN_CHARLIE_RUFFS_DOUG_GENE_FANG,NA,#82RCQCVG;#R80QRP0G;#8Y02VRGR;#8JP280V2Y;#PP88RGCY;#20JGLYULC,TRB|Lxffy🌪️;𑣲squeezy;NRG|❄️vSxolar❄️;@reu0k@y;강해린💚;RUBBERBANDMAN,GENE,0,0.0%,knockout,Flowing Springs,22/06/2026 22:45:07,#PP88RGCY,강해린💚,OPONENTE_T1,DESCONHECIDO T1,tournament
None_Flowing Springs_#82RCQCVG_#R80QRP0G_#8Y02VRGR_#8JP280V2Y_#PP88RGCY_#20JGLYULC_DAMIAN_CHARLIE_RUFFS_DOUG_GENE_FANG,NA,#82RCQCVG;#R80QRP0G;#8Y02VRGR;#8JP280V2Y;#PP88RGCY;#20JGLYULC,TRB|Lxffy🌪️;𑣲squeezy;NRG|❄️vSxolar❄️;@reu0k@y;강해린💚;RUBBERBANDMAN,FANG,0,0.0%,knockout,Flowing Springs,22/06/2026 22:45:07,#20JGLYULC,RUBBERBANDMAN,OPONENTE_T1,DESCONHECIDO T1,tournament
None_Hard Rock Mine_#PYJ0UJJQQ_#2JGVVPY_#88QUQJ2LR_#82RCQCVG_#R80QRP0G_#8Y02VRGR_STU_CHESTER_KIT_CORDELIUS_LUMI_OTIS,NA,#PYJ0UJJQQ;#2JGVVPY;#88QUQJ2LR;#82RCQCVG;#R80QRP0G;#8Y02VRGR,もちほっぺ;Ghost boy🕊;Ayanami✰;TRB|Lxffy🌪️;𑣲squeezy;NRG|❄️vSxolar❄️,STU,1,100.0%,gemGrab,Hard Rock Mine,22/06/2026 22:45:07,#PYJ0UJJQQ,もちほっぺ,OPONENTE_T0,DESCONHECIDO T0,tournament
None_Hard Rock Mine_#PYJ0UJJQQ_#2JGVVPY_#88QUQJ2LR_#82RCQCVG_#R80QRP0G_#8Y02VRGR_STU_CHESTER_KIT_CORDELIUS_LUMI_OTIS,NA,#PYJ0UJJQQ;#2JGVVPY;#88QUQJ2LR;#82RCQCVG;#R80QRP0G;#8Y02VRGR,もちほっぺ;Ghost boy🕊;Ayanami✰;TRB|Lxffy🌪️;𑣲squeezy;NRG|❄️vSxolar❄️,CHESTER,1,100.0%,gemGrab,Hard Rock Mine,22/06/2026 22:45:07,#2JGVVPY,Ghost boy🕊,OPONENTE_T0,DESCONHECIDO T0,tournament
None_Hard Rock Mine_#PYJ0UJJQQ_#2JGVVPY_#88QUQJ2LR_#82RCQCVG_#R80QRP0G_#8Y02VRGR_STU_CHESTER_KIT_CORDELIUS_LUMI_OTIS,NA,#PYJ0UJJQQ;#2JGVVPY;#88QUQJ2LR;#82RCQCVG;#R80QRP0G;#8Y02VRGR,もちほっぺ;Ghost boy🕊;Ayanami✰;TRB|Lxffy🌪️;𑣲squeezy;NRG|❄️vSxolar❄️,KIT,1,100.0%,gemGrab,Hard Rock Mine,22/06/2026 22:45:07,#88QUQJ2LR,Ayanami✰,OPONENTE_T0,DESCONHECIDO T0,tournament
None_Hard Rock Mine_#PYJ0UJJQQ_#2JGVVPY_#88QUQJ2LR_#82RCQCVG_#R80QRP0G_#8Y02VRGR_STU_CHESTER_KIT_CORDELIUS_LUMI_OTIS,NA,#PYJ0UJJQQ;#2JGVVPY;#88QUQJ2LR;#82RCQCVG;#R80QRP0G;#8Y02VRGR,もちほっぺ;Ghost boy🕊;Ayanami✰;TRB|Lxffy🌪️;𑣲squeezy;NRG|❄️vSxolar❄️,CORDELIUS,0,0.0%,gemGrab,Hard Rock Mine,22/06/2026 22:45:07,#82RCQCVG,TRB|Lxffy🌪️,TRB,TRIBE GAMING,tournament
None_Hard Rock Mine_#PYJ0UJJQQ_#2JGVVPY_#88QUQJ2LR_#82RCQCVG_#R80QRP0G_#8Y02VRGR_STU_CHESTER_KIT_CORDELIUS_LUMI_OTIS,NA,#PYJ0UJJQQ;#2JGVVPY;#88QUQJ2LR;#82RCQCVG;#R80QRP0G;#8Y02VRGR,もちほっぺ;Ghost boy🕊;Ayanami✰;TRB|Lxffy🌪️;𑣲squeezy;NRG|❄️vSxolar❄️,LUMI,0,0.0%,gemGrab,Hard Rock Mine,22/06/2026 22:45:07,#R80QRP0G,𑣲squeezy,TRB,TRIBE GAMING,tournament
None_Hard Rock Mine_#PYJ0UJJQQ_#2JGVVPY_#88QUQJ2LR_#82RCQCVG_#R80QRP0G_#8Y02VRGR_STU_CHESTER_KIT_CORDELIUS_LUMI_OTIS,NA,#PYJ0UJJQQ;#2JGVVPY;#88QUQJ2LR;#82RCQCVG;#R80QRP0G;#8Y02VRGR,もちほっぺ;Ghost boy🕊;Ayanami✰;TRB|Lxffy🌪️;𑣲squeezy;NRG|❄️vSxolar❄️,OTIS,0,0.0%,gemGrab,Hard Rock Mine,22/06/2026 22:45:07,#8Y02VRGR,NRG|❄️vSxolar❄️,TRB,TRIBE GAMING,tournament
None_Sneaky Fields_#990VQVPLY_#2G82CGU_#YVQCUGV9_#82RCQCVG_#R80QRP0G_#8Y02VRGR_FRANK_POCO_CHESTER_STARR NOVA_BULL_SHADE,NA,#990VQVPLY;#2G82CGU;#YVQCUGV9;#82RCQCVG;#R80QRP0G;#8Y02VRGR,BC*|sunnyy!;Zee;KayJayOh;TRB|Lxffy🌪️;𑣲squeezy;NRG|❄️vSxolar❄️,FRANK,1,100.0%,brawlBall,Sneaky Fields,22/06/2026 22:45:07,#990VQVPLY,BC*|sunnyy!,OPONENTE_T0,DESCONHECIDO T0,tournament
None_Sneaky Fields_#990VQVPLY_#2G82CGU_#YVQCUGV9_#82RCQCVG_#R80QRP0G_#8Y02VRGR_FRANK_POCO_CHESTER_STARR NOVA_BULL_SHADE,NA,#990VQVPLY;#2G82CGU;#YVQCUGV9;#82RCQCVG;#R80QRP0G;#8Y02VRGR,BC*|sunnyy!;Zee;KayJayOh;TRB|Lxffy🌪️;𑣲squeezy;NRG|❄️vSxolar❄️,POCO,1,100.0%,brawlBall,Sneaky Fields,22/06/2026 22:45:07,#2G82CGU,Zee,OPONENTE_T0,DESCONHECIDO T0,tournament
None_Sneaky Fields_#990VQVPLY_#2G82CGU_#YVQCUGV9_#82RCQCVG_#R80QRP0G_#8Y02VRGR_FRANK_POCO_CHESTER_STARR NOVA_BULL_SHADE,NA,#990VQVPLY;#2G82CGU;#YVQCUGV9;#82RCQCVG;#R80QRP0G;#8Y02VRGR,BC*|sunnyy!;Zee;KayJayOh;TRB|Lxffy🌪️;𑣲squeezy;NRG|❄️vSxolar❄️,CHESTER,1,100.0%,brawlBall,Sneaky Fields,22/06/2026 22:45:07,#YVQCUGV9,KayJayOh,OPONENTE_T0,DESCONHECIDO T0,tournament
None_Sneaky Fields_#990VQVPLY_#2G82CGU_#YVQCUGV9_#82RCQCVG_#R80QRP0G_#8Y02VRGR_FRANK_POCO_CHESTER_STARR NOVA_BULL_SHADE,NA,#990VQVPLY;#2G82CGU;#YVQCUGV9;#82RCQCVG;#R80QRP0G;#8Y02VRGR,BC*|sunnyy!;Zee;KayJayOh;TRB|Lxffy🌪️;𑣲squeezy;NRG|❄️vSxolar❄️,STARR NOVA,0,0.0%,brawlBall,Sneaky Fields,22/06/2026 22:45:07,#82RCQCVG,TRB|Lxffy🌪️,TRB,TRIBE GAMING,tournament
None_Sneaky Fields_#990VQVPLY_#2G82CGU_#YVQCUGV9_#82RCQCVG_#R80QRP0G_#8Y02VRGR_FRANK_POCO_CHESTER_STARR NOVA_BULL_SHADE,NA,#990VQVPLY;#2G82CGU;#YVQCUGV9;#82RCQCVG;#R80QRP0G;#8Y02VRGR,BC*|sunnyy!;Zee;KayJayOh;TRB|Lxffy🌪️;𑣲squeezy;NRG|❄️vSxolar❄️,BULL,0,0.0%,brawlBall,Sneaky Fields,22/06/2026 22:45:07,#R80QRP0G,𑣲squeezy,TRB,TRIBE GAMING,tournament
None_Sneaky Fields_#990VQVPLY_#2G82CGU_#YVQCUGV9_#82RCQCVG_#R80QRP0G_#8Y02VRGR_FRANK_POCO_CHESTER_STARR NOVA_BULL_SHADE,NA,#990VQVPLY;#2G82CGU;#YVQCUGV9;#82RCQCVG;#R80QRP0G;#8Y02VRGR,BC*|sunnyy!;Zee;KayJayOh;TRB|Lxffy🌪️;𑣲squeezy;NRG|❄️vSxolar❄️,SHADE,0,0.0%,brawlBall,Sneaky Fields,22/06/2026 22:45:07,#8Y02VRGR,NRG|❄️vSxolar❄️,TRB,TRIBE GAMING,tournament
None_Dry Season_#QLCJGQUP_#82RCQCVG_#U9GC8G02_#YUJ8PJ0LR_#PJPPY9LRC_#8CRU0PQRQ_GENE_FANG_CHARLIE_BYRON_LEON_DAMIAN,NA,#QLCJGQUP;#82RCQCVG;#U9GC8G02;#YUJ8PJ0LR;#PJPPY9LRC;#8CRU0PQRQ,TRB|Diegogamer;TRB|Lxffy🌪️;TRB|R B M;TE|snoiy;TE|𑣲Memxn;TE|どいん,GENE,1,100.0%,bounty,Dry Season,22/06/2026 22:45:07,#QLCJGQUP,TRB|Diegogamer,TRB,TRIBE GAMING,tournament
None_Dry Season_#QLCJGQUP_#82RCQCVG_#U9GC8G02_#YUJ8PJ0LR_#PJPPY9LRC_#8CRU0PQRQ_GENE_FANG_CHARLIE_BYRON_LEON_DAMIAN,NA,#QLCJGQUP;#82RCQCVG;#U9GC8G02;#YUJ8PJ0LR;#PJPPY9LRC;#8CRU0PQRQ,TRB|Diegogamer;TRB|Lxffy🌪️;TRB|R B M;TE|snoiy;TE|𑣲Memxn;TE|どいん,FANG,1,100.0%,bounty,Dry Season,22/06/2026 22:45:07,#82RCQCVG,TRB|Lxffy🌪️,TRB,TRIBE GAMING,tournament
None_Dry Season_#QLCJGQUP_#82RCQCVG_#U9GC8G02_#YUJ8PJ0LR_#PJPPY9LRC_#8CRU0PQRQ_GENE_FANG_CHARLIE_BYRON_LEON_DAMIAN,NA,#QLCJGQUP;#82RCQCVG;#U9GC8G02;#YUJ8PJ0LR;#PJPPY9LRC;#8CRU0PQRQ,TRB|Diegogamer;TRB|Lxffy🌪️;TRB|R B M;TE|snoiy;TE|𑣲Memxn;TE|どいん,CHARLIE,1,100.0%,bounty,Dry Season,22/06/2026 22:45:07,#U9GC8G02,TRB|R B M,TRB,TRIBE GAMING,tournament
None_Dry Season_#QLCJGQUP_#82RCQCVG_#U9GC8G02_#YUJ8PJ0LR_#PJPPY9LRC_#8CRU0PQRQ_GENE_FANG_CHARLIE_BYRON_LEON_DAMIAN,NA,#QLCJGQUP;#82RCQCVG;#U9GC8G02;#YUJ8PJ0LR;#PJPPY9LRC;#8CRU0PQRQ,TRB|Diegogamer;TRB|Lxffy🌪️;TRB|R B M;TE|snoiy;TE|𑣲Memxn;TE|どいん,BYRON,0,0.0%,bounty,Dry Season,22/06/2026 22:45:07,#YUJ8PJ0LR,TE|snoiy,TE,TEAM ELEKTROS,tournament
None_Dry Season_#QLCJGQUP_#82RCQCVG_#U9GC8G02_#YUJ8PJ0LR_#PJPPY9LRC_#8CRU0PQRQ_GENE_FANG_CHARLIE_BYRON_LEON_DAMIAN,NA,#QLCJGQUP;#82RCQCVG;#U9GC8G02;#YUJ8PJ0LR;#PJPPY9LRC;#8CRU0PQRQ,TRB|Diegogamer;TRB|Lxffy🌪️;TRB|R B M;TE|snoiy;TE|𑣲Memxn;TE|どいん,LEON,0,0.0%,bounty,Dry Season,22/06/2026 22:45:07,#PJPPY9LRC,TE|𑣲Memxn,TE,TEAM ELEKTROS,tournament
None_Dry Season_#QLCJGQUP_#82RCQCVG_#U9GC8G02_#YUJ8PJ0LR_#PJPPY9LRC_#8CRU0PQRQ_GENE_FANG_CHARLIE_BYRON_LEON_DAMIAN,NA,#QLCJGQUP;#82RCQCVG;#U9GC8G02;#YUJ8PJ0LR;#PJPPY9LRC;#8CRU0PQRQ,TRB|Diegogamer;TRB|Lxffy🌪️;TRB|R B M;TE|snoiy;TE|𑣲Memxn;TE|どいん,DAMIAN,0,0.0%,bounty,Dry Season,22/06/2026 22:45:07,#8CRU0PQRQ,TE|どいん,TE,TEAM ELEKTROS,tournament
None_Out in the Open_#QLCJGQUP_#82RCQCVG_#U9GC8G02_#YUJ8PJ0LR_#PJPPY9LRC_#8CRU0PQRQ_MEEPLE_CORDELIUS_OLLIE_BYRON_KIT_DARRYL,NA,#QLCJGQUP;#82RCQCVG;#U9GC8G02;#YUJ8PJ0LR;#PJPPY9LRC;#8CRU0PQRQ,TRB|Diegogamer;TRB|Lxffy🌪️;TRB|R B M;TE|snoiy;TE|𑣲Memxn;TE|どいん,MEEPLE,1,100.0%,knockout,Out in the Open,22/06/2026 22:45:07,#QLCJGQUP,TRB|Diegogamer,TRB,TRIBE GAMING,tournament
None_Out in the Open_#QLCJGQUP_#82RCQCVG_#U9GC8G02_#YUJ8PJ0LR_#PJPPY9LRC_#8CRU0PQRQ_MEEPLE_CORDELIUS_OLLIE_BYRON_KIT_DARRYL,NA,#QLCJGQUP;#82RCQCVG;#U9GC8G02;#YUJ8PJ0LR;#PJPPY9LRC;#8CRU0PQRQ,TRB|Diegogamer;TRB|Lxffy🌪️;TRB|R B M;TE|snoiy;TE|𑣲Memxn;TE|どいん,CORDELIUS,1,100.0%,knockout,Out in the Open,22/06/2026 22:45:07,#82RCQCVG,TRB|Lxffy🌪️,TRB,TRIBE GAMING,tournament
None_Out in the Open_#QLCJGQUP_#82RCQCVG_#U9GC8G02_#YUJ8PJ0LR_#PJPPY9LRC_#8CRU0PQRQ_MEEPLE_CORDELIUS_OLLIE_BYRON_KIT_DARRYL,NA,#QLCJGQUP;#82RCQCVG;#U9GC8G02;#YUJ8PJ0LR;#PJPPY9LRC;#8CRU0PQRQ,TRB|Diegogamer;TRB|Lxffy🌪️;TRB|R B M;TE|snoiy;TE|𑣲Memxn;TE|どいん,OLLIE,1,100.0%,knockout,Out in the Open,22/06/2026 22:45:07,#U9GC8G02,TRB|R B M,TRB,TRIBE GAMING,tournament
None_Out in the Open_#QLCJGQUP_#82RCQCVG_#U9GC8G02_#YUJ8PJ0LR_#PJPPY9LRC_#8CRU0PQRQ_MEEPLE_CORDELIUS_OLLIE_BYRON_KIT_DARRYL,NA,#QLCJGQUP;#82RCQCVG;#U9GC8G02;#YUJ8PJ0LR;#PJPPY9LRC;#8CRU0PQRQ,TRB|Diegogamer;TRB|Lxffy🌪️;TRB|R B M;TE|snoiy;TE|𑣲Memxn;TE|どいん,BYRON,0,0.0%,knockout,Out in the Open,22/06/2026 22:45:07,#YUJ8PJ0LR,TE|snoiy,TE,TEAM ELEKTROS,tournament
None_Out in the Open_#QLCJGQUP_#82RCQCVG_#U9GC8G02_#YUJ8PJ0LR_#PJPPY9LRC_#8CRU0PQRQ_MEEPLE_CORDELIUS_OLLIE_BYRON_KIT_DARRYL,NA,#QLCJGQUP;#82RCQCVG;#U9GC8G02;#YUJ8PJ0LR;#PJPPY9LRC;#8CRU0PQRQ,TRB|Diegogamer;TRB|Lxffy🌪️;TRB|R B M;TE|snoiy;TE|𑣲Memxn;TE|どいん,KIT,0,0.0%,knockout,Out in the Open,22/06/2026 22:45:07,#PJPPY9LRC,TE|𑣲Memxn,TE,TEAM ELEKTROS,tournament
None_Out in the Open_#QLCJGQUP_#82RCQCVG_#U9GC8G02_#YUJ8PJ0LR_#PJPPY9LRC_#8CRU0PQRQ_MEEPLE_CORDELIUS_OLLIE_BYRON_KIT_DARRYL,NA,#QLCJGQUP;#82RCQCVG;#U9GC8G02;#YUJ8PJ0LR;#PJPPY9LRC;#8CRU0PQRQ,TRB|Diegogamer;TRB|Lxffy🌪️;TRB|R B M;TE|snoiy;TE|𑣲Memxn;TE|どいん,DARRYL,0,0.0%,knockout,Out in the Open,22/06/2026 22:45:07,#8CRU0PQRQ,TE|どいん,TE,TEAM ELEKTROS,tournament
None_Pit Stop_#QLCJGQUP_#82RCQCVG_#U9GC8G02_#PJPPY9LRC_#YUJ8PJ0LR_#8CRU0PQRQ_DYNAMIKE_KAZE_BUZZ_MELODIE_BIBI_BERRY,NA,#QLCJGQUP;#82RCQCVG;#U9GC8G02;#PJPPY9LRC;#YUJ8PJ0LR;#8CRU0PQRQ,TRB|Diegogamer;TRB|Lxffy🌪️;TRB|R B M;TE|𑣲Memxn;TE|snoiy;TE|どいん,DYNAMIKE,1,100.0%,heist,Pit Stop,22/06/2026 22:45:07,#QLCJGQUP,TRB|Diegogamer,TRB,TRIBE GAMING,tournament
None_Pit Stop_#QLCJGQUP_#82RCQCVG_#U9GC8G02_#PJPPY9LRC_#YUJ8PJ0LR_#8CRU0PQRQ_DYNAMIKE_KAZE_BUZZ_MELODIE_BIBI_BERRY,NA,#QLCJGQUP;#82RCQCVG;#U9GC8G02;#PJPPY9LRC;#YUJ8PJ0LR;#8CRU0PQRQ,TRB|Diegogamer;TRB|Lxffy🌪️;TRB|R B M;TE|𑣲Memxn;TE|snoiy;TE|どいん,KAZE,1,100.0%,heist,Pit Stop,22/06/2026 22:45:07,#82RCQCVG,TRB|Lxffy🌪️,TRB,TRIBE GAMING,tournament
None_Pit Stop_#QLCJGQUP_#82RCQCVG_#U9GC8G02_#PJPPY9LRC_#YUJ8PJ0LR_#8CRU0PQRQ_DYNAMIKE_KAZE_BUZZ_MELODIE_BIBI_BERRY,NA,#QLCJGQUP;#82RCQCVG;#U9GC8G02;#PJPPY9LRC;#YUJ8PJ0LR;#8CRU0PQRQ,TRB|Diegogamer;TRB|Lxffy🌪️;TRB|R B M;TE|𑣲Memxn;TE|snoiy;TE|どいん,BUZZ,1,100.0%,heist,Pit Stop,22/06/2026 22:45:07,#U9GC8G02,TRB|R B M,TRB,TRIBE GAMING,tournament
None_Pit Stop_#QLCJGQUP_#82RCQCVG_#U9GC8G02_#PJPPY9LRC_#YUJ8PJ0LR_#8CRU0PQRQ_DYNAMIKE_KAZE_BUZZ_MELODIE_BIBI_BERRY,NA,#QLCJGQUP;#82RCQCVG;#U9GC8G02;#PJPPY9LRC;#YUJ8PJ0LR;#8CRU0PQRQ,TRB|Diegogamer;TRB|Lxffy🌪️;TRB|R B M;TE|𑣲Memxn;TE|snoiy;TE|どいん,MELODIE,0,0.0%,heist,Pit Stop,22/06/2026 22:45:07,#PJPPY9LRC,TE|𑣲Memxn,TE,TEAM ELEKTROS,tournament
None_Pit Stop_#QLCJGQUP_#82RCQCVG_#U9GC8G02_#PJPPY9LRC_#YUJ8PJ0LR_#8CRU0PQRQ_DYNAMIKE_KAZE_BUZZ_MELODIE_BIBI_BERRY,NA,#QLCJGQUP;#82RCQCVG;#U9GC8G02;#PJPPY9LRC;#YUJ8PJ0LR;#8CRU0PQRQ,TRB|Diegogamer;TRB|Lxffy🌪️;TRB|R B M;TE|𑣲Memxn;TE|snoiy;TE|どいん,BIBI,0,0.0%,heist,Pit Stop,22/06/2026 22:45:07,#YUJ8PJ0LR,TE|snoiy,TE,TEAM ELEKTROS,tournament
None_Pit Stop_#QLCJGQUP_#82RCQCVG_#U9GC8G02_#PJPPY9LRC_#YUJ8PJ0LR_#8CRU0PQRQ_DYNAMIKE_KAZE_BUZZ_MELODIE_BIBI_BERRY,NA,#QLCJGQUP;#82RCQCVG;#U9GC8G02;#PJPPY9LRC;#YUJ8PJ0LR;#8CRU0PQRQ,TRB|Diegogamer;TRB|Lxffy🌪️;TRB|R B M;TE|𑣲Memxn;TE|snoiy;TE|どいん,BERRY,0,0.0%,heist,Pit Stop,22/06/2026 22:45:07,#8CRU0PQRQ,TE|どいん,TE,TEAM ELEKTROS,tournament
None_Crystal Arcade_#YUJ8PJ0LR_#PJPPY9LRC_#8CRU0PQRQ_#QURVLPG_#Q2VCLG9Y9_#22JR2JLYC_JANET_KIT_MOE_NITA_CHESTER_STU,NA,#YUJ8PJ0LR;#PJPPY9LRC;#8CRU0PQRQ;#QURVLPG;#Q2VCLG9Y9;#22JR2JLYC,TE|snoiy;TE|𑣲Memxn;TE|どいん;VTC|ezlivi ✗;VTC|belal ✗;duckie <3,JANET,1,100.0%,gemGrab,Crystal Arcade,22/06/2026 22:45:07,#YUJ8PJ0LR,TE|snoiy,TE,TEAM ELEKTROS,tournament
None_Crystal Arcade_#YUJ8PJ0LR_#PJPPY9LRC_#8CRU0PQRQ_#QURVLPG_#Q2VCLG9Y9_#22JR2JLYC_JANET_KIT_MOE_NITA_CHESTER_STU,NA,#YUJ8PJ0LR;#PJPPY9LRC;#8CRU0PQRQ;#QURVLPG;#Q2VCLG9Y9;#22JR2JLYC,TE|snoiy;TE|𑣲Memxn;TE|どいん;VTC|ezlivi ✗;VTC|belal ✗;duckie <3,KIT,1,100.0%,gemGrab,Crystal Arcade,22/06/2026 22:45:07,#PJPPY9LRC,TE|𑣲Memxn,TE,TEAM ELEKTROS,tournament
None_Crystal Arcade_#YUJ8PJ0LR_#PJPPY9LRC_#8CRU0PQRQ_#QURVLPG_#Q2VCLG9Y9_#22JR2JLYC_JANET_KIT_MOE_NITA_CHESTER_STU,NA,#YUJ8PJ0LR;#PJPPY9LRC;#8CRU0PQRQ;#QURVLPG;#Q2VCLG9Y9;#22JR2JLYC,TE|snoiy;TE|𑣲Memxn;TE|どいん;VTC|ezlivi ✗;VTC|belal ✗;duckie <3,MOE,1,100.0%,gemGrab,Crystal Arcade,22/06/2026 22:45:07,#8CRU0PQRQ,TE|どいん,TE,TEAM ELEKTROS,tournament
None_Crystal Arcade_#YUJ8PJ0LR_#PJPPY9LRC_#8CRU0PQRQ_#QURVLPG_#Q2VCLG9Y9_#22JR2JLYC_JANET_KIT_MOE_NITA_CHESTER_STU,NA,#YUJ8PJ0LR;#PJPPY9LRC;#8CRU0PQRQ;#QURVLPG;#Q2VCLG9Y9;#22JR2JLYC,TE|snoiy;TE|𑣲Memxn;TE|どいん;VTC|ezlivi ✗;VTC|belal ✗;duckie <3,NITA,0,0.0%,gemGrab,Crystal Arcade,22/06/2026 22:45:07,#QURVLPG,VTC|ezlivi ✗,VTC,VATIC,tournament
None_Crystal Arcade_#YUJ8PJ0LR_#PJPPY9LRC_#8CRU0PQRQ_#QURVLPG_#Q2VCLG9Y9_#22JR2JLYC_JANET_KIT_MOE_NITA_CHESTER_STU,NA,#YUJ8PJ0LR;#PJPPY9LRC;#8CRU0PQRQ;#QURVLPG;#Q2VCLG9Y9;#22JR2JLYC,TE|snoiy;TE|𑣲Memxn;TE|どいん;VTC|ezlivi ✗;VTC|belal ✗;duckie <3,CHESTER,0,0.0%,gemGrab,Crystal Arcade,22/06/2026 22:45:07,#Q2VCLG9Y9,VTC|belal ✗,VTC,VATIC,tournament
None_Crystal Arcade_#YUJ8PJ0LR_#PJPPY9LRC_#8CRU0PQRQ_#QURVLPG_#Q2VCLG9Y9_#22JR2JLYC_JANET_KIT_MOE_NITA_CHESTER_STU,NA,#YUJ8PJ0LR;#PJPPY9LRC;#8CRU0PQRQ;#QURVLPG;#Q2VCLG9Y9;#22JR2JLYC,TE|snoiy;TE|𑣲Memxn;TE|どいん;VTC|ezlivi ✗;VTC|belal ✗;duckie <3,STU,0,0.0%,gemGrab,Crystal Arcade,22/06/2026 22:45:07,#22JR2JLYC,duckie <3,VTC,VATIC,tournament
None_Goldarm Gulch_#YUJ8PJ0LR_#PJPPY9LRC_#8CRU0PQRQ_#QURVLPG_#Q2VCLG9Y9_#22JR2JLYC_PEARL_BYRON_OLLIE_RUFFS_LUMI_BROCK,NA,#YUJ8PJ0LR;#PJPPY9LRC;#8CRU0PQRQ;#QURVLPG;#Q2VCLG9Y9;#22JR2JLYC,TE|snoiy;TE|𑣲Memxn;TE|どいん;VTC|ezlivi ✗;VTC|belal ✗;duckie <3,PEARL,1,100.0%,knockout,Goldarm Gulch,22/06/2026 22:45:07,#YUJ8PJ0LR,TE|snoiy,TE,TEAM ELEKTROS,tournament
None_Goldarm Gulch_#YUJ8PJ0LR_#PJPPY9LRC_#8CRU0PQRQ_#QURVLPG_#Q2VCLG9Y9_#22JR2JLYC_PEARL_BYRON_OLLIE_RUFFS_LUMI_BROCK,NA,#YUJ8PJ0LR;#PJPPY9LRC;#8CRU0PQRQ;#QURVLPG;#Q2VCLG9Y9;#22JR2JLYC,TE|snoiy;TE|𑣲Memxn;TE|どいん;VTC|ezlivi ✗;VTC|belal ✗;duckie <3,BYRON,1,100.0%,knockout,Goldarm Gulch,22/06/2026 22:45:07,#PJPPY9LRC,TE|𑣲Memxn,TE,TEAM ELEKTROS,tournament
None_Goldarm Gulch_#YUJ8PJ0LR_#PJPPY9LRC_#8CRU0PQRQ_#QURVLPG_#Q2VCLG9Y9_#22JR2JLYC_PEARL_BYRON_OLLIE_RUFFS_LUMI_BROCK,NA,#YUJ8PJ0LR;#PJPPY9LRC;#8CRU0PQRQ;#QURVLPG;#Q2VCLG9Y9;#22JR2JLYC,TE|snoiy;TE|𑣲Memxn;TE|どいん;VTC|ezlivi ✗;VTC|belal ✗;duckie <3,OLLIE,1,100.0%,knockout,Goldarm Gulch,22/06/2026 22:45:07,#8CRU0PQRQ,TE|どいん,TE,TEAM ELEKTROS,tournament
None_Goldarm Gulch_#YUJ8PJ0LR_#PJPPY9LRC_#8CRU0PQRQ_#QURVLPG_#Q2VCLG9Y9_#22JR2JLYC_PEARL_BYRON_OLLIE_RUFFS_LUMI_BROCK,NA,#YUJ8PJ0LR;#PJPPY9LRC;#8CRU0PQRQ;#QURVLPG;#Q2VCLG9Y9;#22JR2JLYC,TE|snoiy;TE|𑣲Memxn;TE|どいん;VTC|ezlivi ✗;VTC|belal ✗;duckie <3,RUFFS,0,0.0%,knockout,Goldarm Gulch,22/06/2026 22:45:07,#QURVLPG,VTC|ezlivi ✗,VTC,VATIC,tournament
None_Goldarm Gulch_#YUJ8PJ0LR_#PJPPY9LRC_#8CRU0PQRQ_#QURVLPG_#Q2VCLG9Y9_#22JR2JLYC_PEARL_BYRON_OLLIE_RUFFS_LUMI_BROCK,NA,#YUJ8PJ0LR;#PJPPY9LRC;#8CRU0PQRQ;#QURVLPG;#Q2VCLG9Y9;#22JR2JLYC,TE|snoiy;TE|𑣲Memxn;TE|どいん;VTC|ezlivi ✗;VTC|belal ✗;duckie <3,LUMI,0,0.0%,knockout,Goldarm Gulch,22/06/2026 22:45:07,#Q2VCLG9Y9,VTC|belal ✗,VTC,VATIC,tournament
None_Goldarm Gulch_#YUJ8PJ0LR_#PJPPY9LRC_#8CRU0PQRQ_#QURVLPG_#Q2VCLG9Y9_#22JR2JLYC_PEARL_BYRON_OLLIE_RUFFS_LUMI_BROCK,NA,#YUJ8PJ0LR;#PJPPY9LRC;#8CRU0PQRQ;#QURVLPG;#Q2VCLG9Y9;#22JR2JLYC,TE|snoiy;TE|𑣲Memxn;TE|どいん;VTC|ezlivi ✗;VTC|belal ✗;duckie <3,BROCK,0,0.0%,knockout,Goldarm Gulch,22/06/2026 22:45:07,#22JR2JLYC,duckie <3,VTC,VATIC,tournament
None_Pinball Dreams_#YUJ8PJ0LR_#PJPPY9LRC_#8CRU0PQRQ_#QURVLPG_#Q2VCLG9Y9_#22JR2JLYC_OTIS_KENJI_BERRY_WILLOW_CHESTER_BULL,NA,#YUJ8PJ0LR;#PJPPY9LRC;#8CRU0PQRQ;#QURVLPG;#Q2VCLG9Y9;#22JR2JLYC,TE|snoiy;TE|𑣲Memxn;TE|どいん;VTC|ezlivi ✗;VTC|belal ✗;duckie <3,OTIS,1,100.0%,brawlBall,Pinball Dreams,22/06/2026 22:45:07,#YUJ8PJ0LR,TE|snoiy,TE,TEAM ELEKTROS,tournament
None_Pinball Dreams_#YUJ8PJ0LR_#PJPPY9LRC_#8CRU0PQRQ_#QURVLPG_#Q2VCLG9Y9_#22JR2JLYC_OTIS_KENJI_BERRY_WILLOW_CHESTER_BULL,NA,#YUJ8PJ0LR;#PJPPY9LRC;#8CRU0PQRQ;#QURVLPG;#Q2VCLG9Y9;#22JR2JLYC,TE|snoiy;TE|𑣲Memxn;TE|どいん;VTC|ezlivi ✗;VTC|belal ✗;duckie <3,KENJI,1,100.0%,brawlBall,Pinball Dreams,22/06/2026 22:45:07,#PJPPY9LRC,TE|𑣲Memxn,TE,TEAM ELEKTROS,tournament
None_Pinball Dreams_#YUJ8PJ0LR_#PJPPY9LRC_#8CRU0PQRQ_#QURVLPG_#Q2VCLG9Y9_#22JR2JLYC_OTIS_KENJI_BERRY_WILLOW_CHESTER_BULL,NA,#YUJ8PJ0LR;#PJPPY9LRC;#8CRU0PQRQ;#QURVLPG;#Q2VCLG9Y9;#22JR2JLYC,TE|snoiy;TE|𑣲Memxn;TE|どいん;VTC|ezlivi ✗;VTC|belal ✗;duckie <3,BERRY,1,100.0%,brawlBall,Pinball Dreams,22/06/2026 22:45:07,#8CRU0PQRQ,TE|どいん,TE,TEAM ELEKTROS,tournament
None_Pinball Dreams_#YUJ8PJ0LR_#PJPPY9LRC_#8CRU0PQRQ_#QURVLPG_#Q2VCLG9Y9_#22JR2JLYC_OTIS_KENJI_BERRY_WILLOW_CHESTER_BULL,NA,#YUJ8PJ0LR;#PJPPY9LRC;#8CRU0PQRQ;#QURVLPG;#Q2VCLG9Y9;#22JR2JLYC,TE|snoiy;TE|𑣲Memxn;TE|どいん;VTC|ezlivi ✗;VTC|belal ✗;duckie <3,WILLOW,0,0.0%,brawlBall,Pinball Dreams,22/06/2026 22:45:07,#QURVLPG,VTC|ezlivi ✗,VTC,VATIC,tournament
None_Pinball Dreams_#YUJ8PJ0LR_#PJPPY9LRC_#8CRU0PQRQ_#QURVLPG_#Q2VCLG9Y9_#22JR2JLYC_OTIS_KENJI_BERRY_WILLOW_CHESTER_BULL,NA,#YUJ8PJ0LR;#PJPPY9LRC;#8CRU0PQRQ;#QURVLPG;#Q2VCLG9Y9;#22JR2JLYC,TE|snoiy;TE|𑣲Memxn;TE|どいん;VTC|ezlivi ✗;VTC|belal ✗;duckie <3,CHESTER,0,0.0%,brawlBall,Pinball Dreams,22/06/2026 22:45:07,#Q2VCLG9Y9,VTC|belal ✗,VTC,VATIC,tournament
None_Pinball Dreams_#YUJ8PJ0LR_#PJPPY9LRC_#8CRU0PQRQ_#QURVLPG_#Q2VCLG9Y9_#22JR2JLYC_OTIS_KENJI_BERRY_WILLOW_CHESTER_BULL,NA,#YUJ8PJ0LR;#PJPPY9LRC;#8CRU0PQRQ;#QURVLPG;#Q2VCLG9Y9;#22JR2JLYC,TE|snoiy;TE|𑣲Memxn;TE|どいん;VTC|ezlivi ✗;VTC|belal ✗;duckie <3,BULL,0,0.0%,brawlBall,Pinball Dreams,22/06/2026 22:45:07,#22JR2JLYC,duckie <3,VTC,VATIC,tournament
None_Layer Cake_#PJPPY9LRC_#YUJ8PJ0LR_#8CRU0PQRQ_#QURVLPG_#Q2VCLG9Y9_#22JR2JLYC_ALLI_LUMI_BERRY_RUFFS_KAZE_OTIS,NA,#PJPPY9LRC;#YUJ8PJ0LR;#8CRU0PQRQ;#QURVLPG;#Q2VCLG9Y9;#22JR2JLYC,TE|𑣲Memxn;TE|snoiy;TE|どいん;VTC|ezlivi ✗;VTC|belal ✗;duckie <3,ALLI,0,0.0%,bounty,Layer Cake,22/06/2026 22:45:07,#PJPPY9LRC,TE|𑣲Memxn,TE,TEAM ELEKTROS,tournament
None_Layer Cake_#PJPPY9LRC_#YUJ8PJ0LR_#8CRU0PQRQ_#QURVLPG_#Q2VCLG9Y9_#22JR2JLYC_ALLI_LUMI_BERRY_RUFFS_KAZE_OTIS,NA,#PJPPY9LRC;#YUJ8PJ0LR;#8CRU0PQRQ;#QURVLPG;#Q2VCLG9Y9;#22JR2JLYC,TE|𑣲Memxn;TE|snoiy;TE|どいん;VTC|ezlivi ✗;VTC|belal ✗;duckie <3,LUMI,0,0.0%,bounty,Layer Cake,22/06/2026 22:45:07,#YUJ8PJ0LR,TE|snoiy,TE,TEAM ELEKTROS,tournament
None_Layer Cake_#PJPPY9LRC_#YUJ8PJ0LR_#8CRU0PQRQ_#QURVLPG_#Q2VCLG9Y9_#22JR2JLYC_ALLI_LUMI_BERRY_RUFFS_KAZE_OTIS,NA,#PJPPY9LRC;#YUJ8PJ0LR;#8CRU0PQRQ;#QURVLPG;#Q2VCLG9Y9;#22JR2JLYC,TE|𑣲Memxn;TE|snoiy;TE|どいん;VTC|ezlivi ✗;VTC|belal ✗;duckie <3,BERRY,0,0.0%,bounty,Layer Cake,22/06/2026 22:45:07,#8CRU0PQRQ,TE|どいん,TE,TEAM ELEKTROS,tournament
None_Layer Cake_#PJPPY9LRC_#YUJ8PJ0LR_#8CRU0PQRQ_#QURVLPG_#Q2VCLG9Y9_#22JR2JLYC_ALLI_LUMI_BERRY_RUFFS_KAZE_OTIS,NA,#PJPPY9LRC;#YUJ8PJ0LR;#8CRU0PQRQ;#QURVLPG;#Q2VCLG9Y9;#22JR2JLYC,TE|𑣲Memxn;TE|snoiy;TE|どいん;VTC|ezlivi ✗;VTC|belal ✗;duckie <3,RUFFS,1,100.0%,bounty,Layer Cake,22/06/2026 22:45:07,#QURVLPG,VTC|ezlivi ✗,VTC,VATIC,tournament
None_Layer Cake_#PJPPY9LRC_#YUJ8PJ0LR_#8CRU0PQRQ_#QURVLPG_#Q2VCLG9Y9_#22JR2JLYC_ALLI_LUMI_BERRY_RUFFS_KAZE_OTIS,NA,#PJPPY9LRC;#YUJ8PJ0LR;#8CRU0PQRQ;#QURVLPG;#Q2VCLG9Y9;#22JR2JLYC,TE|𑣲Memxn;TE|snoiy;TE|どいん;VTC|ezlivi ✗;VTC|belal ✗;duckie <3,KAZE,1,100.0%,bounty,Layer Cake,22/06/2026 22:45:07,#Q2VCLG9Y9,VTC|belal ✗,VTC,VATIC,tournament
None_Layer Cake_#PJPPY9LRC_#YUJ8PJ0LR_#8CRU0PQRQ_#QURVLPG_#Q2VCLG9Y9_#22JR2JLYC_ALLI_LUMI_BERRY_RUFFS_KAZE_OTIS,NA,#PJPPY9LRC;#YUJ8PJ0LR;#8CRU0PQRQ;#QURVLPG;#Q2VCLG9Y9;#22JR2JLYC,TE|𑣲Memxn;TE|snoiy;TE|どいん;VTC|ezlivi ✗;VTC|belal ✗;duckie <3,OTIS,1,100.0%,bounty,Layer Cake,22/06/2026 22:45:07,#22JR2JLYC,duckie <3,VTC,VATIC,tournament
None_Pinhole Punt_#PJPPY9LRC_#8CRU0PQRQ_#YUJ8PJ0LR_#PL0GRVJRJ_#9YYUPGJ2V_#8UL0U08V_RUFFS_GALE_OTIS_STU_EMZ_CROW,NA,#PJPPY9LRC;#8CRU0PQRQ;#YUJ8PJ0LR;#PL0GRVJRJ;#9YYUPGJ2V;#8UL0U08V,TE|𑣲Memxn;TE|どいん;TE|snoiy;RLM|𑣲Juni;RLM|Nerf🫆;RLM|winq ˖᯽ ݁˖,RUFFS,1,100.0%,brawlBall,Pinhole Punt,22/06/2026 22:45:07,#PJPPY9LRC,TE|𑣲Memxn,TE,TEAM ELEKTROS,tournament
None_Pinhole Punt_#PJPPY9LRC_#8CRU0PQRQ_#YUJ8PJ0LR_#PL0GRVJRJ_#9YYUPGJ2V_#8UL0U08V_RUFFS_GALE_OTIS_STU_EMZ_CROW,NA,#PJPPY9LRC;#8CRU0PQRQ;#YUJ8PJ0LR;#PL0GRVJRJ;#9YYUPGJ2V;#8UL0U08V,TE|𑣲Memxn;TE|どいん;TE|snoiy;RLM|𑣲Juni;RLM|Nerf🫆;RLM|winq ˖᯽ ݁˖,GALE,1,100.0%,brawlBall,Pinhole Punt,22/06/2026 22:45:07,#8CRU0PQRQ,TE|どいん,TE,TEAM ELEKTROS,tournament
None_Pinhole Punt_#PJPPY9LRC_#8CRU0PQRQ_#YUJ8PJ0LR_#PL0GRVJRJ_#9YYUPGJ2V_#8UL0U08V_RUFFS_GALE_OTIS_STU_EMZ_CROW,NA,#PJPPY9LRC;#8CRU0PQRQ;#YUJ8PJ0LR;#PL0GRVJRJ;#9YYUPGJ2V;#8UL0U08V,TE|𑣲Memxn;TE|どいん;TE|snoiy;RLM|𑣲Juni;RLM|Nerf🫆;RLM|winq ˖᯽ ݁˖,OTIS,1,100.0%,brawlBall,Pinhole Punt,22/06/2026 22:45:07,#YUJ8PJ0LR,TE|snoiy,TE,TEAM ELEKTROS,tournament
None_Pinhole Punt_#PJPPY9LRC_#8CRU0PQRQ_#YUJ8PJ0LR_#PL0GRVJRJ_#9YYUPGJ2V_#8UL0U08V_RUFFS_GALE_OTIS_STU_EMZ_CROW,NA,#PJPPY9LRC;#8CRU0PQRQ;#YUJ8PJ0LR;#PL0GRVJRJ;#9YYUPGJ2V;#8UL0U08V,TE|𑣲Memxn;TE|どいん;TE|snoiy;RLM|𑣲Juni;RLM|Nerf🫆;RLM|winq ˖᯽ ݁˖,STU,0,0.0%,brawlBall,Pinhole Punt,22/06/2026 22:45:07,#PL0GRVJRJ,RLM|𑣲Juni,RLMA,ONLY REALM Academy,tournament
None_Pinhole Punt_#PJPPY9LRC_#8CRU0PQRQ_#YUJ8PJ0LR_#PL0GRVJRJ_#9YYUPGJ2V_#8UL0U08V_RUFFS_GALE_OTIS_STU_EMZ_CROW,NA,#PJPPY9LRC;#8CRU0PQRQ;#YUJ8PJ0LR;#PL0GRVJRJ;#9YYUPGJ2V;#8UL0U08V,TE|𑣲Memxn;TE|どいん;TE|snoiy;RLM|𑣲Juni;RLM|Nerf🫆;RLM|winq ˖᯽ ݁˖,EMZ,0,0.0%,brawlBall,Pinhole Punt,22/06/2026 22:45:07,#9YYUPGJ2V,RLM|Nerf🫆,RLMA,ONLY REALM Academy,tournament
None_Pinhole Punt_#PJPPY9LRC_#8CRU0PQRQ_#YUJ8PJ0LR_#PL0GRVJRJ_#9YYUPGJ2V_#8UL0U08V_RUFFS_GALE_OTIS_STU_EMZ_CROW,NA,#PJPPY9LRC;#8CRU0PQRQ;#YUJ8PJ0LR;#PL0GRVJRJ;#9YYUPGJ2V;#8UL0U08V,TE|𑣲Memxn;TE|どいん;TE|snoiy;RLM|𑣲Juni;RLM|Nerf🫆;RLM|winq ˖᯽ ݁˖,CROW,0,0.0%,brawlBall,Pinhole Punt,22/06/2026 22:45:07,#8UL0U08V,RLM|winq ˖᯽ ݁˖,RLMA,ONLY REALM Academy,tournament
None_Goldarm Gulch_#YUJ8PJ0LR_#8CRU0PQRQ_#PJPPY9LRC_#PL0GRVJRJ_#9YYUPGJ2V_#8UL0U08V_ANGELO_DARRYL_LEON_BROCK_R-T_MEEPLE,NA,#YUJ8PJ0LR;#8CRU0PQRQ;#PJPPY9LRC;#PL0GRVJRJ;#9YYUPGJ2V;#8UL0U08V,TE|snoiy;TE|どいん;TE|𑣲Memxn;RLM|𑣲Juni;RLM|Nerf🫆;RLM|winq ˖᯽ ݁˖,ANGELO,1,100.0%,knockout,Goldarm Gulch,22/06/2026 22:45:07,#YUJ8PJ0LR,TE|snoiy,TE,TEAM ELEKTROS,tournament
None_Goldarm Gulch_#YUJ8PJ0LR_#8CRU0PQRQ_#PJPPY9LRC_#PL0GRVJRJ_#9YYUPGJ2V_#8UL0U08V_ANGELO_DARRYL_LEON_BROCK_R-T_MEEPLE,NA,#YUJ8PJ0LR;#8CRU0PQRQ;#PJPPY9LRC;#PL0GRVJRJ;#9YYUPGJ2V;#8UL0U08V,TE|snoiy;TE|どいん;TE|𑣲Memxn;RLM|𑣲Juni;RLM|Nerf🫆;RLM|winq ˖᯽ ݁˖,DARRYL,1,100.0%,knockout,Goldarm Gulch,22/06/2026 22:45:07,#8CRU0PQRQ,TE|どいん,TE,TEAM ELEKTROS,tournament
None_Goldarm Gulch_#YUJ8PJ0LR_#8CRU0PQRQ_#PJPPY9LRC_#PL0GRVJRJ_#9YYUPGJ2V_#8UL0U08V_ANGELO_DARRYL_LEON_BROCK_R-T_MEEPLE,NA,#YUJ8PJ0LR;#8CRU0PQRQ;#PJPPY9LRC;#PL0GRVJRJ;#9YYUPGJ2V;#8UL0U08V,TE|snoiy;TE|どいん;TE|𑣲Memxn;RLM|𑣲Juni;RLM|Nerf🫆;RLM|winq ˖᯽ ݁˖,LEON,1,100.0%,knockout,Goldarm Gulch,22/06/2026 22:45:07,#PJPPY9LRC,TE|𑣲Memxn,TE,TEAM ELEKTROS,tournament
None_Goldarm Gulch_#YUJ8PJ0LR_#8CRU0PQRQ_#PJPPY9LRC_#PL0GRVJRJ_#9YYUPGJ2V_#8UL0U08V_ANGELO_DARRYL_LEON_BROCK_R-T_MEEPLE,NA,#YUJ8PJ0LR;#8CRU0PQRQ;#PJPPY9LRC;#PL0GRVJRJ;#9YYUPGJ2V;#8UL0U08V,TE|snoiy;TE|どいん;TE|𑣲Memxn;RLM|𑣲Juni;RLM|Nerf🫆;RLM|winq ˖᯽ ݁˖,BROCK,0,0.0%,knockout,Goldarm Gulch,22/06/2026 22:45:07,#PL0GRVJRJ,RLM|𑣲Juni,RLMA,ONLY REALM Academy,tournament
None_Goldarm Gulch_#YUJ8PJ0LR_#8CRU0PQRQ_#PJPPY9LRC_#PL0GRVJRJ_#9YYUPGJ2V_#8UL0U08V_ANGELO_DARRYL_LEON_BROCK_R-T_MEEPLE,NA,#YUJ8PJ0LR;#8CRU0PQRQ;#PJPPY9LRC;#PL0GRVJRJ;#9YYUPGJ2V;#8UL0U08V,TE|snoiy;TE|どいん;TE|𑣲Memxn;RLM|𑣲Juni;RLM|Nerf🫆;RLM|winq ˖᯽ ݁˖,R-T,0,0.0%,knockout,Goldarm Gulch,22/06/2026 22:45:07,#9YYUPGJ2V,RLM|Nerf🫆,RLMA,ONLY REALM Academy,tournament
None_Goldarm Gulch_#YUJ8PJ0LR_#8CRU0PQRQ_#PJPPY9LRC_#PL0GRVJRJ_#9YYUPGJ2V_#8UL0U08V_ANGELO_DARRYL_LEON_BROCK_R-T_MEEPLE,NA,#YUJ8PJ0LR;#8CRU0PQRQ;#PJPPY9LRC;#PL0GRVJRJ;#9YYUPGJ2V;#8UL0U08V,TE|snoiy;TE|どいん;TE|𑣲Memxn;RLM|𑣲Juni;RLM|Nerf🫆;RLM|winq ˖᯽ ݁˖,MEEPLE,0,0.0%,knockout,Goldarm Gulch,22/06/2026 22:45:07,#8UL0U08V,RLM|winq ˖᯽ ݁˖,RLMA,ONLY REALM Academy,tournament
None_Ring of Fire_#PJPPY9LRC_#YUJ8PJ0LR_#8CRU0PQRQ_#PL0GRVJRJ_#9YYUPGJ2V_#8UL0U08V_KENJI_NAJIA_FINX_MINA_DRACO_LUMI,NA,#PJPPY9LRC;#YUJ8PJ0LR;#8CRU0PQRQ;#PL0GRVJRJ;#9YYUPGJ2V;#8UL0U08V,TE|𑣲Memxn;TE|snoiy;TE|どいん;RLM|𑣲Juni;RLM|Nerf🫆;RLM|winq ˖᯽ ݁˖,KENJI,1,100.0%,hotZone,Ring of Fire,22/06/2026 22:45:07,#PJPPY9LRC,TE|𑣲Memxn,TE,TEAM ELEKTROS,tournament
None_Ring of Fire_#PJPPY9LRC_#YUJ8PJ0LR_#8CRU0PQRQ_#PL0GRVJRJ_#9YYUPGJ2V_#8UL0U08V_KENJI_NAJIA_FINX_MINA_DRACO_LUMI,NA,#PJPPY9LRC;#YUJ8PJ0LR;#8CRU0PQRQ;#PL0GRVJRJ;#9YYUPGJ2V;#8UL0U08V,TE|𑣲Memxn;TE|snoiy;TE|どいん;RLM|𑣲Juni;RLM|Nerf🫆;RLM|winq ˖᯽ ݁˖,NAJIA,1,100.0%,hotZone,Ring of Fire,22/06/2026 22:45:07,#YUJ8PJ0LR,TE|snoiy,TE,TEAM ELEKTROS,tournament
None_Ring of Fire_#PJPPY9LRC_#YUJ8PJ0LR_#8CRU0PQRQ_#PL0GRVJRJ_#9YYUPGJ2V_#8UL0U08V_KENJI_NAJIA_FINX_MINA_DRACO_LUMI,NA,#PJPPY9LRC;#YUJ8PJ0LR;#8CRU0PQRQ;#PL0GRVJRJ;#9YYUPGJ2V;#8UL0U08V,TE|𑣲Memxn;TE|snoiy;TE|どいん;RLM|𑣲Juni;RLM|Nerf🫆;RLM|winq ˖᯽ ݁˖,FINX,1,100.0%,hotZone,Ring of Fire,22/06/2026 22:45:07,#8CRU0PQRQ,TE|どいん,TE,TEAM ELEKTROS,tournament
None_Ring of Fire_#PJPPY9LRC_#YUJ8PJ0LR_#8CRU0PQRQ_#PL0GRVJRJ_#9YYUPGJ2V_#8UL0U08V_KENJI_NAJIA_FINX_MINA_DRACO_LUMI,NA,#PJPPY9LRC;#YUJ8PJ0LR;#8CRU0PQRQ;#PL0GRVJRJ;#9YYUPGJ2V;#8UL0U08V,TE|𑣲Memxn;TE|snoiy;TE|どいん;RLM|𑣲Juni;RLM|Nerf🫆;RLM|winq ˖᯽ ݁˖,MINA,0,0.0%,hotZone,Ring of Fire,22/06/2026 22:45:07,#PL0GRVJRJ,RLM|𑣲Juni,RLMA,ONLY REALM Academy,tournament
None_Ring of Fire_#PJPPY9LRC_#YUJ8PJ0LR_#8CRU0PQRQ_#PL0GRVJRJ_#9YYUPGJ2V_#8UL0U08V_KENJI_NAJIA_FINX_MINA_DRACO_LUMI,NA,#PJPPY9LRC;#YUJ8PJ0LR;#8CRU0PQRQ;#PL0GRVJRJ;#9YYUPGJ2V;#8UL0U08V,TE|𑣲Memxn;TE|snoiy;TE|どいん;RLM|𑣲Juni;RLM|Nerf🫆;RLM|winq ˖᯽ ݁˖,DRACO,0,0.0%,hotZone,Ring of Fire,22/06/2026 22:45:07,#9YYUPGJ2V,RLM|Nerf🫆,RLMA,ONLY REALM Academy,tournament
None_Ring of Fire_#PJPPY9LRC_#YUJ8PJ0LR_#8CRU0PQRQ_#PL0GRVJRJ_#9YYUPGJ2V_#8UL0U08V_KENJI_NAJIA_FINX_MINA_DRACO_LUMI,NA,#PJPPY9LRC;#YUJ8PJ0LR;#8CRU0PQRQ;#PL0GRVJRJ;#9YYUPGJ2V;#8UL0U08V,TE|𑣲Memxn;TE|snoiy;TE|どいん;RLM|𑣲Juni;RLM|Nerf🫆;RLM|winq ˖᯽ ݁˖,LUMI,0,0.0%,hotZone,Ring of Fire,22/06/2026 22:45:07,#8UL0U08V,RLM|winq ˖᯽ ݁˖,RLMA,ONLY REALM Academy,tournament
None_Belle's Rock_#GRUQCJQ8V_#990VQVPLY_#VPVLG2_#20P2GP99_#88PL8L2JC_#8Q2QUV00J_MORTIS_CHARLIE_BROCK_PIERCE_KIT_BUSTER,NA,#GRUQCJQ8V;#990VQVPLY;#VPVLG2;#20P2GP99;#88PL8L2JC;#8Q2QUV00J,IAmAbsolute👁️;BC*|sunnyy!;HML|Tyrant;HML|Ducky🐝;NOVA |David;Goatzuen🥷🏽,MORTIS,0,0.0%,knockout,Belle's Rock,22/06/2026 22:45:07,#GRUQCJQ8V,IAmAbsolute👁️,HML,F/A HOMELESS,tournament
None_Belle's Rock_#GRUQCJQ8V_#990VQVPLY_#VPVLG2_#20P2GP99_#88PL8L2JC_#8Q2QUV00J_MORTIS_CHARLIE_BROCK_PIERCE_KIT_BUSTER,NA,#GRUQCJQ8V;#990VQVPLY;#VPVLG2;#20P2GP99;#88PL8L2JC;#8Q2QUV00J,IAmAbsolute👁️;BC*|sunnyy!;HML|Tyrant;HML|Ducky🐝;NOVA |David;Goatzuen🥷🏽,CHARLIE,0,0.0%,knockout,Belle's Rock,22/06/2026 22:45:07,#990VQVPLY,BC*|sunnyy!,HML,F/A HOMELESS,tournament
None_Belle's Rock_#GRUQCJQ8V_#990VQVPLY_#VPVLG2_#20P2GP99_#88PL8L2JC_#8Q2QUV00J_MORTIS_CHARLIE_BROCK_PIERCE_KIT_BUSTER,NA,#GRUQCJQ8V;#990VQVPLY;#VPVLG2;#20P2GP99;#88PL8L2JC;#8Q2QUV00J,IAmAbsolute👁️;BC*|sunnyy!;HML|Tyrant;HML|Ducky🐝;NOVA |David;Goatzuen🥷🏽,BROCK,0,0.0%,knockout,Belle's Rock,22/06/2026 22:45:07,#VPVLG2,HML|Tyrant,HML,F/A HOMELESS,tournament
None_Belle's Rock_#GRUQCJQ8V_#990VQVPLY_#VPVLG2_#20P2GP99_#88PL8L2JC_#8Q2QUV00J_MORTIS_CHARLIE_BROCK_PIERCE_KIT_BUSTER,NA,#GRUQCJQ8V;#990VQVPLY;#VPVLG2;#20P2GP99;#88PL8L2JC;#8Q2QUV00J,IAmAbsolute👁️;BC*|sunnyy!;HML|Tyrant;HML|Ducky🐝;NOVA |David;Goatzuen🥷🏽,PIERCE,1,100.0%,knockout,Belle's Rock,22/06/2026 22:45:07,#20P2GP99,HML|Ducky🐝,ENONA,ENOSIS NA,tournament
None_Belle's Rock_#GRUQCJQ8V_#990VQVPLY_#VPVLG2_#20P2GP99_#88PL8L2JC_#8Q2QUV00J_MORTIS_CHARLIE_BROCK_PIERCE_KIT_BUSTER,NA,#GRUQCJQ8V;#990VQVPLY;#VPVLG2;#20P2GP99;#88PL8L2JC;#8Q2QUV00J,IAmAbsolute👁️;BC*|sunnyy!;HML|Tyrant;HML|Ducky🐝;NOVA |David;Goatzuen🥷🏽,KIT,1,100.0%,knockout,Belle's Rock,22/06/2026 22:45:07,#88PL8L2JC,NOVA |David,ENONA,ENOSIS NA,tournament
None_Belle's Rock_#GRUQCJQ8V_#990VQVPLY_#VPVLG2_#20P2GP99_#88PL8L2JC_#8Q2QUV00J_MORTIS_CHARLIE_BROCK_PIERCE_KIT_BUSTER,NA,#GRUQCJQ8V;#990VQVPLY;#VPVLG2;#20P2GP99;#88PL8L2JC;#8Q2QUV00J,IAmAbsolute👁️;BC*|sunnyy!;HML|Tyrant;HML|Ducky🐝;NOVA |David;Goatzuen🥷🏽,BUSTER,1,100.0%,knockout,Belle's Rock,22/06/2026 22:45:07,#8Q2QUV00J,Goatzuen🥷🏽,ENONA,ENOSIS NA,tournament
None_Open Business_#990VQVPLY_#GRUQCJQ8V_#VPVLG2_#20P2GP99_#8Q2QUV00J_#88PL8L2JC_STU_FINX_GRIFF_LEON_RUFFS_EMZ,NA,#990VQVPLY;#GRUQCJQ8V;#VPVLG2;#20P2GP99;#8Q2QUV00J;#88PL8L2JC,BC*|sunnyy!;IAmAbsolute👁️;HML|Tyrant;HML|Ducky🐝;Goatzuen🥷🏽;NOVA |David,STU,0,0.0%,hotZone,Open Business,22/06/2026 22:45:07,#990VQVPLY,BC*|sunnyy!,HML,F/A HOMELESS,tournament
None_Open Business_#990VQVPLY_#GRUQCJQ8V_#VPVLG2_#20P2GP99_#8Q2QUV00J_#88PL8L2JC_STU_FINX_GRIFF_LEON_RUFFS_EMZ,NA,#990VQVPLY;#GRUQCJQ8V;#VPVLG2;#20P2GP99;#8Q2QUV00J;#88PL8L2JC,BC*|sunnyy!;IAmAbsolute👁️;HML|Tyrant;HML|Ducky🐝;Goatzuen🥷🏽;NOVA |David,FINX,0,0.0%,hotZone,Open Business,22/06/2026 22:45:07,#GRUQCJQ8V,IAmAbsolute👁️,HML,F/A HOMELESS,tournament
None_Open Business_#990VQVPLY_#GRUQCJQ8V_#VPVLG2_#20P2GP99_#8Q2QUV00J_#88PL8L2JC_STU_FINX_GRIFF_LEON_RUFFS_EMZ,NA,#990VQVPLY;#GRUQCJQ8V;#VPVLG2;#20P2GP99;#8Q2QUV00J;#88PL8L2JC,BC*|sunnyy!;IAmAbsolute👁️;HML|Tyrant;HML|Ducky🐝;Goatzuen🥷🏽;NOVA |David,GRIFF,0,0.0%,hotZone,Open Business,22/06/2026 22:45:07,#VPVLG2,HML|Tyrant,HML,F/A HOMELESS,tournament
None_Open Business_#990VQVPLY_#GRUQCJQ8V_#VPVLG2_#20P2GP99_#8Q2QUV00J_#88PL8L2JC_STU_FINX_GRIFF_LEON_RUFFS_EMZ,NA,#990VQVPLY;#GRUQCJQ8V;#VPVLG2;#20P2GP99;#8Q2QUV00J;#88PL8L2JC,BC*|sunnyy!;IAmAbsolute👁️;HML|Tyrant;HML|Ducky🐝;Goatzuen🥷🏽;NOVA |David,LEON,1,100.0%,hotZone,Open Business,22/06/2026 22:45:07,#20P2GP99,HML|Ducky🐝,ENONA,ENOSIS NA,tournament
None_Open Business_#990VQVPLY_#GRUQCJQ8V_#VPVLG2_#20P2GP99_#8Q2QUV00J_#88PL8L2JC_STU_FINX_GRIFF_LEON_RUFFS_EMZ,NA,#990VQVPLY;#GRUQCJQ8V;#VPVLG2;#20P2GP99;#8Q2QUV00J;#88PL8L2JC,BC*|sunnyy!;IAmAbsolute👁️;HML|Tyrant;HML|Ducky🐝;Goatzuen🥷🏽;NOVA |David,RUFFS,1,100.0%,hotZone,Open Business,22/06/2026 22:45:07,#8Q2QUV00J,Goatzuen🥷🏽,ENONA,ENOSIS NA,tournament
None_Open Business_#990VQVPLY_#GRUQCJQ8V_#VPVLG2_#20P2GP99_#8Q2QUV00J_#88PL8L2JC_STU_FINX_GRIFF_LEON_RUFFS_EMZ,NA,#990VQVPLY;#GRUQCJQ8V;#VPVLG2;#20P2GP99;#8Q2QUV00J;#88PL8L2JC,BC*|sunnyy!;IAmAbsolute👁️;HML|Tyrant;HML|Ducky🐝;Goatzuen🥷🏽;NOVA |David,EMZ,1,100.0%,hotZone,Open Business,22/06/2026 22:45:07,#88PL8L2JC,NOVA |David,ENONA,ENOSIS NA,tournament
None_Triple Dribble_#GRUQCJQ8V_#990VQVPLY_#VPVLG2_#20P2GP99_#88PL8L2JC_#8Q2QUV00J_STU_SHADE_RUFFS_KIT_CHESTER_OTIS,NA,#GRUQCJQ8V;#990VQVPLY;#VPVLG2;#20P2GP99;#88PL8L2JC;#8Q2QUV00J,IAmAbsolute👁️;BC*|sunnyy!;HML|Tyrant;HML|Ducky🐝;NOVA |David;Goatzuen🥷🏽,STU,1,100.0%,brawlBall,Triple Dribble,22/06/2026 22:45:07,#GRUQCJQ8V,IAmAbsolute👁️,HML,F/A HOMELESS,tournament
None_Triple Dribble_#GRUQCJQ8V_#990VQVPLY_#VPVLG2_#20P2GP99_#88PL8L2JC_#8Q2QUV00J_STU_SHADE_RUFFS_KIT_CHESTER_OTIS,NA,#GRUQCJQ8V;#990VQVPLY;#VPVLG2;#20P2GP99;#88PL8L2JC;#8Q2QUV00J,IAmAbsolute👁️;BC*|sunnyy!;HML|Tyrant;HML|Ducky🐝;NOVA |David;Goatzuen🥷🏽,SHADE,1,100.0%,brawlBall,Triple Dribble,22/06/2026 22:45:07,#990VQVPLY,BC*|sunnyy!,HML,F/A HOMELESS,tournament
None_Triple Dribble_#GRUQCJQ8V_#990VQVPLY_#VPVLG2_#20P2GP99_#88PL8L2JC_#8Q2QUV00J_STU_SHADE_RUFFS_KIT_CHESTER_OTIS,NA,#GRUQCJQ8V;#990VQVPLY;#VPVLG2;#20P2GP99;#88PL8L2JC;#8Q2QUV00J,IAmAbsolute👁️;BC*|sunnyy!;HML|Tyrant;HML|Ducky🐝;NOVA |David;Goatzuen🥷🏽,RUFFS,1,100.0%,brawlBall,Triple Dribble,22/06/2026 22:45:07,#VPVLG2,HML|Tyrant,HML,F/A HOMELESS,tournament
None_Triple Dribble_#GRUQCJQ8V_#990VQVPLY_#VPVLG2_#20P2GP99_#88PL8L2JC_#8Q2QUV00J_STU_SHADE_RUFFS_KIT_CHESTER_OTIS,NA,#GRUQCJQ8V;#990VQVPLY;#VPVLG2;#20P2GP99;#88PL8L2JC;#8Q2QUV00J,IAmAbsolute👁️;BC*|sunnyy!;HML|Tyrant;HML|Ducky🐝;NOVA |David;Goatzuen🥷🏽,KIT,0,0.0%,brawlBall,Triple Dribble,22/06/2026 22:45:07,#20P2GP99,HML|Ducky🐝,ENONA,ENOSIS NA,tournament
None_Triple Dribble_#GRUQCJQ8V_#990VQVPLY_#VPVLG2_#20P2GP99_#88PL8L2JC_#8Q2QUV00J_STU_SHADE_RUFFS_KIT_CHESTER_OTIS,NA,#GRUQCJQ8V;#990VQVPLY;#VPVLG2;#20P2GP99;#88PL8L2JC;#8Q2QUV00J,IAmAbsolute👁️;BC*|sunnyy!;HML|Tyrant;HML|Ducky🐝;NOVA |David;Goatzuen🥷🏽,CHESTER,0,0.0%,brawlBall,Triple Dribble,22/06/2026 22:45:07,#88PL8L2JC,NOVA |David,ENONA,ENOSIS NA,tournament
None_Triple Dribble_#GRUQCJQ8V_#990VQVPLY_#VPVLG2_#20P2GP99_#88PL8L2JC_#8Q2QUV00J_STU_SHADE_RUFFS_KIT_CHESTER_OTIS,NA,#GRUQCJQ8V;#990VQVPLY;#VPVLG2;#20P2GP99;#88PL8L2JC;#8Q2QUV00J,IAmAbsolute👁️;BC*|sunnyy!;HML|Tyrant;HML|Ducky🐝;NOVA |David;Goatzuen🥷🏽,OTIS,0,0.0%,brawlBall,Triple Dribble,22/06/2026 22:45:07,#8Q2QUV00J,Goatzuen🥷🏽,ENONA,ENOSIS NA,tournament
None_Deathcap Trap_#GRUQCJQ8V_#VPVLG2_#990VQVPLY_#20P2GP99_#88PL8L2JC_#8Q2QUV00J_MINA_NITA_CHARLIE_KIT_CHESTER_SHADE,NA,#GRUQCJQ8V;#VPVLG2;#990VQVPLY;#20P2GP99;#88PL8L2JC;#8Q2QUV00J,IAmAbsolute👁️;HML|Tyrant;BC*|sunnyy!;HML|Ducky🐝;NOVA |David;Goatzuen🥷🏽,MINA,0,0.0%,gemGrab,Deathcap Trap,22/06/2026 22:45:07,#GRUQCJQ8V,IAmAbsolute👁️,HML,F/A HOMELESS,tournament
None_Deathcap Trap_#GRUQCJQ8V_#VPVLG2_#990VQVPLY_#20P2GP99_#88PL8L2JC_#8Q2QUV00J_MINA_NITA_CHARLIE_KIT_CHESTER_SHADE,NA,#GRUQCJQ8V;#VPVLG2;#990VQVPLY;#20P2GP99;#88PL8L2JC;#8Q2QUV00J,IAmAbsolute👁️;HML|Tyrant;BC*|sunnyy!;HML|Ducky🐝;NOVA |David;Goatzuen🥷🏽,NITA,0,0.0%,gemGrab,Deathcap Trap,22/06/2026 22:45:07,#VPVLG2,HML|Tyrant,HML,F/A HOMELESS,tournament
None_Deathcap Trap_#GRUQCJQ8V_#VPVLG2_#990VQVPLY_#20P2GP99_#88PL8L2JC_#8Q2QUV00J_MINA_NITA_CHARLIE_KIT_CHESTER_SHADE,NA,#GRUQCJQ8V;#VPVLG2;#990VQVPLY;#20P2GP99;#88PL8L2JC;#8Q2QUV00J,IAmAbsolute👁️;HML|Tyrant;BC*|sunnyy!;HML|Ducky🐝;NOVA |David;Goatzuen🥷🏽,CHARLIE,0,0.0%,gemGrab,Deathcap Trap,22/06/2026 22:45:07,#990VQVPLY,BC*|sunnyy!,HML,F/A HOMELESS,tournament
None_Deathcap Trap_#GRUQCJQ8V_#VPVLG2_#990VQVPLY_#20P2GP99_#88PL8L2JC_#8Q2QUV00J_MINA_NITA_CHARLIE_KIT_CHESTER_SHADE,NA,#GRUQCJQ8V;#VPVLG2;#990VQVPLY;#20P2GP99;#88PL8L2JC;#8Q2QUV00J,IAmAbsolute👁️;HML|Tyrant;BC*|sunnyy!;HML|Ducky🐝;NOVA |David;Goatzuen🥷🏽,KIT,1,100.0%,gemGrab,Deathcap Trap,22/06/2026 22:45:07,#20P2GP99,HML|Ducky🐝,ENONA,ENOSIS NA,tournament
None_Deathcap Trap_#GRUQCJQ8V_#VPVLG2_#990VQVPLY_#20P2GP99_#88PL8L2JC_#8Q2QUV00J_MINA_NITA_CHARLIE_KIT_CHESTER_SHADE,NA,#GRUQCJQ8V;#VPVLG2;#990VQVPLY;#20P2GP99;#88PL8L2JC;#8Q2QUV00J,IAmAbsolute👁️;HML|Tyrant;BC*|sunnyy!;HML|Ducky🐝;NOVA |David;Goatzuen🥷🏽,CHESTER,1,100.0%,gemGrab,Deathcap Trap,22/06/2026 22:45:07,#88PL8L2JC,NOVA |David,ENONA,ENOSIS NA,tournament
None_Deathcap Trap_#GRUQCJQ8V_#VPVLG2_#990VQVPLY_#20P2GP99_#88PL8L2JC_#8Q2QUV00J_MINA_NITA_CHARLIE_KIT_CHESTER_SHADE,NA,#GRUQCJQ8V;#VPVLG2;#990VQVPLY;#20P2GP99;#88PL8L2JC;#8Q2QUV00J,IAmAbsolute👁️;HML|Tyrant;BC*|sunnyy!;HML|Ducky🐝;NOVA |David;Goatzuen🥷🏽,SHADE,1,100.0%,gemGrab,Deathcap Trap,22/06/2026 22:45:07,#8Q2QUV00J,Goatzuen🥷🏽,ENONA,ENOSIS NA,tournament
None_Pinball Dreams_#GRUQCJQ8V_#990VQVPLY_#VPVLG2_#2CRG2CUGY2_#LJ2GUU980_#PRYQPG2LV_COLETTE_CHESTER_SHADE_BEA_EL PRIMO_TRUNK,NA,#GRUQCJQ8V;#990VQVPLY;#VPVLG2;#2CRG2CUGY2;#LJ2GUU980;#PRYQPG2LV,IAmAbsolute👁️;BC*|sunnyy!;HML|Tyrant;SA Guesti;plugcat;sͥneͣaͫkᵍᵒᵈ,COLETTE,1,100.0%,brawlBall,Pinball Dreams,22/06/2026 22:45:07,#GRUQCJQ8V,IAmAbsolute👁️,HML,F/A HOMELESS,tournament
None_Pinball Dreams_#GRUQCJQ8V_#990VQVPLY_#VPVLG2_#2CRG2CUGY2_#LJ2GUU980_#PRYQPG2LV_COLETTE_CHESTER_SHADE_BEA_EL PRIMO_TRUNK,NA,#GRUQCJQ8V;#990VQVPLY;#VPVLG2;#2CRG2CUGY2;#LJ2GUU980;#PRYQPG2LV,IAmAbsolute👁️;BC*|sunnyy!;HML|Tyrant;SA Guesti;plugcat;sͥneͣaͫkᵍᵒᵈ,CHESTER,1,100.0%,brawlBall,Pinball Dreams,22/06/2026 22:45:07,#990VQVPLY,BC*|sunnyy!,HML,F/A HOMELESS,tournament
None_Pinball Dreams_#GRUQCJQ8V_#990VQVPLY_#VPVLG2_#2CRG2CUGY2_#LJ2GUU980_#PRYQPG2LV_COLETTE_CHESTER_SHADE_BEA_EL PRIMO_TRUNK,NA,#GRUQCJQ8V;#990VQVPLY;#VPVLG2;#2CRG2CUGY2;#LJ2GUU980;#PRYQPG2LV,IAmAbsolute👁️;BC*|sunnyy!;HML|Tyrant;SA Guesti;plugcat;sͥneͣaͫkᵍᵒᵈ,SHADE,1,100.0%,brawlBall,Pinball Dreams,22/06/2026 22:45:07,#VPVLG2,HML|Tyrant,HML,F/A HOMELESS,tournament
None_Pinball Dreams_#GRUQCJQ8V_#990VQVPLY_#VPVLG2_#2CRG2CUGY2_#LJ2GUU980_#PRYQPG2LV_COLETTE_CHESTER_SHADE_BEA_EL PRIMO_TRUNK,NA,#GRUQCJQ8V;#990VQVPLY;#VPVLG2;#2CRG2CUGY2;#LJ2GUU980;#PRYQPG2LV,IAmAbsolute👁️;BC*|sunnyy!;HML|Tyrant;SA Guesti;plugcat;sͥneͣaͫkᵍᵒᵈ,BEA,0,0.0%,brawlBall,Pinball Dreams,22/06/2026 22:45:07,#2CRG2CUGY2,SA Guesti,OPONENTE_T1,DESCONHECIDO T1,tournament
None_Pinball Dreams_#GRUQCJQ8V_#990VQVPLY_#VPVLG2_#2CRG2CUGY2_#LJ2GUU980_#PRYQPG2LV_COLETTE_CHESTER_SHADE_BEA_EL PRIMO_TRUNK,NA,#GRUQCJQ8V;#990VQVPLY;#VPVLG2;#2CRG2CUGY2;#LJ2GUU980;#PRYQPG2LV,IAmAbsolute👁️;BC*|sunnyy!;HML|Tyrant;SA Guesti;plugcat;sͥneͣaͫkᵍᵒᵈ,EL PRIMO,0,0.0%,brawlBall,Pinball Dreams,22/06/2026 22:45:07,#LJ2GUU980,plugcat,OPONENTE_T1,DESCONHECIDO T1,tournament
None_Pinball Dreams_#GRUQCJQ8V_#990VQVPLY_#VPVLG2_#2CRG2CUGY2_#LJ2GUU980_#PRYQPG2LV_COLETTE_CHESTER_SHADE_BEA_EL PRIMO_TRUNK,NA,#GRUQCJQ8V;#990VQVPLY;#VPVLG2;#2CRG2CUGY2;#LJ2GUU980;#PRYQPG2LV,IAmAbsolute👁️;BC*|sunnyy!;HML|Tyrant;SA Guesti;plugcat;sͥneͣaͫkᵍᵒᵈ,TRUNK,0,0.0%,brawlBall,Pinball Dreams,22/06/2026 22:45:07,#PRYQPG2LV,sͥneͣaͫkᵍᵒᵈ,OPONENTE_T1,DESCONHECIDO T1,tournament
None_Double Swoosh_#GRUQCJQ8V_#990VQVPLY_#VPVLG2_#2CRG2CUGY2_#LJ2GUU980_#PRYQPG2LV_LILY_PENNY_STU_MEEPLE_FANG_RUFFS,NA,#GRUQCJQ8V;#990VQVPLY;#VPVLG2;#2CRG2CUGY2;#LJ2GUU980;#PRYQPG2LV,IAmAbsolute👁️;BC*|sunnyy!;HML|Tyrant;SA Guesti;plugcat;sͥneͣaͫkᵍᵒᵈ,LILY,1,100.0%,gemGrab,Double Swoosh,22/06/2026 22:45:07,#GRUQCJQ8V,IAmAbsolute👁️,HML,F/A HOMELESS,tournament
None_Double Swoosh_#GRUQCJQ8V_#990VQVPLY_#VPVLG2_#2CRG2CUGY2_#LJ2GUU980_#PRYQPG2LV_LILY_PENNY_STU_MEEPLE_FANG_RUFFS,NA,#GRUQCJQ8V;#990VQVPLY;#VPVLG2;#2CRG2CUGY2;#LJ2GUU980;#PRYQPG2LV,IAmAbsolute👁️;BC*|sunnyy!;HML|Tyrant;SA Guesti;plugcat;sͥneͣaͫkᵍᵒᵈ,PENNY,1,100.0%,gemGrab,Double Swoosh,22/06/2026 22:45:07,#990VQVPLY,BC*|sunnyy!,HML,F/A HOMELESS,tournament
None_Double Swoosh_#GRUQCJQ8V_#990VQVPLY_#VPVLG2_#2CRG2CUGY2_#LJ2GUU980_#PRYQPG2LV_LILY_PENNY_STU_MEEPLE_FANG_RUFFS,NA,#GRUQCJQ8V;#990VQVPLY;#VPVLG2;#2CRG2CUGY2;#LJ2GUU980;#PRYQPG2LV,IAmAbsolute👁️;BC*|sunnyy!;HML|Tyrant;SA Guesti;plugcat;sͥneͣaͫkᵍᵒᵈ,STU,1,100.0%,gemGrab,Double Swoosh,22/06/2026 22:45:07,#VPVLG2,HML|Tyrant,HML,F/A HOMELESS,tournament
None_Double Swoosh_#GRUQCJQ8V_#990VQVPLY_#VPVLG2_#2CRG2CUGY2_#LJ2GUU980_#PRYQPG2LV_LILY_PENNY_STU_MEEPLE_FANG_RUFFS,NA,#GRUQCJQ8V;#990VQVPLY;#VPVLG2;#2CRG2CUGY2;#LJ2GUU980;#PRYQPG2LV,IAmAbsolute👁️;BC*|sunnyy!;HML|Tyrant;SA Guesti;plugcat;sͥneͣaͫkᵍᵒᵈ,MEEPLE,0,0.0%,gemGrab,Double Swoosh,22/06/2026 22:45:07,#2CRG2CUGY2,SA Guesti,OPONENTE_T1,DESCONHECIDO T1,tournament
None_Double Swoosh_#GRUQCJQ8V_#990VQVPLY_#VPVLG2_#2CRG2CUGY2_#LJ2GUU980_#PRYQPG2LV_LILY_PENNY_STU_MEEPLE_FANG_RUFFS,NA,#GRUQCJQ8V;#990VQVPLY;#VPVLG2;#2CRG2CUGY2;#LJ2GUU980;#PRYQPG2LV,IAmAbsolute👁️;BC*|sunnyy!;HML|Tyrant;SA Guesti;plugcat;sͥneͣaͫkᵍᵒᵈ,FANG,0,0.0%,gemGrab,Double Swoosh,22/06/2026 22:45:07,#LJ2GUU980,plugcat,OPONENTE_T1,DESCONHECIDO T1,tournament
None_Double Swoosh_#GRUQCJQ8V_#990VQVPLY_#VPVLG2_#2CRG2CUGY2_#LJ2GUU980_#PRYQPG2LV_LILY_PENNY_STU_MEEPLE_FANG_RUFFS,NA,#GRUQCJQ8V;#990VQVPLY;#VPVLG2;#2CRG2CUGY2;#LJ2GUU980;#PRYQPG2LV,IAmAbsolute👁️;BC*|sunnyy!;HML|Tyrant;SA Guesti;plugcat;sͥneͣaͫkᵍᵒᵈ,RUFFS,0,0.0%,gemGrab,Double Swoosh,22/06/2026 22:45:07,#PRYQPG2LV,sͥneͣaͫkᵍᵒᵈ,OPONENTE_T1,DESCONHECIDO T1,tournament
None_Deathcap Trap_#GRUQCJQ8V_#990VQVPLY_#VPVLG2_#8QV80UCRR_#RGGY0J98C_#2QR09QULP0_MINA_SIRIUS_CHARLIE_EDGAR_MEEPLE_CHESTER,NA,#GRUQCJQ8V;#990VQVPLY;#VPVLG2;#8QV80UCRR;#RGGY0J98C;#2QR09QULP0,IAmAbsolute👁️;BC*|sunnyy!;HML|Tyrant;Jvshh.⚡️;Denji ⋆˚✿˖;Viva la sniper.,MINA,1,100.0%,gemGrab,Deathcap Trap,22/06/2026 22:45:07,#GRUQCJQ8V,IAmAbsolute👁️,HML,F/A HOMELESS,tournament
None_Deathcap Trap_#GRUQCJQ8V_#990VQVPLY_#VPVLG2_#8QV80UCRR_#RGGY0J98C_#2QR09QULP0_MINA_SIRIUS_CHARLIE_EDGAR_MEEPLE_CHESTER,NA,#GRUQCJQ8V;#990VQVPLY;#VPVLG2;#8QV80UCRR;#RGGY0J98C;#2QR09QULP0,IAmAbsolute👁️;BC*|sunnyy!;HML|Tyrant;Jvshh.⚡️;Denji ⋆˚✿˖;Viva la sniper.,SIRIUS,1,100.0%,gemGrab,Deathcap Trap,22/06/2026 22:45:07,#990VQVPLY,BC*|sunnyy!,HML,F/A HOMELESS,tournament
None_Deathcap Trap_#GRUQCJQ8V_#990VQVPLY_#VPVLG2_#8QV80UCRR_#RGGY0J98C_#2QR09QULP0_MINA_SIRIUS_CHARLIE_EDGAR_MEEPLE_CHESTER,NA,#GRUQCJQ8V;#990VQVPLY;#VPVLG2;#8QV80UCRR;#RGGY0J98C;#2QR09QULP0,IAmAbsolute👁️;BC*|sunnyy!;HML|Tyrant;Jvshh.⚡️;Denji ⋆˚✿˖;Viva la sniper.,CHARLIE,1,100.0%,gemGrab,Deathcap Trap,22/06/2026 22:45:07,#VPVLG2,HML|Tyrant,HML,F/A HOMELESS,tournament
None_Deathcap Trap_#GRUQCJQ8V_#990VQVPLY_#VPVLG2_#8QV80UCRR_#RGGY0J98C_#2QR09QULP0_MINA_SIRIUS_CHARLIE_EDGAR_MEEPLE_CHESTER,NA,#GRUQCJQ8V;#990VQVPLY;#VPVLG2;#8QV80UCRR;#RGGY0J98C;#2QR09QULP0,IAmAbsolute👁️;BC*|sunnyy!;HML|Tyrant;Jvshh.⚡️;Denji ⋆˚✿˖;Viva la sniper.,EDGAR,0,0.0%,gemGrab,Deathcap Trap,22/06/2026 22:45:07,#8QV80UCRR,Jvshh.⚡️,OPONENTE_T1,DESCONHECIDO T1,tournament
None_Deathcap Trap_#GRUQCJQ8V_#990VQVPLY_#VPVLG2_#8QV80UCRR_#RGGY0J98C_#2QR09QULP0_MINA_SIRIUS_CHARLIE_EDGAR_MEEPLE_CHESTER,NA,#GRUQCJQ8V;#990VQVPLY;#VPVLG2;#8QV80UCRR;#RGGY0J98C;#2QR09QULP0,IAmAbsolute👁️;BC*|sunnyy!;HML|Tyrant;Jvshh.⚡️;Denji ⋆˚✿˖;Viva la sniper.,MEEPLE,0,0.0%,gemGrab,Deathcap Trap,22/06/2026 22:45:07,#RGGY0J98C,Denji ⋆˚✿˖,OPONENTE_T1,DESCONHECIDO T1,tournament
None_Deathcap Trap_#GRUQCJQ8V_#990VQVPLY_#VPVLG2_#8QV80UCRR_#RGGY0J98C_#2QR09QULP0_MINA_SIRIUS_CHARLIE_EDGAR_MEEPLE_CHESTER,NA,#GRUQCJQ8V;#990VQVPLY;#VPVLG2;#8QV80UCRR;#RGGY0J98C;#2QR09QULP0,IAmAbsolute👁️;BC*|sunnyy!;HML|Tyrant;Jvshh.⚡️;Denji ⋆˚✿˖;Viva la sniper.,CHESTER,0,0.0%,gemGrab,Deathcap Trap,22/06/2026 22:45:07,#2QR09QULP0,Viva la sniper.,OPONENTE_T1,DESCONHECIDO T1,tournament
None_Triple Dribble_#GRUQCJQ8V_#990VQVPLY_#VPVLG2_#2G82CGU_#YVQCUGV9_#8Y02VRGR_SHADE_STU_LUMI_MORTIS_CHESTER_EDGAR,NA,#GRUQCJQ8V;#990VQVPLY;#VPVLG2;#2G82CGU;#YVQCUGV9;#8Y02VRGR,IAmAbsolute👁️;BC*|sunnyy!;HML|Tyrant;Zee;KayJayOh;NRG|❄️vSxolar❄️,SHADE,1,100.0%,brawlBall,Triple Dribble,22/06/2026 22:45:07,#GRUQCJQ8V,IAmAbsolute👁️,HML,F/A HOMELESS,tournament
None_Triple Dribble_#GRUQCJQ8V_#990VQVPLY_#VPVLG2_#2G82CGU_#YVQCUGV9_#8Y02VRGR_SHADE_STU_LUMI_MORTIS_CHESTER_EDGAR,NA,#GRUQCJQ8V;#990VQVPLY;#VPVLG2;#2G82CGU;#YVQCUGV9;#8Y02VRGR,IAmAbsolute👁️;BC*|sunnyy!;HML|Tyrant;Zee;KayJayOh;NRG|❄️vSxolar❄️,STU,1,100.0%,brawlBall,Triple Dribble,22/06/2026 22:45:07,#990VQVPLY,BC*|sunnyy!,HML,F/A HOMELESS,tournament
None_Triple Dribble_#GRUQCJQ8V_#990VQVPLY_#VPVLG2_#2G82CGU_#YVQCUGV9_#8Y02VRGR_SHADE_STU_LUMI_MORTIS_CHESTER_EDGAR,NA,#GRUQCJQ8V;#990VQVPLY;#VPVLG2;#2G82CGU;#YVQCUGV9;#8Y02VRGR,IAmAbsolute👁️;BC*|sunnyy!;HML|Tyrant;Zee;KayJayOh;NRG|❄️vSxolar❄️,LUMI,1,100.0%,brawlBall,Triple Dribble,22/06/2026 22:45:07,#VPVLG2,HML|Tyrant,HML,F/A HOMELESS,tournament
None_Triple Dribble_#GRUQCJQ8V_#990VQVPLY_#VPVLG2_#2G82CGU_#YVQCUGV9_#8Y02VRGR_SHADE_STU_LUMI_MORTIS_CHESTER_EDGAR,NA,#GRUQCJQ8V;#990VQVPLY;#VPVLG2;#2G82CGU;#YVQCUGV9;#8Y02VRGR,IAmAbsolute👁️;BC*|sunnyy!;HML|Tyrant;Zee;KayJayOh;NRG|❄️vSxolar❄️,MORTIS,0,0.0%,brawlBall,Triple Dribble,22/06/2026 22:45:07,#2G82CGU,Zee,OPONENTE_T1,DESCONHECIDO T1,tournament
None_Triple Dribble_#GRUQCJQ8V_#990VQVPLY_#VPVLG2_#2G82CGU_#YVQCUGV9_#8Y02VRGR_SHADE_STU_LUMI_MORTIS_CHESTER_EDGAR,NA,#GRUQCJQ8V;#990VQVPLY;#VPVLG2;#2G82CGU;#YVQCUGV9;#8Y02VRGR,IAmAbsolute👁️;BC*|sunnyy!;HML|Tyrant;Zee;KayJayOh;NRG|❄️vSxolar❄️,CHESTER,0,0.0%,brawlBall,Triple Dribble,22/06/2026 22:45:07,#YVQCUGV9,KayJayOh,OPONENTE_T1,DESCONHECIDO T1,tournament
None_Triple Dribble_#GRUQCJQ8V_#990VQVPLY_#VPVLG2_#2G82CGU_#YVQCUGV9_#8Y02VRGR_SHADE_STU_LUMI_MORTIS_CHESTER_EDGAR,NA,#GRUQCJQ8V;#990VQVPLY;#VPVLG2;#2G82CGU;#YVQCUGV9;#8Y02VRGR,IAmAbsolute👁️;BC*|sunnyy!;HML|Tyrant;Zee;KayJayOh;NRG|❄️vSxolar❄️,EDGAR,0,0.0%,brawlBall,Triple Dribble,22/06/2026 22:45:07,#8Y02VRGR,NRG|❄️vSxolar❄️,OPONENTE_T1,DESCONHECIDO T1,tournament
None_Double Swoosh_#GRUQCJQ8V_#990VQVPLY_#VPVLG2_#YVQCUGV9_#2G82CGU_#8Y02VRGR_TARA_STU_MOE_CHARLIE_MORTIS_CHESTER,NA,#GRUQCJQ8V;#990VQVPLY;#VPVLG2;#YVQCUGV9;#2G82CGU;#8Y02VRGR,IAmAbsolute👁️;BC*|sunnyy!;HML|Tyrant;KayJayOh;Zee;NRG|❄️vSxolar❄️,TARA,1,100.0%,gemGrab,Double Swoosh,22/06/2026 22:45:07,#GRUQCJQ8V,IAmAbsolute👁️,HML,F/A HOMELESS,tournament
None_Double Swoosh_#GRUQCJQ8V_#990VQVPLY_#VPVLG2_#YVQCUGV9_#2G82CGU_#8Y02VRGR_TARA_STU_MOE_CHARLIE_MORTIS_CHESTER,NA,#GRUQCJQ8V;#990VQVPLY;#VPVLG2;#YVQCUGV9;#2G82CGU;#8Y02VRGR,IAmAbsolute👁️;BC*|sunnyy!;HML|Tyrant;KayJayOh;Zee;NRG|❄️vSxolar❄️,STU,1,100.0%,gemGrab,Double Swoosh,22/06/2026 22:45:07,#990VQVPLY,BC*|sunnyy!,HML,F/A HOMELESS,tournament
None_Double Swoosh_#GRUQCJQ8V_#990VQVPLY_#VPVLG2_#YVQCUGV9_#2G82CGU_#8Y02VRGR_TARA_STU_MOE_CHARLIE_MORTIS_CHESTER,NA,#GRUQCJQ8V;#990VQVPLY;#VPVLG2;#YVQCUGV9;#2G82CGU;#8Y02VRGR,IAmAbsolute👁️;BC*|sunnyy!;HML|Tyrant;KayJayOh;Zee;NRG|❄️vSxolar❄️,MOE,1,100.0%,gemGrab,Double Swoosh,22/06/2026 22:45:07,#VPVLG2,HML|Tyrant,HML,F/A HOMELESS,tournament
None_Double Swoosh_#GRUQCJQ8V_#990VQVPLY_#VPVLG2_#YVQCUGV9_#2G82CGU_#8Y02VRGR_TARA_STU_MOE_CHARLIE_MORTIS_CHESTER,NA,#GRUQCJQ8V;#990VQVPLY;#VPVLG2;#YVQCUGV9;#2G82CGU;#8Y02VRGR,IAmAbsolute👁️;BC*|sunnyy!;HML|Tyrant;KayJayOh;Zee;NRG|❄️vSxolar❄️,CHARLIE,0,0.0%,gemGrab,Double Swoosh,22/06/2026 22:45:07,#YVQCUGV9,KayJayOh,OPONENTE_T1,DESCONHECIDO T1,tournament
None_Double Swoosh_#GRUQCJQ8V_#990VQVPLY_#VPVLG2_#YVQCUGV9_#2G82CGU_#8Y02VRGR_TARA_STU_MOE_CHARLIE_MORTIS_CHESTER,NA,#GRUQCJQ8V;#990VQVPLY;#VPVLG2;#YVQCUGV9;#2G82CGU;#8Y02VRGR,IAmAbsolute👁️;BC*|sunnyy!;HML|Tyrant;KayJayOh;Zee;NRG|❄️vSxolar❄️,MORTIS,0,0.0%,gemGrab,Double Swoosh,22/06/2026 22:45:07,#2G82CGU,Zee,OPONENTE_T1,DESCONHECIDO T1,tournament
None_Double Swoosh_#GRUQCJQ8V_#990VQVPLY_#VPVLG2_#YVQCUGV9_#2G82CGU_#8Y02VRGR_TARA_STU_MOE_CHARLIE_MORTIS_CHESTER,NA,#GRUQCJQ8V;#990VQVPLY;#VPVLG2;#YVQCUGV9;#2G82CGU;#8Y02VRGR,IAmAbsolute👁️;BC*|sunnyy!;HML|Tyrant;KayJayOh;Zee;NRG|❄️vSxolar❄️,CHESTER,0,0.0%,gemGrab,Double Swoosh,22/06/2026 22:45:07,#8Y02VRGR,NRG|❄️vSxolar❄️,OPONENTE_T1,DESCONHECIDO T1,tournament
None_Super Beach_#GRUQCJQ8V_#990VQVPLY_#VPVLG2_#8CLUJRPQG_#GYP0Y8CLR_#YC08J29_SHADE_NITA_LUMI_KIT_STU_CHESTER,NA,#GRUQCJQ8V;#990VQVPLY;#VPVLG2;#8CLUJRPQG;#GYP0Y8CLR;#YC08J29,IAmAbsolute👁️;BC*|sunnyy!;HML|Tyrant;saul✰;MTM|Helton;thai’s hubby💘,SHADE,1,100.0%,brawlBall,Super Beach,22/06/2026 22:45:07,#GRUQCJQ8V,IAmAbsolute👁️,HML,F/A HOMELESS,tournament
None_Super Beach_#GRUQCJQ8V_#990VQVPLY_#VPVLG2_#8CLUJRPQG_#GYP0Y8CLR_#YC08J29_SHADE_NITA_LUMI_KIT_STU_CHESTER,NA,#GRUQCJQ8V;#990VQVPLY;#VPVLG2;#8CLUJRPQG;#GYP0Y8CLR;#YC08J29,IAmAbsolute👁️;BC*|sunnyy!;HML|Tyrant;saul✰;MTM|Helton;thai’s hubby💘,NITA,1,100.0%,brawlBall,Super Beach,22/06/2026 22:45:07,#990VQVPLY,BC*|sunnyy!,HML,F/A HOMELESS,tournament
None_Super Beach_#GRUQCJQ8V_#990VQVPLY_#VPVLG2_#8CLUJRPQG_#GYP0Y8CLR_#YC08J29_SHADE_NITA_LUMI_KIT_STU_CHESTER,NA,#GRUQCJQ8V;#990VQVPLY;#VPVLG2;#8CLUJRPQG;#GYP0Y8CLR;#YC08J29,IAmAbsolute👁️;BC*|sunnyy!;HML|Tyrant;saul✰;MTM|Helton;thai’s hubby💘,LUMI,1,100.0%,brawlBall,Super Beach,22/06/2026 22:45:07,#VPVLG2,HML|Tyrant,HML,F/A HOMELESS,tournament
None_Super Beach_#GRUQCJQ8V_#990VQVPLY_#VPVLG2_#8CLUJRPQG_#GYP0Y8CLR_#YC08J29_SHADE_NITA_LUMI_KIT_STU_CHESTER,NA,#GRUQCJQ8V;#990VQVPLY;#VPVLG2;#8CLUJRPQG;#GYP0Y8CLR;#YC08J29,IAmAbsolute👁️;BC*|sunnyy!;HML|Tyrant;saul✰;MTM|Helton;thai’s hubby💘,KIT,0,0.0%,brawlBall,Super Beach,22/06/2026 22:45:07,#8CLUJRPQG,saul✰,OPONENTE_T1,DESCONHECIDO T1,tournament
None_Super Beach_#GRUQCJQ8V_#990VQVPLY_#VPVLG2_#8CLUJRPQG_#GYP0Y8CLR_#YC08J29_SHADE_NITA_LUMI_KIT_STU_CHESTER,NA,#GRUQCJQ8V;#990VQVPLY;#VPVLG2;#8CLUJRPQG;#GYP0Y8CLR;#YC08J29,IAmAbsolute👁️;BC*|sunnyy!;HML|Tyrant;saul✰;MTM|Helton;thai’s hubby💘,STU,0,0.0%,brawlBall,Super Beach,22/06/2026 22:45:07,#GYP0Y8CLR,MTM|Helton,OPONENTE_T1,DESCONHECIDO T1,tournament
None_Super Beach_#GRUQCJQ8V_#990VQVPLY_#VPVLG2_#8CLUJRPQG_#GYP0Y8CLR_#YC08J29_SHADE_NITA_LUMI_KIT_STU_CHESTER,NA,#GRUQCJQ8V;#990VQVPLY;#VPVLG2;#8CLUJRPQG;#GYP0Y8CLR;#YC08J29,IAmAbsolute👁️;BC*|sunnyy!;HML|Tyrant;saul✰;MTM|Helton;thai’s hubby💘,CHESTER,0,0.0%,brawlBall,Super Beach,22/06/2026 22:45:07,#YC08J29,thai’s hubby💘,OPONENTE_T1,DESCONHECIDO T1,tournament
None_Pinball Dreams_#QLCJGQUP_#82RCQCVG_#U9GC8G02_#8RUYJ8R9C_#GVLRUG9Q_#LU8C9YJU_NAJIA_CORDELIUS_BUZZ_LUMI_MOE_KENJI,NA,#QLCJGQUP;#82RCQCVG;#U9GC8G02;#8RUYJ8R9C;#GVLRUG9Q;#LU8C9YJU,TRB|Diegogamer;TRB|Lxffy🌪️;TRB|R B M;NOVA|Pacho;NOVA|PaiN;NOVA|Kiritom,NAJIA,0,0.0%,brawlBall,Pinball Dreams,22/06/2026 22:45:07,#QLCJGQUP,TRB|Diegogamer,TRB,TRIBE GAMING,tournament
None_Pinball Dreams_#QLCJGQUP_#82RCQCVG_#U9GC8G02_#8RUYJ8R9C_#GVLRUG9Q_#LU8C9YJU_NAJIA_CORDELIUS_BUZZ_LUMI_MOE_KENJI,NA,#QLCJGQUP;#82RCQCVG;#U9GC8G02;#8RUYJ8R9C;#GVLRUG9Q;#LU8C9YJU,TRB|Diegogamer;TRB|Lxffy🌪️;TRB|R B M;NOVA|Pacho;NOVA|PaiN;NOVA|Kiritom,CORDELIUS,0,0.0%,brawlBall,Pinball Dreams,22/06/2026 22:45:07,#82RCQCVG,TRB|Lxffy🌪️,TRB,TRIBE GAMING,tournament
None_Pinball Dreams_#QLCJGQUP_#82RCQCVG_#U9GC8G02_#8RUYJ8R9C_#GVLRUG9Q_#LU8C9YJU_NAJIA_CORDELIUS_BUZZ_LUMI_MOE_KENJI,NA,#QLCJGQUP;#82RCQCVG;#U9GC8G02;#8RUYJ8R9C;#GVLRUG9Q;#LU8C9YJU,TRB|Diegogamer;TRB|Lxffy🌪️;TRB|R B M;NOVA|Pacho;NOVA|PaiN;NOVA|Kiritom,BUZZ,0,0.0%,brawlBall,Pinball Dreams,22/06/2026 22:45:07,#U9GC8G02,TRB|R B M,TRB,TRIBE GAMING,tournament
None_Pinball Dreams_#QLCJGQUP_#82RCQCVG_#U9GC8G02_#8RUYJ8R9C_#GVLRUG9Q_#LU8C9YJU_NAJIA_CORDELIUS_BUZZ_LUMI_MOE_KENJI,NA,#QLCJGQUP;#82RCQCVG;#U9GC8G02;#8RUYJ8R9C;#GVLRUG9Q;#LU8C9YJU,TRB|Diegogamer;TRB|Lxffy🌪️;TRB|R B M;NOVA|Pacho;NOVA|PaiN;NOVA|Kiritom,LUMI,1,100.0%,brawlBall,Pinball Dreams,22/06/2026 22:45:07,#8RUYJ8R9C,NOVA|Pacho,NOVA,NOVA,tournament
None_Pinball Dreams_#QLCJGQUP_#82RCQCVG_#U9GC8G02_#8RUYJ8R9C_#GVLRUG9Q_#LU8C9YJU_NAJIA_CORDELIUS_BUZZ_LUMI_MOE_KENJI,NA,#QLCJGQUP;#82RCQCVG;#U9GC8G02;#8RUYJ8R9C;#GVLRUG9Q;#LU8C9YJU,TRB|Diegogamer;TRB|Lxffy🌪️;TRB|R B M;NOVA|Pacho;NOVA|PaiN;NOVA|Kiritom,MOE,1,100.0%,brawlBall,Pinball Dreams,22/06/2026 22:45:07,#GVLRUG9Q,NOVA|PaiN,NOVA,NOVA,tournament
None_Pinball Dreams_#QLCJGQUP_#82RCQCVG_#U9GC8G02_#8RUYJ8R9C_#GVLRUG9Q_#LU8C9YJU_NAJIA_CORDELIUS_BUZZ_LUMI_MOE_KENJI,NA,#QLCJGQUP;#82RCQCVG;#U9GC8G02;#8RUYJ8R9C;#GVLRUG9Q;#LU8C9YJU,TRB|Diegogamer;TRB|Lxffy🌪️;TRB|R B M;NOVA|Pacho;NOVA|PaiN;NOVA|Kiritom,KENJI,1,100.0%,brawlBall,Pinball Dreams,22/06/2026 22:45:07,#LU8C9YJU,NOVA|Kiritom,NOVA,NOVA,tournament
None_Hard Rock Mine_#QLCJGQUP_#U9GC8G02_#82RCQCVG_#GVLRUG9Q_#8RUYJ8R9C_#LU8C9YJU_NAJIA_NITA_FANG_RICO_BYRON_LILY,NA,#QLCJGQUP;#U9GC8G02;#82RCQCVG;#GVLRUG9Q;#8RUYJ8R9C;#LU8C9YJU,TRB|Diegogamer;TRB|R B M;TRB|Lxffy🌪️;NOVA|PaiN;NOVA|Pacho;NOVA|Kiritom,NAJIA,0,0.0%,gemGrab,Hard Rock Mine,22/06/2026 22:45:07,#QLCJGQUP,TRB|Diegogamer,TRB,TRIBE GAMING,tournament
None_Hard Rock Mine_#QLCJGQUP_#U9GC8G02_#82RCQCVG_#GVLRUG9Q_#8RUYJ8R9C_#LU8C9YJU_NAJIA_NITA_FANG_RICO_BYRON_LILY,NA,#QLCJGQUP;#U9GC8G02;#82RCQCVG;#GVLRUG9Q;#8RUYJ8R9C;#LU8C9YJU,TRB|Diegogamer;TRB|R B M;TRB|Lxffy🌪️;NOVA|PaiN;NOVA|Pacho;NOVA|Kiritom,NITA,0,0.0%,gemGrab,Hard Rock Mine,22/06/2026 22:45:07,#U9GC8G02,TRB|R B M,TRB,TRIBE GAMING,tournament
None_Hard Rock Mine_#QLCJGQUP_#U9GC8G02_#82RCQCVG_#GVLRUG9Q_#8RUYJ8R9C_#LU8C9YJU_NAJIA_NITA_FANG_RICO_BYRON_LILY,NA,#QLCJGQUP;#U9GC8G02;#82RCQCVG;#GVLRUG9Q;#8RUYJ8R9C;#LU8C9YJU,TRB|Diegogamer;TRB|R B M;TRB|Lxffy🌪️;NOVA|PaiN;NOVA|Pacho;NOVA|Kiritom,FANG,0,0.0%,gemGrab,Hard Rock Mine,22/06/2026 22:45:07,#82RCQCVG,TRB|Lxffy🌪️,TRB,TRIBE GAMING,tournament
None_Hard Rock Mine_#QLCJGQUP_#U9GC8G02_#82RCQCVG_#GVLRUG9Q_#8RUYJ8R9C_#LU8C9YJU_NAJIA_NITA_FANG_RICO_BYRON_LILY,NA,#QLCJGQUP;#U9GC8G02;#82RCQCVG;#GVLRUG9Q;#8RUYJ8R9C;#LU8C9YJU,TRB|Diegogamer;TRB|R B M;TRB|Lxffy🌪️;NOVA|PaiN;NOVA|Pacho;NOVA|Kiritom,RICO,1,100.0%,gemGrab,Hard Rock Mine,22/06/2026 22:45:07,#GVLRUG9Q,NOVA|PaiN,NOVA,NOVA,tournament
None_Hard Rock Mine_#QLCJGQUP_#U9GC8G02_#82RCQCVG_#GVLRUG9Q_#8RUYJ8R9C_#LU8C9YJU_NAJIA_NITA_FANG_RICO_BYRON_LILY,NA,#QLCJGQUP;#U9GC8G02;#82RCQCVG;#GVLRUG9Q;#8RUYJ8R9C;#LU8C9YJU,TRB|Diegogamer;TRB|R B M;TRB|Lxffy🌪️;NOVA|PaiN;NOVA|Pacho;NOVA|Kiritom,BYRON,1,100.0%,gemGrab,Hard Rock Mine,22/06/2026 22:45:07,#8RUYJ8R9C,NOVA|Pacho,NOVA,NOVA,tournament
None_Hard Rock Mine_#QLCJGQUP_#U9GC8G02_#82RCQCVG_#GVLRUG9Q_#8RUYJ8R9C_#LU8C9YJU_NAJIA_NITA_FANG_RICO_BYRON_LILY,NA,#QLCJGQUP;#U9GC8G02;#82RCQCVG;#GVLRUG9Q;#8RUYJ8R9C;#LU8C9YJU,TRB|Diegogamer;TRB|R B M;TRB|Lxffy🌪️;NOVA|PaiN;NOVA|Pacho;NOVA|Kiritom,LILY,1,100.0%,gemGrab,Hard Rock Mine,22/06/2026 22:45:07,#LU8C9YJU,NOVA|Kiritom,NOVA,NOVA,tournament
None_Ring of Fire_#QLCJGQUP_#82RCQCVG_#U9GC8G02_#GVLRUG9Q_#8RUYJ8R9C_#LU8C9YJU_PIERCE_MINA_CHESTER_LUMI_PAM_OTIS,NA,#QLCJGQUP;#82RCQCVG;#U9GC8G02;#GVLRUG9Q;#8RUYJ8R9C;#LU8C9YJU,TRB|Diegogamer;TRB|Lxffy🌪️;TRB|R B M;NOVA|PaiN;NOVA|Pacho;NOVA|Kiritom,PIERCE,0,0.0%,hotZone,Ring of Fire,22/06/2026 22:45:07,#QLCJGQUP,TRB|Diegogamer,TRB,TRIBE GAMING,tournament
None_Ring of Fire_#QLCJGQUP_#82RCQCVG_#U9GC8G02_#GVLRUG9Q_#8RUYJ8R9C_#LU8C9YJU_PIERCE_MINA_CHESTER_LUMI_PAM_OTIS,NA,#QLCJGQUP;#82RCQCVG;#U9GC8G02;#GVLRUG9Q;#8RUYJ8R9C;#LU8C9YJU,TRB|Diegogamer;TRB|Lxffy🌪️;TRB|R B M;NOVA|PaiN;NOVA|Pacho;NOVA|Kiritom,MINA,0,0.0%,hotZone,Ring of Fire,22/06/2026 22:45:07,#82RCQCVG,TRB|Lxffy🌪️,TRB,TRIBE GAMING,tournament
None_Ring of Fire_#QLCJGQUP_#82RCQCVG_#U9GC8G02_#GVLRUG9Q_#8RUYJ8R9C_#LU8C9YJU_PIERCE_MINA_CHESTER_LUMI_PAM_OTIS,NA,#QLCJGQUP;#82RCQCVG;#U9GC8G02;#GVLRUG9Q;#8RUYJ8R9C;#LU8C9YJU,TRB|Diegogamer;TRB|Lxffy🌪️;TRB|R B M;NOVA|PaiN;NOVA|Pacho;NOVA|Kiritom,CHESTER,0,0.0%,hotZone,Ring of Fire,22/06/2026 22:45:07,#U9GC8G02,TRB|R B M,TRB,TRIBE GAMING,tournament
None_Ring of Fire_#QLCJGQUP_#82RCQCVG_#U9GC8G02_#GVLRUG9Q_#8RUYJ8R9C_#LU8C9YJU_PIERCE_MINA_CHESTER_LUMI_PAM_OTIS,NA,#QLCJGQUP;#82RCQCVG;#U9GC8G02;#GVLRUG9Q;#8RUYJ8R9C;#LU8C9YJU,TRB|Diegogamer;TRB|Lxffy🌪️;TRB|R B M;NOVA|PaiN;NOVA|Pacho;NOVA|Kiritom,LUMI,1,100.0%,hotZone,Ring of Fire,22/06/2026 22:45:07,#GVLRUG9Q,NOVA|PaiN,NOVA,NOVA,tournament
None_Ring of Fire_#QLCJGQUP_#82RCQCVG_#U9GC8G02_#GVLRUG9Q_#8RUYJ8R9C_#LU8C9YJU_PIERCE_MINA_CHESTER_LUMI_PAM_OTIS,NA,#QLCJGQUP;#82RCQCVG;#U9GC8G02;#GVLRUG9Q;#8RUYJ8R9C;#LU8C9YJU,TRB|Diegogamer;TRB|Lxffy🌪️;TRB|R B M;NOVA|PaiN;NOVA|Pacho;NOVA|Kiritom,PAM,1,100.0%,hotZone,Ring of Fire,22/06/2026 22:45:07,#8RUYJ8R9C,NOVA|Pacho,NOVA,NOVA,tournament
None_Ring of Fire_#QLCJGQUP_#82RCQCVG_#U9GC8G02_#GVLRUG9Q_#8RUYJ8R9C_#LU8C9YJU_PIERCE_MINA_CHESTER_LUMI_PAM_OTIS,NA,#QLCJGQUP;#82RCQCVG;#U9GC8G02;#GVLRUG9Q;#8RUYJ8R9C;#LU8C9YJU,TRB|Diegogamer;TRB|Lxffy🌪️;TRB|R B M;NOVA|PaiN;NOVA|Pacho;NOVA|Kiritom,OTIS,1,100.0%,hotZone,Ring of Fire,22/06/2026 22:45:07,#LU8C9YJU,NOVA|Kiritom,NOVA,NOVA,tournament
None_Goldarm Gulch_#Q2VCLG9Y9_#QURVLPG_#22JR2JLYC_#R9CCLP8Q_#LYR0Q9C_#2Q028GQQP_MEEPLE_GUS_OLLIE_GRIFF_R-T_ANGELO,NA,#Q2VCLG9Y9;#QURVLPG;#22JR2JLYC;#R9CCLP8Q;#LYR0Q9C;#2Q028GQQP,VTC|belal ✗;VTC|ezlivi ✗;duckie <3;LGCY|Rafikii;LGCY|Zoulan;LGCY|Zeus,MEEPLE,0,0.0%,knockout,Goldarm Gulch,22/06/2026 22:45:07,#Q2VCLG9Y9,VTC|belal ✗,VTC,VATIC,tournament
None_Goldarm Gulch_#Q2VCLG9Y9_#QURVLPG_#22JR2JLYC_#R9CCLP8Q_#LYR0Q9C_#2Q028GQQP_MEEPLE_GUS_OLLIE_GRIFF_R-T_ANGELO,NA,#Q2VCLG9Y9;#QURVLPG;#22JR2JLYC;#R9CCLP8Q;#LYR0Q9C;#2Q028GQQP,VTC|belal ✗;VTC|ezlivi ✗;duckie <3;LGCY|Rafikii;LGCY|Zoulan;LGCY|Zeus,GUS,0,0.0%,knockout,Goldarm Gulch,22/06/2026 22:45:07,#QURVLPG,VTC|ezlivi ✗,VTC,VATIC,tournament
None_Goldarm Gulch_#Q2VCLG9Y9_#QURVLPG_#22JR2JLYC_#R9CCLP8Q_#LYR0Q9C_#2Q028GQQP_MEEPLE_GUS_OLLIE_GRIFF_R-T_ANGELO,NA,#Q2VCLG9Y9;#QURVLPG;#22JR2JLYC;#R9CCLP8Q;#LYR0Q9C;#2Q028GQQP,VTC|belal ✗;VTC|ezlivi ✗;duckie <3;LGCY|Rafikii;LGCY|Zoulan;LGCY|Zeus,OLLIE,0,0.0%,knockout,Goldarm Gulch,22/06/2026 22:45:07,#22JR2JLYC,duckie <3,VTC,VATIC,tournament
None_Goldarm Gulch_#Q2VCLG9Y9_#QURVLPG_#22JR2JLYC_#R9CCLP8Q_#LYR0Q9C_#2Q028GQQP_MEEPLE_GUS_OLLIE_GRIFF_R-T_ANGELO,NA,#Q2VCLG9Y9;#QURVLPG;#22JR2JLYC;#R9CCLP8Q;#LYR0Q9C;#2Q028GQQP,VTC|belal ✗;VTC|ezlivi ✗;duckie <3;LGCY|Rafikii;LGCY|Zoulan;LGCY|Zeus,GRIFF,1,100.0%,knockout,Goldarm Gulch,22/06/2026 22:45:07,#R9CCLP8Q,LGCY|Rafikii,LGCY,LEGACY,tournament
None_Goldarm Gulch_#Q2VCLG9Y9_#QURVLPG_#22JR2JLYC_#R9CCLP8Q_#LYR0Q9C_#2Q028GQQP_MEEPLE_GUS_OLLIE_GRIFF_R-T_ANGELO,NA,#Q2VCLG9Y9;#QURVLPG;#22JR2JLYC;#R9CCLP8Q;#LYR0Q9C;#2Q028GQQP,VTC|belal ✗;VTC|ezlivi ✗;duckie <3;LGCY|Rafikii;LGCY|Zoulan;LGCY|Zeus,R-T,1,100.0%,knockout,Goldarm Gulch,22/06/2026 22:45:07,#LYR0Q9C,LGCY|Zoulan,LGCY,LEGACY,tournament
None_Goldarm Gulch_#Q2VCLG9Y9_#QURVLPG_#22JR2JLYC_#R9CCLP8Q_#LYR0Q9C_#2Q028GQQP_MEEPLE_GUS_OLLIE_GRIFF_R-T_ANGELO,NA,#Q2VCLG9Y9;#QURVLPG;#22JR2JLYC;#R9CCLP8Q;#LYR0Q9C;#2Q028GQQP,VTC|belal ✗;VTC|ezlivi ✗;duckie <3;LGCY|Rafikii;LGCY|Zoulan;LGCY|Zeus,ANGELO,1,100.0%,knockout,Goldarm Gulch,22/06/2026 22:45:07,#2Q028GQQP,LGCY|Zeus,LGCY,LEGACY,tournament
None_Dueling Beetles_#QURVLPG_#Q2VCLG9Y9_#22JR2JLYC_#R9CCLP8Q_#LYR0Q9C_#2Q028GQQP_PIERCE_CHESTER_FANG_DAMIAN_STU_GLOWY,NA,#QURVLPG;#Q2VCLG9Y9;#22JR2JLYC;#R9CCLP8Q;#LYR0Q9C;#2Q028GQQP,VTC|ezlivi ✗;VTC|belal ✗;duckie <3;LGCY|Rafikii;LGCY|Zoulan;LGCY|Zeus,PIERCE,1,100.0%,hotZone,Dueling Beetles,22/06/2026 22:45:07,#QURVLPG,VTC|ezlivi ✗,VTC,VATIC,tournament
None_Dueling Beetles_#QURVLPG_#Q2VCLG9Y9_#22JR2JLYC_#R9CCLP8Q_#LYR0Q9C_#2Q028GQQP_PIERCE_CHESTER_FANG_DAMIAN_STU_GLOWY,NA,#QURVLPG;#Q2VCLG9Y9;#22JR2JLYC;#R9CCLP8Q;#LYR0Q9C;#2Q028GQQP,VTC|ezlivi ✗;VTC|belal ✗;duckie <3;LGCY|Rafikii;LGCY|Zoulan;LGCY|Zeus,CHESTER,1,100.0%,hotZone,Dueling Beetles,22/06/2026 22:45:07,#Q2VCLG9Y9,VTC|belal ✗,VTC,VATIC,tournament
None_Dueling Beetles_#QURVLPG_#Q2VCLG9Y9_#22JR2JLYC_#R9CCLP8Q_#LYR0Q9C_#2Q028GQQP_PIERCE_CHESTER_FANG_DAMIAN_STU_GLOWY,NA,#QURVLPG;#Q2VCLG9Y9;#22JR2JLYC;#R9CCLP8Q;#LYR0Q9C;#2Q028GQQP,VTC|ezlivi ✗;VTC|belal ✗;duckie <3;LGCY|Rafikii;LGCY|Zoulan;LGCY|Zeus,FANG,1,100.0%,hotZone,Dueling Beetles,22/06/2026 22:45:07,#22JR2JLYC,duckie <3,VTC,VATIC,tournament
None_Dueling Beetles_#QURVLPG_#Q2VCLG9Y9_#22JR2JLYC_#R9CCLP8Q_#LYR0Q9C_#2Q028GQQP_PIERCE_CHESTER_FANG_DAMIAN_STU_GLOWY,NA,#QURVLPG;#Q2VCLG9Y9;#22JR2JLYC;#R9CCLP8Q;#LYR0Q9C;#2Q028GQQP,VTC|ezlivi ✗;VTC|belal ✗;duckie <3;LGCY|Rafikii;LGCY|Zoulan;LGCY|Zeus,DAMIAN,0,0.0%,hotZone,Dueling Beetles,22/06/2026 22:45:07,#R9CCLP8Q,LGCY|Rafikii,LGCY,LEGACY,tournament
None_Dueling Beetles_#QURVLPG_#Q2VCLG9Y9_#22JR2JLYC_#R9CCLP8Q_#LYR0Q9C_#2Q028GQQP_PIERCE_CHESTER_FANG_DAMIAN_STU_GLOWY,NA,#QURVLPG;#Q2VCLG9Y9;#22JR2JLYC;#R9CCLP8Q;#LYR0Q9C;#2Q028GQQP,VTC|ezlivi ✗;VTC|belal ✗;duckie <3;LGCY|Rafikii;LGCY|Zoulan;LGCY|Zeus,STU,0,0.0%,hotZone,Dueling Beetles,22/06/2026 22:45:07,#LYR0Q9C,LGCY|Zoulan,LGCY,LEGACY,tournament
None_Dueling Beetles_#QURVLPG_#Q2VCLG9Y9_#22JR2JLYC_#R9CCLP8Q_#LYR0Q9C_#2Q028GQQP_PIERCE_CHESTER_FANG_DAMIAN_STU_GLOWY,NA,#QURVLPG;#Q2VCLG9Y9;#22JR2JLYC;#R9CCLP8Q;#LYR0Q9C;#2Q028GQQP,VTC|ezlivi ✗;VTC|belal ✗;duckie <3;LGCY|Rafikii;LGCY|Zoulan;LGCY|Zeus,GLOWY,0,0.0%,hotZone,Dueling Beetles,22/06/2026 22:45:07,#2Q028GQQP,LGCY|Zeus,LGCY,LEGACY,tournament
None_Hideout_#Q2VCLG9Y9_#22JR2JLYC_#QURVLPG_#LYR0Q9C_#R9CCLP8Q_#2Q028GQQP_KAZE_NANI_GLOWY_MINA_CROW_GUS,NA,#Q2VCLG9Y9;#22JR2JLYC;#QURVLPG;#LYR0Q9C;#R9CCLP8Q;#2Q028GQQP,VTC|belal ✗;duckie <3;VTC|ezlivi ✗;LGCY|Zoulan;LGCY|Rafikii;LGCY|Zeus,KAZE,1,100.0%,bounty,Hideout,22/06/2026 22:45:07,#Q2VCLG9Y9,VTC|belal ✗,VTC,VATIC,tournament
None_Hideout_#Q2VCLG9Y9_#22JR2JLYC_#QURVLPG_#LYR0Q9C_#R9CCLP8Q_#2Q028GQQP_KAZE_NANI_GLOWY_MINA_CROW_GUS,NA,#Q2VCLG9Y9;#22JR2JLYC;#QURVLPG;#LYR0Q9C;#R9CCLP8Q;#2Q028GQQP,VTC|belal ✗;duckie <3;VTC|ezlivi ✗;LGCY|Zoulan;LGCY|Rafikii;LGCY|Zeus,NANI,1,100.0%,bounty,Hideout,22/06/2026 22:45:07,#22JR2JLYC,duckie <3,VTC,VATIC,tournament
None_Hideout_#Q2VCLG9Y9_#22JR2JLYC_#QURVLPG_#LYR0Q9C_#R9CCLP8Q_#2Q028GQQP_KAZE_NANI_GLOWY_MINA_CROW_GUS,NA,#Q2VCLG9Y9;#22JR2JLYC;#QURVLPG;#LYR0Q9C;#R9CCLP8Q;#2Q028GQQP,VTC|belal ✗;duckie <3;VTC|ezlivi ✗;LGCY|Zoulan;LGCY|Rafikii;LGCY|Zeus,GLOWY,1,100.0%,bounty,Hideout,22/06/2026 22:45:07,#QURVLPG,VTC|ezlivi ✗,VTC,VATIC,tournament
None_Hideout_#Q2VCLG9Y9_#22JR2JLYC_#QURVLPG_#LYR0Q9C_#R9CCLP8Q_#2Q028GQQP_KAZE_NANI_GLOWY_MINA_CROW_GUS,NA,#Q2VCLG9Y9;#22JR2JLYC;#QURVLPG;#LYR0Q9C;#R9CCLP8Q;#2Q028GQQP,VTC|belal ✗;duckie <3;VTC|ezlivi ✗;LGCY|Zoulan;LGCY|Rafikii;LGCY|Zeus,MINA,0,0.0%,bounty,Hideout,22/06/2026 22:45:07,#LYR0Q9C,LGCY|Zoulan,LGCY,LEGACY,tournament
None_Hideout_#Q2VCLG9Y9_#22JR2JLYC_#QURVLPG_#LYR0Q9C_#R9CCLP8Q_#2Q028GQQP_KAZE_NANI_GLOWY_MINA_CROW_GUS,NA,#Q2VCLG9Y9;#22JR2JLYC;#QURVLPG;#LYR0Q9C;#R9CCLP8Q;#2Q028GQQP,VTC|belal ✗;duckie <3;VTC|ezlivi ✗;LGCY|Zoulan;LGCY|Rafikii;LGCY|Zeus,CROW,0,0.0%,bounty,Hideout,22/06/2026 22:45:07,#R9CCLP8Q,LGCY|Rafikii,LGCY,LEGACY,tournament
None_Hideout_#Q2VCLG9Y9_#22JR2JLYC_#QURVLPG_#LYR0Q9C_#R9CCLP8Q_#2Q028GQQP_KAZE_NANI_GLOWY_MINA_CROW_GUS,NA,#Q2VCLG9Y9;#22JR2JLYC;#QURVLPG;#LYR0Q9C;#R9CCLP8Q;#2Q028GQQP,VTC|belal ✗;duckie <3;VTC|ezlivi ✗;LGCY|Zoulan;LGCY|Rafikii;LGCY|Zeus,GUS,0,0.0%,bounty,Hideout,22/06/2026 22:45:07,#2Q028GQQP,LGCY|Zeus,LGCY,LEGACY,tournament
None_Pinhole Punt_#QURVLPG_#22JR2JLYC_#Q2VCLG9Y9_#R9CCLP8Q_#LYR0Q9C_#2Q028GQQP_GLOWY_EMZ_PIERCE_CHESTER_GRIFF_GALE,NA,#QURVLPG;#22JR2JLYC;#Q2VCLG9Y9;#R9CCLP8Q;#LYR0Q9C;#2Q028GQQP,VTC|ezlivi ✗;duckie <3;VTC|belal ✗;LGCY|Rafikii;LGCY|Zoulan;LGCY|Zeus,GLOWY,0,0.0%,brawlBall,Pinhole Punt,22/06/2026 22:45:07,#QURVLPG,VTC|ezlivi ✗,VTC,VATIC,tournament
None_Pinhole Punt_#QURVLPG_#22JR2JLYC_#Q2VCLG9Y9_#R9CCLP8Q_#LYR0Q9C_#2Q028GQQP_GLOWY_EMZ_PIERCE_CHESTER_GRIFF_GALE,NA,#QURVLPG;#22JR2JLYC;#Q2VCLG9Y9;#R9CCLP8Q;#LYR0Q9C;#2Q028GQQP,VTC|ezlivi ✗;duckie <3;VTC|belal ✗;LGCY|Rafikii;LGCY|Zoulan;LGCY|Zeus,EMZ,0,0.0%,brawlBall,Pinhole Punt,22/06/2026 22:45:07,#22JR2JLYC,duckie <3,VTC,VATIC,tournament
None_Pinhole Punt_#QURVLPG_#22JR2JLYC_#Q2VCLG9Y9_#R9CCLP8Q_#LYR0Q9C_#2Q028GQQP_GLOWY_EMZ_PIERCE_CHESTER_GRIFF_GALE,NA,#QURVLPG;#22JR2JLYC;#Q2VCLG9Y9;#R9CCLP8Q;#LYR0Q9C;#2Q028GQQP,VTC|ezlivi ✗;duckie <3;VTC|belal ✗;LGCY|Rafikii;LGCY|Zoulan;LGCY|Zeus,PIERCE,0,0.0%,brawlBall,Pinhole Punt,22/06/2026 22:45:07,#Q2VCLG9Y9,VTC|belal ✗,VTC,VATIC,tournament
None_Pinhole Punt_#QURVLPG_#22JR2JLYC_#Q2VCLG9Y9_#R9CCLP8Q_#LYR0Q9C_#2Q028GQQP_GLOWY_EMZ_PIERCE_CHESTER_GRIFF_GALE,NA,#QURVLPG;#22JR2JLYC;#Q2VCLG9Y9;#R9CCLP8Q;#LYR0Q9C;#2Q028GQQP,VTC|ezlivi ✗;duckie <3;VTC|belal ✗;LGCY|Rafikii;LGCY|Zoulan;LGCY|Zeus,CHESTER,1,100.0%,brawlBall,Pinhole Punt,22/06/2026 22:45:07,#R9CCLP8Q,LGCY|Rafikii,LGCY,LEGACY,tournament
None_Pinhole Punt_#QURVLPG_#22JR2JLYC_#Q2VCLG9Y9_#R9CCLP8Q_#LYR0Q9C_#2Q028GQQP_GLOWY_EMZ_PIERCE_CHESTER_GRIFF_GALE,NA,#QURVLPG;#22JR2JLYC;#Q2VCLG9Y9;#R9CCLP8Q;#LYR0Q9C;#2Q028GQQP,VTC|ezlivi ✗;duckie <3;VTC|belal ✗;LGCY|Rafikii;LGCY|Zoulan;LGCY|Zeus,GRIFF,1,100.0%,brawlBall,Pinhole Punt,22/06/2026 22:45:07,#LYR0Q9C,LGCY|Zoulan,LGCY,LEGACY,tournament
None_Pinhole Punt_#QURVLPG_#22JR2JLYC_#Q2VCLG9Y9_#R9CCLP8Q_#LYR0Q9C_#2Q028GQQP_GLOWY_EMZ_PIERCE_CHESTER_GRIFF_GALE,NA,#QURVLPG;#22JR2JLYC;#Q2VCLG9Y9;#R9CCLP8Q;#LYR0Q9C;#2Q028GQQP,VTC|ezlivi ✗;duckie <3;VTC|belal ✗;LGCY|Rafikii;LGCY|Zoulan;LGCY|Zeus,GALE,1,100.0%,brawlBall,Pinhole Punt,22/06/2026 22:45:07,#2Q028GQQP,LGCY|Zeus,LGCY,LEGACY,tournament
None_Hard Rock Mine_#Q2VCLG9Y9_#QURVLPG_#22JR2JLYC_#R9CCLP8Q_#LYR0Q9C_#2Q028GQQP_CHESTER_JANET_MORTIS_GRIFF_MOE_GLOWY,NA,#Q2VCLG9Y9;#QURVLPG;#22JR2JLYC;#R9CCLP8Q;#LYR0Q9C;#2Q028GQQP,VTC|belal ✗;VTC|ezlivi ✗;duckie <3;LGCY|Rafikii;LGCY|Zoulan;LGCY|Zeus,CHESTER,0,0.0%,gemGrab,Hard Rock Mine,22/06/2026 22:45:07,#Q2VCLG9Y9,VTC|belal ✗,VTC,VATIC,tournament
None_Hard Rock Mine_#Q2VCLG9Y9_#QURVLPG_#22JR2JLYC_#R9CCLP8Q_#LYR0Q9C_#2Q028GQQP_CHESTER_JANET_MORTIS_GRIFF_MOE_GLOWY,NA,#Q2VCLG9Y9;#QURVLPG;#22JR2JLYC;#R9CCLP8Q;#LYR0Q9C;#2Q028GQQP,VTC|belal ✗;VTC|ezlivi ✗;duckie <3;LGCY|Rafikii;LGCY|Zoulan;LGCY|Zeus,JANET,0,0.0%,gemGrab,Hard Rock Mine,22/06/2026 22:45:07,#QURVLPG,VTC|ezlivi ✗,VTC,VATIC,tournament
None_Hard Rock Mine_#Q2VCLG9Y9_#QURVLPG_#22JR2JLYC_#R9CCLP8Q_#LYR0Q9C_#2Q028GQQP_CHESTER_JANET_MORTIS_GRIFF_MOE_GLOWY,NA,#Q2VCLG9Y9;#QURVLPG;#22JR2JLYC;#R9CCLP8Q;#LYR0Q9C;#2Q028GQQP,VTC|belal ✗;VTC|ezlivi ✗;duckie <3;LGCY|Rafikii;LGCY|Zoulan;LGCY|Zeus,MORTIS,0,0.0%,gemGrab,Hard Rock Mine,22/06/2026 22:45:07,#22JR2JLYC,duckie <3,VTC,VATIC,tournament
None_Hard Rock Mine_#Q2VCLG9Y9_#QURVLPG_#22JR2JLYC_#R9CCLP8Q_#LYR0Q9C_#2Q028GQQP_CHESTER_JANET_MORTIS_GRIFF_MOE_GLOWY,NA,#Q2VCLG9Y9;#QURVLPG;#22JR2JLYC;#R9CCLP8Q;#LYR0Q9C;#2Q028GQQP,VTC|belal ✗;VTC|ezlivi ✗;duckie <3;LGCY|Rafikii;LGCY|Zoulan;LGCY|Zeus,GRIFF,1,100.0%,gemGrab,Hard Rock Mine,22/06/2026 22:45:07,#R9CCLP8Q,LGCY|Rafikii,LGCY,LEGACY,tournament
None_Hard Rock Mine_#Q2VCLG9Y9_#QURVLPG_#22JR2JLYC_#R9CCLP8Q_#LYR0Q9C_#2Q028GQQP_CHESTER_JANET_MORTIS_GRIFF_MOE_GLOWY,NA,#Q2VCLG9Y9;#QURVLPG;#22JR2JLYC;#R9CCLP8Q;#LYR0Q9C;#2Q028GQQP,VTC|belal ✗;VTC|ezlivi ✗;duckie <3;LGCY|Rafikii;LGCY|Zoulan;LGCY|Zeus,MOE,1,100.0%,gemGrab,Hard Rock Mine,22/06/2026 22:45:07,#LYR0Q9C,LGCY|Zoulan,LGCY,LEGACY,tournament
None_Hard Rock Mine_#Q2VCLG9Y9_#QURVLPG_#22JR2JLYC_#R9CCLP8Q_#LYR0Q9C_#2Q028GQQP_CHESTER_JANET_MORTIS_GRIFF_MOE_GLOWY,NA,#Q2VCLG9Y9;#QURVLPG;#22JR2JLYC;#R9CCLP8Q;#LYR0Q9C;#2Q028GQQP,VTC|belal ✗;VTC|ezlivi ✗;duckie <3;LGCY|Rafikii;LGCY|Zoulan;LGCY|Zeus,GLOWY,1,100.0%,gemGrab,Hard Rock Mine,22/06/2026 22:45:07,#2Q028GQQP,LGCY|Zeus,LGCY,LEGACY,tournament
None_Goldarm Gulch_#LYR0Q9C_#R9CCLP8Q_#2Q028GQQP_#U9GC8G02_#QLCJGQUP_#82RCQCVG_COLETTE_FANG_NAJIA_CORDELIUS_SPIKE_EDGAR,NA,#LYR0Q9C;#R9CCLP8Q;#2Q028GQQP;#U9GC8G02;#QLCJGQUP;#82RCQCVG,LGCY|Zoulan;LGCY|Rafikii;LGCY|Zeus;TRB|R B M;TRB|Diegogamer;TRB|Lxffy🌪️,COLETTE,1,100.0%,knockout,Goldarm Gulch,22/06/2026 22:45:07,#LYR0Q9C,LGCY|Zoulan,LGCY,LEGACY,friendly
None_Goldarm Gulch_#LYR0Q9C_#R9CCLP8Q_#2Q028GQQP_#U9GC8G02_#QLCJGQUP_#82RCQCVG_COLETTE_FANG_NAJIA_CORDELIUS_SPIKE_EDGAR,NA,#LYR0Q9C;#R9CCLP8Q;#2Q028GQQP;#U9GC8G02;#QLCJGQUP;#82RCQCVG,LGCY|Zoulan;LGCY|Rafikii;LGCY|Zeus;TRB|R B M;TRB|Diegogamer;TRB|Lxffy🌪️,FANG,1,100.0%,knockout,Goldarm Gulch,22/06/2026 22:45:07,#R9CCLP8Q,LGCY|Rafikii,LGCY,LEGACY,friendly
None_Goldarm Gulch_#LYR0Q9C_#R9CCLP8Q_#2Q028GQQP_#U9GC8G02_#QLCJGQUP_#82RCQCVG_COLETTE_FANG_NAJIA_CORDELIUS_SPIKE_EDGAR,NA,#LYR0Q9C;#R9CCLP8Q;#2Q028GQQP;#U9GC8G02;#QLCJGQUP;#82RCQCVG,LGCY|Zoulan;LGCY|Rafikii;LGCY|Zeus;TRB|R B M;TRB|Diegogamer;TRB|Lxffy🌪️,NAJIA,1,100.0%,knockout,Goldarm Gulch,22/06/2026 22:45:07,#2Q028GQQP,LGCY|Zeus,LGCY,LEGACY,friendly
None_Goldarm Gulch_#LYR0Q9C_#R9CCLP8Q_#2Q028GQQP_#U9GC8G02_#QLCJGQUP_#82RCQCVG_COLETTE_FANG_NAJIA_CORDELIUS_SPIKE_EDGAR,NA,#LYR0Q9C;#R9CCLP8Q;#2Q028GQQP;#U9GC8G02;#QLCJGQUP;#82RCQCVG,LGCY|Zoulan;LGCY|Rafikii;LGCY|Zeus;TRB|R B M;TRB|Diegogamer;TRB|Lxffy🌪️,CORDELIUS,0,0.0%,knockout,Goldarm Gulch,22/06/2026 22:45:07,#U9GC8G02,TRB|R B M,TRB,TRIBE GAMING,friendly
None_Goldarm Gulch_#LYR0Q9C_#R9CCLP8Q_#2Q028GQQP_#U9GC8G02_#QLCJGQUP_#82RCQCVG_COLETTE_FANG_NAJIA_CORDELIUS_SPIKE_EDGAR,NA,#LYR0Q9C;#R9CCLP8Q;#2Q028GQQP;#U9GC8G02;#QLCJGQUP;#82RCQCVG,LGCY|Zoulan;LGCY|Rafikii;LGCY|Zeus;TRB|R B M;TRB|Diegogamer;TRB|Lxffy🌪️,SPIKE,0,0.0%,knockout,Goldarm Gulch,22/06/2026 22:45:07,#QLCJGQUP,TRB|Diegogamer,TRB,TRIBE GAMING,friendly
None_Goldarm Gulch_#LYR0Q9C_#R9CCLP8Q_#2Q028GQQP_#U9GC8G02_#QLCJGQUP_#82RCQCVG_COLETTE_FANG_NAJIA_CORDELIUS_SPIKE_EDGAR,NA,#LYR0Q9C;#R9CCLP8Q;#2Q028GQQP;#U9GC8G02;#QLCJGQUP;#82RCQCVG,LGCY|Zoulan;LGCY|Rafikii;LGCY|Zeus;TRB|R B M;TRB|Diegogamer;TRB|Lxffy🌪️,EDGAR,0,0.0%,knockout,Goldarm Gulch,22/06/2026 22:45:07,#82RCQCVG,TRB|Lxffy🌪️,TRB,TRIBE GAMING,friendly
None_Goldarm Gulch_#R9CCLP8Q_#LYR0Q9C_#2Q028GQQP_#QLCJGQUP_#82RCQCVG_#U9GC8G02_BUSTER_ANGELO_R-T_PIERCE_MORTIS_SPIKE,NA,#R9CCLP8Q;#LYR0Q9C;#2Q028GQQP;#QLCJGQUP;#82RCQCVG;#U9GC8G02,LGCY|Rafikii;LGCY|Zoulan;LGCY|Zeus;TRB|Diegogamer;TRB|Lxffy🌪️;TRB|R B M,BUSTER,1,100.0%,knockout,Goldarm Gulch,22/06/2026 22:45:07,#R9CCLP8Q,LGCY|Rafikii,LGCY,LEGACY,friendly
None_Goldarm Gulch_#R9CCLP8Q_#LYR0Q9C_#2Q028GQQP_#QLCJGQUP_#82RCQCVG_#U9GC8G02_BUSTER_ANGELO_R-T_PIERCE_MORTIS_SPIKE,NA,#R9CCLP8Q;#LYR0Q9C;#2Q028GQQP;#QLCJGQUP;#82RCQCVG;#U9GC8G02,LGCY|Rafikii;LGCY|Zoulan;LGCY|Zeus;TRB|Diegogamer;TRB|Lxffy🌪️;TRB|R B M,ANGELO,1,100.0%,knockout,Goldarm Gulch,22/06/2026 22:45:07,#LYR0Q9C,LGCY|Zoulan,LGCY,LEGACY,friendly
None_Goldarm Gulch_#R9CCLP8Q_#LYR0Q9C_#2Q028GQQP_#QLCJGQUP_#82RCQCVG_#U9GC8G02_BUSTER_ANGELO_R-T_PIERCE_MORTIS_SPIKE,NA,#R9CCLP8Q;#LYR0Q9C;#2Q028GQQP;#QLCJGQUP;#82RCQCVG;#U9GC8G02,LGCY|Rafikii;LGCY|Zoulan;LGCY|Zeus;TRB|Diegogamer;TRB|Lxffy🌪️;TRB|R B M,R-T,1,100.0%,knockout,Goldarm Gulch,22/06/2026 22:45:07,#2Q028GQQP,LGCY|Zeus,LGCY,LEGACY,friendly
None_Goldarm Gulch_#R9CCLP8Q_#LYR0Q9C_#2Q028GQQP_#QLCJGQUP_#82RCQCVG_#U9GC8G02_BUSTER_ANGELO_R-T_PIERCE_MORTIS_SPIKE,NA,#R9CCLP8Q;#LYR0Q9C;#2Q028GQQP;#QLCJGQUP;#82RCQCVG;#U9GC8G02,LGCY|Rafikii;LGCY|Zoulan;LGCY|Zeus;TRB|Diegogamer;TRB|Lxffy🌪️;TRB|R B M,PIERCE,0,0.0%,knockout,Goldarm Gulch,22/06/2026 22:45:07,#QLCJGQUP,TRB|Diegogamer,TRB,TRIBE GAMING,friendly
None_Goldarm Gulch_#R9CCLP8Q_#LYR0Q9C_#2Q028GQQP_#QLCJGQUP_#82RCQCVG_#U9GC8G02_BUSTER_ANGELO_R-T_PIERCE_MORTIS_SPIKE,NA,#R9CCLP8Q;#LYR0Q9C;#2Q028GQQP;#QLCJGQUP;#82RCQCVG;#U9GC8G02,LGCY|Rafikii;LGCY|Zoulan;LGCY|Zeus;TRB|Diegogamer;TRB|Lxffy🌪️;TRB|R B M,MORTIS,0,0.0%,knockout,Goldarm Gulch,22/06/2026 22:45:07,#82RCQCVG,TRB|Lxffy🌪️,TRB,TRIBE GAMING,friendly
None_Goldarm Gulch_#R9CCLP8Q_#LYR0Q9C_#2Q028GQQP_#QLCJGQUP_#82RCQCVG_#U9GC8G02_BUSTER_ANGELO_R-T_PIERCE_MORTIS_SPIKE,NA,#R9CCLP8Q;#LYR0Q9C;#2Q028GQQP;#QLCJGQUP;#82RCQCVG;#U9GC8G02,LGCY|Rafikii;LGCY|Zoulan;LGCY|Zeus;TRB|Diegogamer;TRB|Lxffy🌪️;TRB|R B M,SPIKE,0,0.0%,knockout,Goldarm Gulch,22/06/2026 22:45:07,#U9GC8G02,TRB|R B M,TRB,TRIBE GAMING,friendly
None_Kaboom Canyon_#20P2GP99_#88PL8L2JC_#8Q2QUV00J_#LJ2GUU980_#PLRR0GG0R_#99PPVQJRL_COLT_EDGAR_LUMI_FANG_CHUCK_ANGELO,NA,#20P2GP99;#88PL8L2JC;#8Q2QUV00J;#LJ2GUU980;#PLRR0GG0R;#99PPVQJRL,HML|Ducky🐝;NOVA |David;Goatzuen🥷🏽;plugcat;Squeb :(;eeps,COLT,1,100.0%,heist,Kaboom Canyon,22/06/2026 22:45:07,#20P2GP99,HML|Ducky🐝,ENONA,ENOSIS NA,tournament
None_Kaboom Canyon_#20P2GP99_#88PL8L2JC_#8Q2QUV00J_#LJ2GUU980_#PLRR0GG0R_#99PPVQJRL_COLT_EDGAR_LUMI_FANG_CHUCK_ANGELO,NA,#20P2GP99;#88PL8L2JC;#8Q2QUV00J;#LJ2GUU980;#PLRR0GG0R;#99PPVQJRL,HML|Ducky🐝;NOVA |David;Goatzuen🥷🏽;plugcat;Squeb :(;eeps,EDGAR,1,100.0%,heist,Kaboom Canyon,22/06/2026 22:45:07,#88PL8L2JC,NOVA |David,ENONA,ENOSIS NA,tournament
None_Kaboom Canyon_#20P2GP99_#88PL8L2JC_#8Q2QUV00J_#LJ2GUU980_#PLRR0GG0R_#99PPVQJRL_COLT_EDGAR_LUMI_FANG_CHUCK_ANGELO,NA,#20P2GP99;#88PL8L2JC;#8Q2QUV00J;#LJ2GUU980;#PLRR0GG0R;#99PPVQJRL,HML|Ducky🐝;NOVA |David;Goatzuen🥷🏽;plugcat;Squeb :(;eeps,LUMI,1,100.0%,heist,Kaboom Canyon,22/06/2026 22:45:07,#8Q2QUV00J,Goatzuen🥷🏽,ENONA,ENOSIS NA,tournament
None_Kaboom Canyon_#20P2GP99_#88PL8L2JC_#8Q2QUV00J_#LJ2GUU980_#PLRR0GG0R_#99PPVQJRL_COLT_EDGAR_LUMI_FANG_CHUCK_ANGELO,NA,#20P2GP99;#88PL8L2JC;#8Q2QUV00J;#LJ2GUU980;#PLRR0GG0R;#99PPVQJRL,HML|Ducky🐝;NOVA |David;Goatzuen🥷🏽;plugcat;Squeb :(;eeps,FANG,0,0.0%,heist,Kaboom Canyon,22/06/2026 22:45:07,#LJ2GUU980,plugcat,OPONENTE_T1,DESCONHECIDO T1,tournament
None_Kaboom Canyon_#20P2GP99_#88PL8L2JC_#8Q2QUV00J_#LJ2GUU980_#PLRR0GG0R_#99PPVQJRL_COLT_EDGAR_LUMI_FANG_CHUCK_ANGELO,NA,#20P2GP99;#88PL8L2JC;#8Q2QUV00J;#LJ2GUU980;#PLRR0GG0R;#99PPVQJRL,HML|Ducky🐝;NOVA |David;Goatzuen🥷🏽;plugcat;Squeb :(;eeps,CHUCK,0,0.0%,heist,Kaboom Canyon,22/06/2026 22:45:07,#PLRR0GG0R,Squeb :(,OPONENTE_T1,DESCONHECIDO T1,tournament
None_Kaboom Canyon_#20P2GP99_#88PL8L2JC_#8Q2QUV00J_#LJ2GUU980_#PLRR0GG0R_#99PPVQJRL_COLT_EDGAR_LUMI_FANG_CHUCK_ANGELO,NA,#20P2GP99;#88PL8L2JC;#8Q2QUV00J;#LJ2GUU980;#PLRR0GG0R;#99PPVQJRL,HML|Ducky🐝;NOVA |David;Goatzuen🥷🏽;plugcat;Squeb :(;eeps,ANGELO,0,0.0%,heist,Kaboom Canyon,22/06/2026 22:45:07,#99PPVQJRL,eeps,OPONENTE_T1,DESCONHECIDO T1,tournament
None_In the Liminal_#20P2GP99_#88PL8L2JC_#8Q2QUV00J_#990VQVPLY_#2G82CGU_#YVQCUGV9_MORTIS_CHESTER_FINX_LEON_STARR NOVA_EMZ,NA,#20P2GP99;#88PL8L2JC;#8Q2QUV00J;#990VQVPLY;#2G82CGU;#YVQCUGV9,HML|Ducky🐝;NOVA |David;Goatzuen🥷🏽;BC*|sunnyy!;Zee;KayJayOh,MORTIS,1,100.0%,hotZone,In the Liminal,22/06/2026 22:45:07,#20P2GP99,HML|Ducky🐝,ENONA,ENOSIS NA,tournament
None_In the Liminal_#20P2GP99_#88PL8L2JC_#8Q2QUV00J_#990VQVPLY_#2G82CGU_#YVQCUGV9_MORTIS_CHESTER_FINX_LEON_STARR NOVA_EMZ,NA,#20P2GP99;#88PL8L2JC;#8Q2QUV00J;#990VQVPLY;#2G82CGU;#YVQCUGV9,HML|Ducky🐝;NOVA |David;Goatzuen🥷🏽;BC*|sunnyy!;Zee;KayJayOh,CHESTER,1,100.0%,hotZone,In the Liminal,22/06/2026 22:45:07,#88PL8L2JC,NOVA |David,ENONA,ENOSIS NA,tournament
None_In the Liminal_#20P2GP99_#88PL8L2JC_#8Q2QUV00J_#990VQVPLY_#2G82CGU_#YVQCUGV9_MORTIS_CHESTER_FINX_LEON_STARR NOVA_EMZ,NA,#20P2GP99;#88PL8L2JC;#8Q2QUV00J;#990VQVPLY;#2G82CGU;#YVQCUGV9,HML|Ducky🐝;NOVA |David;Goatzuen🥷🏽;BC*|sunnyy!;Zee;KayJayOh,FINX,1,100.0%,hotZone,In the Liminal,22/06/2026 22:45:07,#8Q2QUV00J,Goatzuen🥷🏽,ENONA,ENOSIS NA,tournament
None_In the Liminal_#20P2GP99_#88PL8L2JC_#8Q2QUV00J_#990VQVPLY_#2G82CGU_#YVQCUGV9_MORTIS_CHESTER_FINX_LEON_STARR NOVA_EMZ,NA,#20P2GP99;#88PL8L2JC;#8Q2QUV00J;#990VQVPLY;#2G82CGU;#YVQCUGV9,HML|Ducky🐝;NOVA |David;Goatzuen🥷🏽;BC*|sunnyy!;Zee;KayJayOh,LEON,0,0.0%,hotZone,In the Liminal,22/06/2026 22:45:07,#990VQVPLY,BC*|sunnyy!,OPONENTE_T1,DESCONHECIDO T1,tournament
None_In the Liminal_#20P2GP99_#88PL8L2JC_#8Q2QUV00J_#990VQVPLY_#2G82CGU_#YVQCUGV9_MORTIS_CHESTER_FINX_LEON_STARR NOVA_EMZ,NA,#20P2GP99;#88PL8L2JC;#8Q2QUV00J;#990VQVPLY;#2G82CGU;#YVQCUGV9,HML|Ducky🐝;NOVA |David;Goatzuen🥷🏽;BC*|sunnyy!;Zee;KayJayOh,STARR NOVA,0,0.0%,hotZone,In the Liminal,22/06/2026 22:45:07,#2G82CGU,Zee,OPONENTE_T1,DESCONHECIDO T1,tournament
None_In the Liminal_#20P2GP99_#88PL8L2JC_#8Q2QUV00J_#990VQVPLY_#2G82CGU_#YVQCUGV9_MORTIS_CHESTER_FINX_LEON_STARR NOVA_EMZ,NA,#20P2GP99;#88PL8L2JC;#8Q2QUV00J;#990VQVPLY;#2G82CGU;#YVQCUGV9,HML|Ducky🐝;NOVA |David;Goatzuen🥷🏽;BC*|sunnyy!;Zee;KayJayOh,EMZ,0,0.0%,hotZone,In the Liminal,22/06/2026 22:45:07,#YVQCUGV9,KayJayOh,OPONENTE_T1,DESCONHECIDO T1,tournament
None_Hot Potato_#20P2GP99_#88PL8L2JC_#8Q2QUV00J_#990VQVPLY_#YVQCUGV9_#2G82CGU_RUFFS_EDGAR_SHADE_LILY_GALE_KAZE,NA,#20P2GP99;#88PL8L2JC;#8Q2QUV00J;#990VQVPLY;#YVQCUGV9;#2G82CGU,HML|Ducky🐝;NOVA |David;Goatzuen🥷🏽;BC*|sunnyy!;KayJayOh;Zee,RUFFS,0,0.0%,heist,Hot Potato,22/06/2026 22:45:07,#20P2GP99,HML|Ducky🐝,ENONA,ENOSIS NA,tournament
None_Hot Potato_#20P2GP99_#88PL8L2JC_#8Q2QUV00J_#990VQVPLY_#YVQCUGV9_#2G82CGU_RUFFS_EDGAR_SHADE_LILY_GALE_KAZE,NA,#20P2GP99;#88PL8L2JC;#8Q2QUV00J;#990VQVPLY;#YVQCUGV9;#2G82CGU,HML|Ducky🐝;NOVA |David;Goatzuen🥷🏽;BC*|sunnyy!;KayJayOh;Zee,EDGAR,0,0.0%,heist,Hot Potato,22/06/2026 22:45:07,#88PL8L2JC,NOVA |David,ENONA,ENOSIS NA,tournament
None_Hot Potato_#20P2GP99_#88PL8L2JC_#8Q2QUV00J_#990VQVPLY_#YVQCUGV9_#2G82CGU_RUFFS_EDGAR_SHADE_LILY_GALE_KAZE,NA,#20P2GP99;#88PL8L2JC;#8Q2QUV00J;#990VQVPLY;#YVQCUGV9;#2G82CGU,HML|Ducky🐝;NOVA |David;Goatzuen🥷🏽;BC*|sunnyy!;KayJayOh;Zee,SHADE,0,0.0%,heist,Hot Potato,22/06/2026 22:45:07,#8Q2QUV00J,Goatzuen🥷🏽,ENONA,ENOSIS NA,tournament
None_Hot Potato_#20P2GP99_#88PL8L2JC_#8Q2QUV00J_#990VQVPLY_#YVQCUGV9_#2G82CGU_RUFFS_EDGAR_SHADE_LILY_GALE_KAZE,NA,#20P2GP99;#88PL8L2JC;#8Q2QUV00J;#990VQVPLY;#YVQCUGV9;#2G82CGU,HML|Ducky🐝;NOVA |David;Goatzuen🥷🏽;BC*|sunnyy!;KayJayOh;Zee,LILY,1,100.0%,heist,Hot Potato,22/06/2026 22:45:07,#990VQVPLY,BC*|sunnyy!,OPONENTE_T1,DESCONHECIDO T1,tournament
None_Hot Potato_#20P2GP99_#88PL8L2JC_#8Q2QUV00J_#990VQVPLY_#YVQCUGV9_#2G82CGU_RUFFS_EDGAR_SHADE_LILY_GALE_KAZE,NA,#20P2GP99;#88PL8L2JC;#8Q2QUV00J;#990VQVPLY;#YVQCUGV9;#2G82CGU,HML|Ducky🐝;NOVA |David;Goatzuen🥷🏽;BC*|sunnyy!;KayJayOh;Zee,GALE,1,100.0%,heist,Hot Potato,22/06/2026 22:45:07,#YVQCUGV9,KayJayOh,OPONENTE_T1,DESCONHECIDO T1,tournament
None_Hot Potato_#20P2GP99_#88PL8L2JC_#8Q2QUV00J_#990VQVPLY_#YVQCUGV9_#2G82CGU_RUFFS_EDGAR_SHADE_LILY_GALE_KAZE,NA,#20P2GP99;#88PL8L2JC;#8Q2QUV00J;#990VQVPLY;#YVQCUGV9;#2G82CGU,HML|Ducky🐝;NOVA |David;Goatzuen🥷🏽;BC*|sunnyy!;KayJayOh;Zee,KAZE,1,100.0%,heist,Hot Potato,22/06/2026 22:45:07,#2G82CGU,Zee,OPONENTE_T1,DESCONHECIDO T1,tournament
None_Goldarm Gulch_#20P2GP99_#88PL8L2JC_#8Q2QUV00J_#990VQVPLY_#2G82CGU_#YVQCUGV9_GENE_RUFFS_BUSTER_MINA_BYRON_LEON,NA,#20P2GP99;#88PL8L2JC;#8Q2QUV00J;#990VQVPLY;#2G82CGU;#YVQCUGV9,HML|Ducky🐝;NOVA |David;Goatzuen🥷🏽;BC*|sunnyy!;Zee;KayJayOh,GENE,1,100.0%,knockout,Goldarm Gulch,22/06/2026 22:45:07,#20P2GP99,HML|Ducky🐝,ENONA,ENOSIS NA,tournament
None_Goldarm Gulch_#20P2GP99_#88PL8L2JC_#8Q2QUV00J_#990VQVPLY_#2G82CGU_#YVQCUGV9_GENE_RUFFS_BUSTER_MINA_BYRON_LEON,NA,#20P2GP99;#88PL8L2JC;#8Q2QUV00J;#990VQVPLY;#2G82CGU;#YVQCUGV9,HML|Ducky🐝;NOVA |David;Goatzuen🥷🏽;BC*|sunnyy!;Zee;KayJayOh,RUFFS,1,100.0%,knockout,Goldarm Gulch,22/06/2026 22:45:07,#88PL8L2JC,NOVA |David,ENONA,ENOSIS NA,tournament
None_Goldarm Gulch_#20P2GP99_#88PL8L2JC_#8Q2QUV00J_#990VQVPLY_#2G82CGU_#YVQCUGV9_GENE_RUFFS_BUSTER_MINA_BYRON_LEON,NA,#20P2GP99;#88PL8L2JC;#8Q2QUV00J;#990VQVPLY;#2G82CGU;#YVQCUGV9,HML|Ducky🐝;NOVA |David;Goatzuen🥷🏽;BC*|sunnyy!;Zee;KayJayOh,BUSTER,1,100.0%,knockout,Goldarm Gulch,22/06/2026 22:45:07,#8Q2QUV00J,Goatzuen🥷🏽,ENONA,ENOSIS NA,tournament
None_Goldarm Gulch_#20P2GP99_#88PL8L2JC_#8Q2QUV00J_#990VQVPLY_#2G82CGU_#YVQCUGV9_GENE_RUFFS_BUSTER_MINA_BYRON_LEON,NA,#20P2GP99;#88PL8L2JC;#8Q2QUV00J;#990VQVPLY;#2G82CGU;#YVQCUGV9,HML|Ducky🐝;NOVA |David;Goatzuen🥷🏽;BC*|sunnyy!;Zee;KayJayOh,MINA,0,0.0%,knockout,Goldarm Gulch,22/06/2026 22:45:07,#990VQVPLY,BC*|sunnyy!,OPONENTE_T1,DESCONHECIDO T1,tournament
None_Goldarm Gulch_#20P2GP99_#88PL8L2JC_#8Q2QUV00J_#990VQVPLY_#2G82CGU_#YVQCUGV9_GENE_RUFFS_BUSTER_MINA_BYRON_LEON,NA,#20P2GP99;#88PL8L2JC;#8Q2QUV00J;#990VQVPLY;#2G82CGU;#YVQCUGV9,HML|Ducky🐝;NOVA |David;Goatzuen🥷🏽;BC*|sunnyy!;Zee;KayJayOh,BYRON,0,0.0%,knockout,Goldarm Gulch,22/06/2026 22:45:07,#2G82CGU,Zee,OPONENTE_T1,DESCONHECIDO T1,tournament
None_Goldarm Gulch_#20P2GP99_#88PL8L2JC_#8Q2QUV00J_#990VQVPLY_#2G82CGU_#YVQCUGV9_GENE_RUFFS_BUSTER_MINA_BYRON_LEON,NA,#20P2GP99;#88PL8L2JC;#8Q2QUV00J;#990VQVPLY;#2G82CGU;#YVQCUGV9,HML|Ducky🐝;NOVA |David;Goatzuen🥷🏽;BC*|sunnyy!;Zee;KayJayOh,LEON,0,0.0%,knockout,Goldarm Gulch,22/06/2026 22:45:07,#YVQCUGV9,KayJayOh,OPONENTE_T1,DESCONHECIDO T1,tournament
None_Belle's Rock_#9PQQPYLUU_#PGP9UPJ82_#G8PP8RCR9_#20P2GP99_#88PL8L2JC_#8Q2QUV00J_BROCK_CHARLIE_MINA_MORTIS_PIERCE_LEON,NA,#9PQQPYLUU;#PGP9UPJ82;#G8PP8RCR9;#20P2GP99;#88PL8L2JC;#8Q2QUV00J,Yxkino⚘️;Jack🐑;FXD|Training;HML|Ducky🐝;NOVA |David;Goatzuen🥷🏽,BROCK,1,100.0%,knockout,Belle's Rock,22/06/2026 22:45:07,#9PQQPYLUU,Yxkino⚘️,OPONENTE_T0,DESCONHECIDO T0,tournament
None_Belle's Rock_#9PQQPYLUU_#PGP9UPJ82_#G8PP8RCR9_#20P2GP99_#88PL8L2JC_#8Q2QUV00J_BROCK_CHARLIE_MINA_MORTIS_PIERCE_LEON,NA,#9PQQPYLUU;#PGP9UPJ82;#G8PP8RCR9;#20P2GP99;#88PL8L2JC;#8Q2QUV00J,Yxkino⚘️;Jack🐑;FXD|Training;HML|Ducky🐝;NOVA |David;Goatzuen🥷🏽,CHARLIE,1,100.0%,knockout,Belle's Rock,22/06/2026 22:45:07,#PGP9UPJ82,Jack🐑,OPONENTE_T0,DESCONHECIDO T0,tournament
None_Belle's Rock_#9PQQPYLUU_#PGP9UPJ82_#G8PP8RCR9_#20P2GP99_#88PL8L2JC_#8Q2QUV00J_BROCK_CHARLIE_MINA_MORTIS_PIERCE_LEON,NA,#9PQQPYLUU;#PGP9UPJ82;#G8PP8RCR9;#20P2GP99;#88PL8L2JC;#8Q2QUV00J,Yxkino⚘️;Jack🐑;FXD|Training;HML|Ducky🐝;NOVA |David;Goatzuen🥷🏽,MINA,1,100.0%,knockout,Belle's Rock,22/06/2026 22:45:07,#G8PP8RCR9,FXD|Training,OPONENTE_T0,DESCONHECIDO T0,tournament
None_Belle's Rock_#9PQQPYLUU_#PGP9UPJ82_#G8PP8RCR9_#20P2GP99_#88PL8L2JC_#8Q2QUV00J_BROCK_CHARLIE_MINA_MORTIS_PIERCE_LEON,NA,#9PQQPYLUU;#PGP9UPJ82;#G8PP8RCR9;#20P2GP99;#88PL8L2JC;#8Q2QUV00J,Yxkino⚘️;Jack🐑;FXD|Training;HML|Ducky🐝;NOVA |David;Goatzuen🥷🏽,MORTIS,0,0.0%,knockout,Belle's Rock,22/06/2026 22:45:07,#20P2GP99,HML|Ducky🐝,ENONA,ENOSIS NA,tournament
None_Belle's Rock_#9PQQPYLUU_#PGP9UPJ82_#G8PP8RCR9_#20P2GP99_#88PL8L2JC_#8Q2QUV00J_BROCK_CHARLIE_MINA_MORTIS_PIERCE_LEON,NA,#9PQQPYLUU;#PGP9UPJ82;#G8PP8RCR9;#20P2GP99;#88PL8L2JC;#8Q2QUV00J,Yxkino⚘️;Jack🐑;FXD|Training;HML|Ducky🐝;NOVA |David;Goatzuen🥷🏽,PIERCE,0,0.0%,knockout,Belle's Rock,22/06/2026 22:45:07,#88PL8L2JC,NOVA |David,ENONA,ENOSIS NA,tournament
None_Belle's Rock_#9PQQPYLUU_#PGP9UPJ82_#G8PP8RCR9_#20P2GP99_#88PL8L2JC_#8Q2QUV00J_BROCK_CHARLIE_MINA_MORTIS_PIERCE_LEON,NA,#9PQQPYLUU;#PGP9UPJ82;#G8PP8RCR9;#20P2GP99;#88PL8L2JC;#8Q2QUV00J,Yxkino⚘️;Jack🐑;FXD|Training;HML|Ducky🐝;NOVA |David;Goatzuen🥷🏽,LEON,0,0.0%,knockout,Belle's Rock,22/06/2026 22:45:07,#8Q2QUV00J,Goatzuen🥷🏽,ENONA,ENOSIS NA,tournament
None_Shooting Star_#9PQQPYLUU_#G8PP8RCR9_#PGP9UPJ82_#20P2GP99_#8Q2QUV00J_#88PL8L2JC_PIERCE_KAZE_RUFFS_MINA_LEON_GENE,NA,#9PQQPYLUU;#G8PP8RCR9;#PGP9UPJ82;#20P2GP99;#8Q2QUV00J;#88PL8L2JC,Yxkino⚘️;FXD|Training;Jack🐑;HML|Ducky🐝;Goatzuen🥷🏽;NOVA |David,PIERCE,1,100.0%,bounty,Shooting Star,22/06/2026 22:45:07,#9PQQPYLUU,Yxkino⚘️,OPONENTE_T0,DESCONHECIDO T0,tournament
None_Shooting Star_#9PQQPYLUU_#G8PP8RCR9_#PGP9UPJ82_#20P2GP99_#8Q2QUV00J_#88PL8L2JC_PIERCE_KAZE_RUFFS_MINA_LEON_GENE,NA,#9PQQPYLUU;#G8PP8RCR9;#PGP9UPJ82;#20P2GP99;#8Q2QUV00J;#88PL8L2JC,Yxkino⚘️;FXD|Training;Jack🐑;HML|Ducky🐝;Goatzuen🥷🏽;NOVA |David,KAZE,1,100.0%,bounty,Shooting Star,22/06/2026 22:45:07,#G8PP8RCR9,FXD|Training,OPONENTE_T0,DESCONHECIDO T0,tournament
None_Shooting Star_#9PQQPYLUU_#G8PP8RCR9_#PGP9UPJ82_#20P2GP99_#8Q2QUV00J_#88PL8L2JC_PIERCE_KAZE_RUFFS_MINA_LEON_GENE,NA,#9PQQPYLUU;#G8PP8RCR9;#PGP9UPJ82;#20P2GP99;#8Q2QUV00J;#88PL8L2JC,Yxkino⚘️;FXD|Training;Jack🐑;HML|Ducky🐝;Goatzuen🥷🏽;NOVA |David,RUFFS,1,100.0%,bounty,Shooting Star,22/06/2026 22:45:07,#PGP9UPJ82,Jack🐑,OPONENTE_T0,DESCONHECIDO T0,tournament
None_Shooting Star_#9PQQPYLUU_#G8PP8RCR9_#PGP9UPJ82_#20P2GP99_#8Q2QUV00J_#88PL8L2JC_PIERCE_KAZE_RUFFS_MINA_LEON_GENE,NA,#9PQQPYLUU;#G8PP8RCR9;#PGP9UPJ82;#20P2GP99;#8Q2QUV00J;#88PL8L2JC,Yxkino⚘️;FXD|Training;Jack🐑;HML|Ducky🐝;Goatzuen🥷🏽;NOVA |David,MINA,0,0.0%,bounty,Shooting Star,22/06/2026 22:45:07,#20P2GP99,HML|Ducky🐝,ENONA,ENOSIS NA,tournament
None_Shooting Star_#9PQQPYLUU_#G8PP8RCR9_#PGP9UPJ82_#20P2GP99_#8Q2QUV00J_#88PL8L2JC_PIERCE_KAZE_RUFFS_MINA_LEON_GENE,NA,#9PQQPYLUU;#G8PP8RCR9;#PGP9UPJ82;#20P2GP99;#8Q2QUV00J;#88PL8L2JC,Yxkino⚘️;FXD|Training;Jack🐑;HML|Ducky🐝;Goatzuen🥷🏽;NOVA |David,LEON,0,0.0%,bounty,Shooting Star,22/06/2026 22:45:07,#8Q2QUV00J,Goatzuen🥷🏽,ENONA,ENOSIS NA,tournament
None_Shooting Star_#9PQQPYLUU_#G8PP8RCR9_#PGP9UPJ82_#20P2GP99_#8Q2QUV00J_#88PL8L2JC_PIERCE_KAZE_RUFFS_MINA_LEON_GENE,NA,#9PQQPYLUU;#G8PP8RCR9;#PGP9UPJ82;#20P2GP99;#8Q2QUV00J;#88PL8L2JC,Yxkino⚘️;FXD|Training;Jack🐑;HML|Ducky🐝;Goatzuen🥷🏽;NOVA |David,GENE,0,0.0%,bounty,Shooting Star,22/06/2026 22:45:07,#88PL8L2JC,NOVA |David,ENONA,ENOSIS NA,tournament
None_Open Business_#20P80UGLQU_#29YUQC99_#YCUU9QUUJ_#20P2GP99_#88PL8L2JC_#8Q2QUV00J_POCO_EDGAR_OTIS_NAJIA_BULL_LEON,NA,#20P80UGLQU;#29YUQC99;#YCUU9QUUJ;#20P2GP99;#88PL8L2JC;#8Q2QUV00J,MrYeast😘;MariamLover🌷💗;eraser;HML|Ducky🐝;NOVA |David;Goatzuen🥷🏽,POCO,1,100.0%,hotZone,Open Business,22/06/2026 22:45:07,#20P80UGLQU,MrYeast😘,OPONENTE_T0,DESCONHECIDO T0,tournament
None_Open Business_#20P80UGLQU_#29YUQC99_#YCUU9QUUJ_#20P2GP99_#88PL8L2JC_#8Q2QUV00J_POCO_EDGAR_OTIS_NAJIA_BULL_LEON,NA,#20P80UGLQU;#29YUQC99;#YCUU9QUUJ;#20P2GP99;#88PL8L2JC;#8Q2QUV00J,MrYeast😘;MariamLover🌷💗;eraser;HML|Ducky🐝;NOVA |David;Goatzuen🥷🏽,EDGAR,1,100.0%,hotZone,Open Business,22/06/2026 22:45:07,#29YUQC99,MariamLover🌷💗,OPONENTE_T0,DESCONHECIDO T0,tournament
None_Open Business_#20P80UGLQU_#29YUQC99_#YCUU9QUUJ_#20P2GP99_#88PL8L2JC_#8Q2QUV00J_POCO_EDGAR_OTIS_NAJIA_BULL_LEON,NA,#20P80UGLQU;#29YUQC99;#YCUU9QUUJ;#20P2GP99;#88PL8L2JC;#8Q2QUV00J,MrYeast😘;MariamLover🌷💗;eraser;HML|Ducky🐝;NOVA |David;Goatzuen🥷🏽,OTIS,1,100.0%,hotZone,Open Business,22/06/2026 22:45:07,#YCUU9QUUJ,eraser,OPONENTE_T0,DESCONHECIDO T0,tournament
None_Open Business_#20P80UGLQU_#29YUQC99_#YCUU9QUUJ_#20P2GP99_#88PL8L2JC_#8Q2QUV00J_POCO_EDGAR_OTIS_NAJIA_BULL_LEON,NA,#20P80UGLQU;#29YUQC99;#YCUU9QUUJ;#20P2GP99;#88PL8L2JC;#8Q2QUV00J,MrYeast😘;MariamLover🌷💗;eraser;HML|Ducky🐝;NOVA |David;Goatzuen🥷🏽,NAJIA,0,0.0%,hotZone,Open Business,22/06/2026 22:45:07,#20P2GP99,HML|Ducky🐝,ENONA,ENOSIS NA,tournament
None_Open Business_#20P80UGLQU_#29YUQC99_#YCUU9QUUJ_#20P2GP99_#88PL8L2JC_#8Q2QUV00J_POCO_EDGAR_OTIS_NAJIA_BULL_LEON,NA,#20P80UGLQU;#29YUQC99;#YCUU9QUUJ;#20P2GP99;#88PL8L2JC;#8Q2QUV00J,MrYeast😘;MariamLover🌷💗;eraser;HML|Ducky🐝;NOVA |David;Goatzuen🥷🏽,BULL,0,0.0%,hotZone,Open Business,22/06/2026 22:45:07,#88PL8L2JC,NOVA |David,ENONA,ENOSIS NA,tournament
None_Open Business_#20P80UGLQU_#29YUQC99_#YCUU9QUUJ_#20P2GP99_#88PL8L2JC_#8Q2QUV00J_POCO_EDGAR_OTIS_NAJIA_BULL_LEON,NA,#20P80UGLQU;#29YUQC99;#YCUU9QUUJ;#20P2GP99;#88PL8L2JC;#8Q2QUV00J,MrYeast😘;MariamLover🌷💗;eraser;HML|Ducky🐝;NOVA |David;Goatzuen🥷🏽,LEON,0,0.0%,hotZone,Open Business,22/06/2026 22:45:07,#8Q2QUV00J,Goatzuen🥷🏽,ENONA,ENOSIS NA,tournament
None_Hideout_#20P80UGLQU_#YCUU9QUUJ_#29YUQC99_#88PL8L2JC_#8Q2QUV00J_#20P2GP99_BYRON_KIT_FANG_MORTIS_CHARLIE_PIERCE,NA,#20P80UGLQU;#YCUU9QUUJ;#29YUQC99;#88PL8L2JC;#8Q2QUV00J;#20P2GP99,MrYeast😘;eraser;MariamLover🌷💗;NOVA |David;Goatzuen🥷🏽;HML|Ducky🐝,BYRON,1,100.0%,bounty,Hideout,22/06/2026 22:45:07,#20P80UGLQU,MrYeast😘,OPONENTE_T0,DESCONHECIDO T0,tournament
None_Hideout_#20P80UGLQU_#YCUU9QUUJ_#29YUQC99_#88PL8L2JC_#8Q2QUV00J_#20P2GP99_BYRON_KIT_FANG_MORTIS_CHARLIE_PIERCE,NA,#20P80UGLQU;#YCUU9QUUJ;#29YUQC99;#88PL8L2JC;#8Q2QUV00J;#20P2GP99,MrYeast😘;eraser;MariamLover🌷💗;NOVA |David;Goatzuen🥷🏽;HML|Ducky🐝,KIT,1,100.0%,bounty,Hideout,22/06/2026 22:45:07,#YCUU9QUUJ,eraser,OPONENTE_T0,DESCONHECIDO T0,tournament
None_Hideout_#20P80UGLQU_#YCUU9QUUJ_#29YUQC99_#88PL8L2JC_#8Q2QUV00J_#20P2GP99_BYRON_KIT_FANG_MORTIS_CHARLIE_PIERCE,NA,#20P80UGLQU;#YCUU9QUUJ;#29YUQC99;#88PL8L2JC;#8Q2QUV00J;#20P2GP99,MrYeast😘;eraser;MariamLover🌷💗;NOVA |David;Goatzuen🥷🏽;HML|Ducky🐝,FANG,1,100.0%,bounty,Hideout,22/06/2026 22:45:07,#29YUQC99,MariamLover🌷💗,OPONENTE_T0,DESCONHECIDO T0,tournament
None_Hideout_#20P80UGLQU_#YCUU9QUUJ_#29YUQC99_#88PL8L2JC_#8Q2QUV00J_#20P2GP99_BYRON_KIT_FANG_MORTIS_CHARLIE_PIERCE,NA,#20P80UGLQU;#YCUU9QUUJ;#29YUQC99;#88PL8L2JC;#8Q2QUV00J;#20P2GP99,MrYeast😘;eraser;MariamLover🌷💗;NOVA |David;Goatzuen🥷🏽;HML|Ducky🐝,MORTIS,0,0.0%,bounty,Hideout,22/06/2026 22:45:07,#88PL8L2JC,NOVA |David,ENONA,ENOSIS NA,tournament
None_Hideout_#20P80UGLQU_#YCUU9QUUJ_#29YUQC99_#88PL8L2JC_#8Q2QUV00J_#20P2GP99_BYRON_KIT_FANG_MORTIS_CHARLIE_PIERCE,NA,#20P80UGLQU;#YCUU9QUUJ;#29YUQC99;#88PL8L2JC;#8Q2QUV00J;#20P2GP99,MrYeast😘;eraser;MariamLover🌷💗;NOVA |David;Goatzuen🥷🏽;HML|Ducky🐝,CHARLIE,0,0.0%,bounty,Hideout,22/06/2026 22:45:07,#8Q2QUV00J,Goatzuen🥷🏽,ENONA,ENOSIS NA,tournament
None_Hideout_#20P80UGLQU_#YCUU9QUUJ_#29YUQC99_#88PL8L2JC_#8Q2QUV00J_#20P2GP99_BYRON_KIT_FANG_MORTIS_CHARLIE_PIERCE,NA,#20P80UGLQU;#YCUU9QUUJ;#29YUQC99;#88PL8L2JC;#8Q2QUV00J;#20P2GP99,MrYeast😘;eraser;MariamLover🌷💗;NOVA |David;Goatzuen🥷🏽;HML|Ducky🐝,PIERCE,0,0.0%,bounty,Hideout,22/06/2026 22:45:07,#20P2GP99,HML|Ducky🐝,ENONA,ENOSIS NA,tournament
None_Open Business_#20P2GP99_#88PL8L2JC_#8Q2QUV00J_#L89GQV99P_#8PJ2C80RY_#Q8V8UU9QQ_COLETTE_EMZ_MORTIS_ROSA_FINX_LUMI,NA,#20P2GP99;#88PL8L2JC;#8Q2QUV00J;#L89GQV99P;#8PJ2C80RY;#Q8V8UU9QQ,HML|Ducky🐝;NOVA |David;Goatzuen🥷🏽;M͓aͥl͛e͓ͣk̫ͫ;Star Player;CH|Jesse🧊,COLETTE,1,100.0%,hotZone,Open Business,22/06/2026 22:45:07,#20P2GP99,HML|Ducky🐝,ENONA,ENOSIS NA,tournament
None_Open Business_#20P2GP99_#88PL8L2JC_#8Q2QUV00J_#L89GQV99P_#8PJ2C80RY_#Q8V8UU9QQ_COLETTE_EMZ_MORTIS_ROSA_FINX_LUMI,NA,#20P2GP99;#88PL8L2JC;#8Q2QUV00J;#L89GQV99P;#8PJ2C80RY;#Q8V8UU9QQ,HML|Ducky🐝;NOVA |David;Goatzuen🥷🏽;M͓aͥl͛e͓ͣk̫ͫ;Star Player;CH|Jesse🧊,EMZ,1,100.0%,hotZone,Open Business,22/06/2026 22:45:07,#88PL8L2JC,NOVA |David,ENONA,ENOSIS NA,tournament
None_Open Business_#20P2GP99_#88PL8L2JC_#8Q2QUV00J_#L89GQV99P_#8PJ2C80RY_#Q8V8UU9QQ_COLETTE_EMZ_MORTIS_ROSA_FINX_LUMI,NA,#20P2GP99;#88PL8L2JC;#8Q2QUV00J;#L89GQV99P;#8PJ2C80RY;#Q8V8UU9QQ,HML|Ducky🐝;NOVA |David;Goatzuen🥷🏽;M͓aͥl͛e͓ͣk̫ͫ;Star Player;CH|Jesse🧊,MORTIS,1,100.0%,hotZone,Open Business,22/06/2026 22:45:07,#8Q2QUV00J,Goatzuen🥷🏽,ENONA,ENOSIS NA,tournament
None_Open Business_#20P2GP99_#88PL8L2JC_#8Q2QUV00J_#L89GQV99P_#8PJ2C80RY_#Q8V8UU9QQ_COLETTE_EMZ_MORTIS_ROSA_FINX_LUMI,NA,#20P2GP99;#88PL8L2JC;#8Q2QUV00J;#L89GQV99P;#8PJ2C80RY;#Q8V8UU9QQ,HML|Ducky🐝;NOVA |David;Goatzuen🥷🏽;M͓aͥl͛e͓ͣk̫ͫ;Star Player;CH|Jesse🧊,ROSA,0,0.0%,hotZone,Open Business,22/06/2026 22:45:07,#L89GQV99P,M͓aͥl͛e͓ͣk̫ͫ,OPONENTE_T1,DESCONHECIDO T1,tournament
None_Open Business_#20P2GP99_#88PL8L2JC_#8Q2QUV00J_#L89GQV99P_#8PJ2C80RY_#Q8V8UU9QQ_COLETTE_EMZ_MORTIS_ROSA_FINX_LUMI,NA,#20P2GP99;#88PL8L2JC;#8Q2QUV00J;#L89GQV99P;#8PJ2C80RY;#Q8V8UU9QQ,HML|Ducky🐝;NOVA |David;Goatzuen🥷🏽;M͓aͥl͛e͓ͣk̫ͫ;Star Player;CH|Jesse🧊,FINX,0,0.0%,hotZone,Open Business,22/06/2026 22:45:07,#8PJ2C80RY,Star Player,OPONENTE_T1,DESCONHECIDO T1,tournament
None_Open Business_#20P2GP99_#88PL8L2JC_#8Q2QUV00J_#L89GQV99P_#8PJ2C80RY_#Q8V8UU9QQ_COLETTE_EMZ_MORTIS_ROSA_FINX_LUMI,NA,#20P2GP99;#88PL8L2JC;#8Q2QUV00J;#L89GQV99P;#8PJ2C80RY;#Q8V8UU9QQ,HML|Ducky🐝;NOVA |David;Goatzuen🥷🏽;M͓aͥl͛e͓ͣk̫ͫ;Star Player;CH|Jesse🧊,LUMI,0,0.0%,hotZone,Open Business,22/06/2026 22:45:07,#Q8V8UU9QQ,CH|Jesse🧊,OPONENTE_T1,DESCONHECIDO T1,tournament
None_Hideout_#9LQ0JPJ2J_#29L8VP9Y8_#88PL8L2JC_BYRON_ALLI_BELLE,NA,#9LQ0JPJ2J;#29L8VP9Y8;#88PL8L2JC,Drop;RLM|Xander_z;NOVA |David,BYRON,0,0.0%,bounty,Hideout,22/06/2026 22:45:07,#9LQ0JPJ2J,Drop,OPONENTE_T0,DESCONHECIDO T0,friendly
None_Hideout_#9LQ0JPJ2J_#29L8VP9Y8_#88PL8L2JC_BYRON_ALLI_BELLE,NA,#9LQ0JPJ2J;#29L8VP9Y8;#88PL8L2JC,Drop;RLM|Xander_z;NOVA |David,ALLI,0,0.0%,bounty,Hideout,22/06/2026 22:45:07,#29L8VP9Y8,RLM|Xander_z,OPONENTE_T0,DESCONHECIDO T0,friendly
None_Hideout_#9LQ0JPJ2J_#29L8VP9Y8_#88PL8L2JC_BYRON_ALLI_BELLE,NA,#9LQ0JPJ2J;#29L8VP9Y8;#88PL8L2JC,Drop;RLM|Xander_z;NOVA |David,BELLE,0,0.0%,bounty,Hideout,22/06/2026 22:45:07,#88PL8L2JC,NOVA |David,OPONENTE_T0,DESCONHECIDO T0,friendly
None_Dry Season_#CVUCP8U0C_#8RVLRVYYP_#80PVPCC29_#8RCYUCCL0_#2208QGGGL_#28JLP02PR_BYRON_CORDELIUS_KAZE_MINA_KIT_GENE,EMEA,#CVUCP8U0C;#8RVLRVYYP;#80PVPCC29;#8RCYUCCL0;#2208QGGGL;#28JLP02PR,TheSilent🐞;TLB|Yei Yei;NAVI|Enraged;Deezent🇺🇦;BGT|Dompe;𝘌𝘓-𝘊𝘰𝘭𝘵🏴,BYRON,1,100.0%,bounty,Dry Season,22/06/2026 22:45:07,#CVUCP8U0C,TheSilent🐞,TLB,TALENTS LAB,friendly
None_Dry Season_#CVUCP8U0C_#8RVLRVYYP_#80PVPCC29_#8RCYUCCL0_#2208QGGGL_#28JLP02PR_BYRON_CORDELIUS_KAZE_MINA_KIT_GENE,EMEA,#CVUCP8U0C;#8RVLRVYYP;#80PVPCC29;#8RCYUCCL0;#2208QGGGL;#28JLP02PR,TheSilent🐞;TLB|Yei Yei;NAVI|Enraged;Deezent🇺🇦;BGT|Dompe;𝘌𝘓-𝘊𝘰𝘭𝘵🏴,CORDELIUS,1,100.0%,bounty,Dry Season,22/06/2026 22:45:07,#8RVLRVYYP,TLB|Yei Yei,TLB,TALENTS LAB,friendly
None_Dry Season_#CVUCP8U0C_#8RVLRVYYP_#80PVPCC29_#8RCYUCCL0_#2208QGGGL_#28JLP02PR_BYRON_CORDELIUS_KAZE_MINA_KIT_GENE,EMEA,#CVUCP8U0C;#8RVLRVYYP;#80PVPCC29;#8RCYUCCL0;#2208QGGGL;#28JLP02PR,TheSilent🐞;TLB|Yei Yei;NAVI|Enraged;Deezent🇺🇦;BGT|Dompe;𝘌𝘓-𝘊𝘰𝘭𝘵🏴,KAZE,1,100.0%,bounty,Dry Season,22/06/2026 22:45:07,#80PVPCC29,NAVI|Enraged,TLB,TALENTS LAB,friendly
None_Dry Season_#CVUCP8U0C_#8RVLRVYYP_#80PVPCC29_#8RCYUCCL0_#2208QGGGL_#28JLP02PR_BYRON_CORDELIUS_KAZE_MINA_KIT_GENE,EMEA,#CVUCP8U0C;#8RVLRVYYP;#80PVPCC29;#8RCYUCCL0;#2208QGGGL;#28JLP02PR,TheSilent🐞;TLB|Yei Yei;NAVI|Enraged;Deezent🇺🇦;BGT|Dompe;𝘌𝘓-𝘊𝘰𝘭𝘵🏴,MINA,0,0.0%,bounty,Dry Season,22/06/2026 22:45:07,#8RCYUCCL0,Deezent🇺🇦,KUMA,KUMA,friendly
None_Dry Season_#CVUCP8U0C_#8RVLRVYYP_#80PVPCC29_#8RCYUCCL0_#2208QGGGL_#28JLP02PR_BYRON_CORDELIUS_KAZE_MINA_KIT_GENE,EMEA,#CVUCP8U0C;#8RVLRVYYP;#80PVPCC29;#8RCYUCCL0;#2208QGGGL;#28JLP02PR,TheSilent🐞;TLB|Yei Yei;NAVI|Enraged;Deezent🇺🇦;BGT|Dompe;𝘌𝘓-𝘊𝘰𝘭𝘵🏴,KIT,0,0.0%,bounty,Dry Season,22/06/2026 22:45:07,#2208QGGGL,BGT|Dompe,KUMA,KUMA,friendly
None_Dry Season_#CVUCP8U0C_#8RVLRVYYP_#80PVPCC29_#8RCYUCCL0_#2208QGGGL_#28JLP02PR_BYRON_CORDELIUS_KAZE_MINA_KIT_GENE,EMEA,#CVUCP8U0C;#8RVLRVYYP;#80PVPCC29;#8RCYUCCL0;#2208QGGGL;#28JLP02PR,TheSilent🐞;TLB|Yei Yei;NAVI|Enraged;Deezent🇺🇦;BGT|Dompe;𝘌𝘓-𝘊𝘰𝘭𝘵🏴,GENE,0,0.0%,bounty,Dry Season,22/06/2026 22:45:07,#28JLP02PR,𝘌𝘓-𝘊𝘰𝘭𝘵🏴,KUMA,KUMA,friendly
None_Crystal Arcade_#2208QGGGL_#28JLP02PR_#8RVLRVYYP_#2VP08LCV20_#8RCYUCCL0_#CVUCP8U0C_NITA_KENJI_LUMI_STU_ASH_KIT,EMEA,#2208QGGGL;#28JLP02PR;#8RVLRVYYP;#2VP08LCV20;#8RCYUCCL0;#CVUCP8U0C,BGT|Dompe;𝘌𝘓-𝘊𝘰𝘭𝘵🏴;TLB|Yei Yei;Juunglé🥇;Deezent🇺🇦;TheSilent🐞,NITA,1,100.0%,gemGrab,Crystal Arcade,22/06/2026 22:45:07,#2208QGGGL,BGT|Dompe,KUMA,KUMA,friendly
None_Crystal Arcade_#2208QGGGL_#28JLP02PR_#8RVLRVYYP_#2VP08LCV20_#8RCYUCCL0_#CVUCP8U0C_NITA_KENJI_LUMI_STU_ASH_KIT,EMEA,#2208QGGGL;#28JLP02PR;#8RVLRVYYP;#2VP08LCV20;#8RCYUCCL0;#CVUCP8U0C,BGT|Dompe;𝘌𝘓-𝘊𝘰𝘭𝘵🏴;TLB|Yei Yei;Juunglé🥇;Deezent🇺🇦;TheSilent🐞,KENJI,1,100.0%,gemGrab,Crystal Arcade,22/06/2026 22:45:07,#28JLP02PR,𝘌𝘓-𝘊𝘰𝘭𝘵🏴,KUMA,KUMA,friendly
None_Crystal Arcade_#2208QGGGL_#28JLP02PR_#8RVLRVYYP_#2VP08LCV20_#8RCYUCCL0_#CVUCP8U0C_NITA_KENJI_LUMI_STU_ASH_KIT,EMEA,#2208QGGGL;#28JLP02PR;#8RVLRVYYP;#2VP08LCV20;#8RCYUCCL0;#CVUCP8U0C,BGT|Dompe;𝘌𝘓-𝘊𝘰𝘭𝘵🏴;TLB|Yei Yei;Juunglé🥇;Deezent🇺🇦;TheSilent🐞,LUMI,1,100.0%,gemGrab,Crystal Arcade,22/06/2026 22:45:07,#8RVLRVYYP,TLB|Yei Yei,KUMA,KUMA,friendly
None_Crystal Arcade_#2208QGGGL_#28JLP02PR_#8RVLRVYYP_#2VP08LCV20_#8RCYUCCL0_#CVUCP8U0C_NITA_KENJI_LUMI_STU_ASH_KIT,EMEA,#2208QGGGL;#28JLP02PR;#8RVLRVYYP;#2VP08LCV20;#8RCYUCCL0;#CVUCP8U0C,BGT|Dompe;𝘌𝘓-𝘊𝘰𝘭𝘵🏴;TLB|Yei Yei;Juunglé🥇;Deezent🇺🇦;TheSilent🐞,STU,0,0.0%,gemGrab,Crystal Arcade,22/06/2026 22:45:07,#2VP08LCV20,Juunglé🥇,OPONENTE_T1,DESCONHECIDO T1,friendly
None_Crystal Arcade_#2208QGGGL_#28JLP02PR_#8RVLRVYYP_#2VP08LCV20_#8RCYUCCL0_#CVUCP8U0C_NITA_KENJI_LUMI_STU_ASH_KIT,EMEA,#2208QGGGL;#28JLP02PR;#8RVLRVYYP;#2VP08LCV20;#8RCYUCCL0;#CVUCP8U0C,BGT|Dompe;𝘌𝘓-𝘊𝘰𝘭𝘵🏴;TLB|Yei Yei;Juunglé🥇;Deezent🇺🇦;TheSilent🐞,ASH,0,0.0%,gemGrab,Crystal Arcade,22/06/2026 22:45:07,#8RCYUCCL0,Deezent🇺🇦,OPONENTE_T1,DESCONHECIDO T1,friendly
None_Crystal Arcade_#2208QGGGL_#28JLP02PR_#8RVLRVYYP_#2VP08LCV20_#8RCYUCCL0_#CVUCP8U0C_NITA_KENJI_LUMI_STU_ASH_KIT,EMEA,#2208QGGGL;#28JLP02PR;#8RVLRVYYP;#2VP08LCV20;#8RCYUCCL0;#CVUCP8U0C,BGT|Dompe;𝘌𝘓-𝘊𝘰𝘭𝘵🏴;TLB|Yei Yei;Juunglé🥇;Deezent🇺🇦;TheSilent🐞,KIT,0,0.0%,gemGrab,Crystal Arcade,22/06/2026 22:45:07,#CVUCP8U0C,TheSilent🐞,OPONENTE_T1,DESCONHECIDO T1,friendly
None_Pinball Dreams_#LPYU88QQ2_#9GRJP99LY_#2RUJQ98U8_#2208QGGGL_#L82Y9V9V_#2VPL29LG0_CROW_EMZ_LEON_SHADE_CHARLIE_MORTIS,EMEA,#LPYU88QQ2;#9GRJP99LY;#2RUJQ98U8;#2208QGGGL;#L82Y9V9V;#2VPL29LG0,RizzAngel🎖;Coverzmc;ZEN|Nickabii🪬;BGT|Dompe;TTV|jesus_bs_🐐;Tryhard,CROW,0,0.0%,brawlBall,Pinball Dreams,22/06/2026 22:45:07,#LPYU88QQ2,RizzAngel🎖,OPONENTE_T0,DESCONHECIDO T0,tournament
None_Pinball Dreams_#LPYU88QQ2_#9GRJP99LY_#2RUJQ98U8_#2208QGGGL_#L82Y9V9V_#2VPL29LG0_CROW_EMZ_LEON_SHADE_CHARLIE_MORTIS,EMEA,#LPYU88QQ2;#9GRJP99LY;#2RUJQ98U8;#2208QGGGL;#L82Y9V9V;#2VPL29LG0,RizzAngel🎖;Coverzmc;ZEN|Nickabii🪬;BGT|Dompe;TTV|jesus_bs_🐐;Tryhard,EMZ,0,0.0%,brawlBall,Pinball Dreams,22/06/2026 22:45:07,#9GRJP99LY,Coverzmc,OPONENTE_T0,DESCONHECIDO T0,tournament
None_Pinball Dreams_#LPYU88QQ2_#9GRJP99LY_#2RUJQ98U8_#2208QGGGL_#L82Y9V9V_#2VPL29LG0_CROW_EMZ_LEON_SHADE_CHARLIE_MORTIS,EMEA,#LPYU88QQ2;#9GRJP99LY;#2RUJQ98U8;#2208QGGGL;#L82Y9V9V;#2VPL29LG0,RizzAngel🎖;Coverzmc;ZEN|Nickabii🪬;BGT|Dompe;TTV|jesus_bs_🐐;Tryhard,LEON,0,0.0%,brawlBall,Pinball Dreams,22/06/2026 22:45:07,#2RUJQ98U8,ZEN|Nickabii🪬,OPONENTE_T0,DESCONHECIDO T0,tournament
None_Pinball Dreams_#LPYU88QQ2_#9GRJP99LY_#2RUJQ98U8_#2208QGGGL_#L82Y9V9V_#2VPL29LG0_CROW_EMZ_LEON_SHADE_CHARLIE_MORTIS,EMEA,#LPYU88QQ2;#9GRJP99LY;#2RUJQ98U8;#2208QGGGL;#L82Y9V9V;#2VPL29LG0,RizzAngel🎖;Coverzmc;ZEN|Nickabii🪬;BGT|Dompe;TTV|jesus_bs_🐐;Tryhard,SHADE,1,100.0%,brawlBall,Pinball Dreams,22/06/2026 22:45:07,#2208QGGGL,BGT|Dompe,KUMA,KUMA,tournament
None_Pinball Dreams_#LPYU88QQ2_#9GRJP99LY_#2RUJQ98U8_#2208QGGGL_#L82Y9V9V_#2VPL29LG0_CROW_EMZ_LEON_SHADE_CHARLIE_MORTIS,EMEA,#LPYU88QQ2;#9GRJP99LY;#2RUJQ98U8;#2208QGGGL;#L82Y9V9V;#2VPL29LG0,RizzAngel🎖;Coverzmc;ZEN|Nickabii🪬;BGT|Dompe;TTV|jesus_bs_🐐;Tryhard,CHARLIE,1,100.0%,brawlBall,Pinball Dreams,22/06/2026 22:45:07,#L82Y9V9V,TTV|jesus_bs_🐐,KUMA,KUMA,tournament
None_Pinball Dreams_#LPYU88QQ2_#9GRJP99LY_#2RUJQ98U8_#2208QGGGL_#L82Y9V9V_#2VPL29LG0_CROW_EMZ_LEON_SHADE_CHARLIE_MORTIS,EMEA,#LPYU88QQ2;#9GRJP99LY;#2RUJQ98U8;#2208QGGGL;#L82Y9V9V;#2VPL29LG0,RizzAngel🎖;Coverzmc;ZEN|Nickabii🪬;BGT|Dompe;TTV|jesus_bs_🐐;Tryhard,MORTIS,1,100.0%,brawlBall,Pinball Dreams,22/06/2026 22:45:07,#2VPL29LG0,Tryhard,KUMA,KUMA,tournament
None_Hard Rock Mine_#LPYU88QQ2_#9GRJP99LY_#2RUJQ98U8_#L82Y9V9V_#2208QGGGL_#2VPL29LG0_LUMI_KIT_RUFFS_CROW_TRUNK_NITA,EMEA,#LPYU88QQ2;#9GRJP99LY;#2RUJQ98U8;#L82Y9V9V;#2208QGGGL;#2VPL29LG0,RizzAngel🎖;Coverzmc;ZEN|Nickabii🪬;TTV|jesus_bs_🐐;BGT|Dompe;Tryhard,LUMI,0,0.0%,gemGrab,Hard Rock Mine,22/06/2026 22:45:07,#LPYU88QQ2,RizzAngel🎖,OPONENTE_T0,DESCONHECIDO T0,tournament
None_Hard Rock Mine_#LPYU88QQ2_#9GRJP99LY_#2RUJQ98U8_#L82Y9V9V_#2208QGGGL_#2VPL29LG0_LUMI_KIT_RUFFS_CROW_TRUNK_NITA,EMEA,#LPYU88QQ2;#9GRJP99LY;#2RUJQ98U8;#L82Y9V9V;#2208QGGGL;#2VPL29LG0,RizzAngel🎖;Coverzmc;ZEN|Nickabii🪬;TTV|jesus_bs_🐐;BGT|Dompe;Tryhard,KIT,0,0.0%,gemGrab,Hard Rock Mine,22/06/2026 22:45:07,#9GRJP99LY,Coverzmc,OPONENTE_T0,DESCONHECIDO T0,tournament
None_Hard Rock Mine_#LPYU88QQ2_#9GRJP99LY_#2RUJQ98U8_#L82Y9V9V_#2208QGGGL_#2VPL29LG0_LUMI_KIT_RUFFS_CROW_TRUNK_NITA,EMEA,#LPYU88QQ2;#9GRJP99LY;#2RUJQ98U8;#L82Y9V9V;#2208QGGGL;#2VPL29LG0,RizzAngel🎖;Coverzmc;ZEN|Nickabii🪬;TTV|jesus_bs_🐐;BGT|Dompe;Tryhard,RUFFS,0,0.0%,gemGrab,Hard Rock Mine,22/06/2026 22:45:07,#2RUJQ98U8,ZEN|Nickabii🪬,OPONENTE_T0,DESCONHECIDO T0,tournament
None_Hard Rock Mine_#LPYU88QQ2_#9GRJP99LY_#2RUJQ98U8_#L82Y9V9V_#2208QGGGL_#2VPL29LG0_LUMI_KIT_RUFFS_CROW_TRUNK_NITA,EMEA,#LPYU88QQ2;#9GRJP99LY;#2RUJQ98U8;#L82Y9V9V;#2208QGGGL;#2VPL29LG0,RizzAngel🎖;Coverzmc;ZEN|Nickabii🪬;TTV|jesus_bs_🐐;BGT|Dompe;Tryhard,CROW,1,100.0%,gemGrab,Hard Rock Mine,22/06/2026 22:45:07,#L82Y9V9V,TTV|jesus_bs_🐐,KUMA,KUMA,tournament
None_Hard Rock Mine_#LPYU88QQ2_#9GRJP99LY_#2RUJQ98U8_#L82Y9V9V_#2208QGGGL_#2VPL29LG0_LUMI_KIT_RUFFS_CROW_TRUNK_NITA,EMEA,#LPYU88QQ2;#9GRJP99LY;#2RUJQ98U8;#L82Y9V9V;#2208QGGGL;#2VPL29LG0,RizzAngel🎖;Coverzmc;ZEN|Nickabii🪬;TTV|jesus_bs_🐐;BGT|Dompe;Tryhard,TRUNK,1,100.0%,gemGrab,Hard Rock Mine,22/06/2026 22:45:07,#2208QGGGL,BGT|Dompe,KUMA,KUMA,tournament
None_Hard Rock Mine_#LPYU88QQ2_#9GRJP99LY_#2RUJQ98U8_#L82Y9V9V_#2208QGGGL_#2VPL29LG0_LUMI_KIT_RUFFS_CROW_TRUNK_NITA,EMEA,#LPYU88QQ2;#9GRJP99LY;#2RUJQ98U8;#L82Y9V9V;#2208QGGGL;#2VPL29LG0,RizzAngel🎖;Coverzmc;ZEN|Nickabii🪬;TTV|jesus_bs_🐐;BGT|Dompe;Tryhard,NITA,1,100.0%,gemGrab,Hard Rock Mine,22/06/2026 22:45:07,#2VPL29LG0,Tryhard,KUMA,KUMA,tournament
None_Dry Season_#2208QGGGL_#L82Y9V9V_#2VPL29LG0_#QGRURP9RR_#8P89PVRQC_#809PYV2L0_PIERCE_DAMIAN_BYRON_MINA_8-BIT_GENE,EMEA,#2208QGGGL;#L82Y9V9V;#2VPL29LG0;#QGRURP9RR;#8P89PVRQC;#809PYV2L0,BGT|Dompe;TTV|jesus_bs_🐐;Tryhard;zeenxeeq :P;𝒲𝒾𝓁𝑜𝓇𝒾♥;бодя в праймі🦧,PIERCE,1,100.0%,bounty,Dry Season,22/06/2026 22:45:07,#2208QGGGL,BGT|Dompe,KUMA,KUMA,tournament
None_Dry Season_#2208QGGGL_#L82Y9V9V_#2VPL29LG0_#QGRURP9RR_#8P89PVRQC_#809PYV2L0_PIERCE_DAMIAN_BYRON_MINA_8-BIT_GENE,EMEA,#2208QGGGL;#L82Y9V9V;#2VPL29LG0;#QGRURP9RR;#8P89PVRQC;#809PYV2L0,BGT|Dompe;TTV|jesus_bs_🐐;Tryhard;zeenxeeq :P;𝒲𝒾𝓁𝑜𝓇𝒾♥;бодя в праймі🦧,DAMIAN,1,100.0%,bounty,Dry Season,22/06/2026 22:45:07,#L82Y9V9V,TTV|jesus_bs_🐐,KUMA,KUMA,tournament
None_Dry Season_#2208QGGGL_#L82Y9V9V_#2VPL29LG0_#QGRURP9RR_#8P89PVRQC_#809PYV2L0_PIERCE_DAMIAN_BYRON_MINA_8-BIT_GENE,EMEA,#2208QGGGL;#L82Y9V9V;#2VPL29LG0;#QGRURP9RR;#8P89PVRQC;#809PYV2L0,BGT|Dompe;TTV|jesus_bs_🐐;Tryhard;zeenxeeq :P;𝒲𝒾𝓁𝑜𝓇𝒾♥;бодя в праймі🦧,BYRON,1,100.0%,bounty,Dry Season,22/06/2026 22:45:07,#2VPL29LG0,Tryhard,KUMA,KUMA,tournament
None_Dry Season_#2208QGGGL_#L82Y9V9V_#2VPL29LG0_#QGRURP9RR_#8P89PVRQC_#809PYV2L0_PIERCE_DAMIAN_BYRON_MINA_8-BIT_GENE,EMEA,#2208QGGGL;#L82Y9V9V;#2VPL29LG0;#QGRURP9RR;#8P89PVRQC;#809PYV2L0,BGT|Dompe;TTV|jesus_bs_🐐;Tryhard;zeenxeeq :P;𝒲𝒾𝓁𝑜𝓇𝒾♥;бодя в праймі🦧,MINA,0,0.0%,bounty,Dry Season,22/06/2026 22:45:07,#QGRURP9RR,zeenxeeq :P,OPONENTE_T1,DESCONHECIDO T1,tournament
None_Dry Season_#2208QGGGL_#L82Y9V9V_#2VPL29LG0_#QGRURP9RR_#8P89PVRQC_#809PYV2L0_PIERCE_DAMIAN_BYRON_MINA_8-BIT_GENE,EMEA,#2208QGGGL;#L82Y9V9V;#2VPL29LG0;#QGRURP9RR;#8P89PVRQC;#809PYV2L0,BGT|Dompe;TTV|jesus_bs_🐐;Tryhard;zeenxeeq :P;𝒲𝒾𝓁𝑜𝓇𝒾♥;бодя в праймі🦧,8-BIT,0,0.0%,bounty,Dry Season,22/06/2026 22:45:07,#8P89PVRQC,𝒲𝒾𝓁𝑜𝓇𝒾♥,OPONENTE_T1,DESCONHECIDO T1,tournament
None_Dry Season_#2208QGGGL_#L82Y9V9V_#2VPL29LG0_#QGRURP9RR_#8P89PVRQC_#809PYV2L0_PIERCE_DAMIAN_BYRON_MINA_8-BIT_GENE,EMEA,#2208QGGGL;#L82Y9V9V;#2VPL29LG0;#QGRURP9RR;#8P89PVRQC;#809PYV2L0,BGT|Dompe;TTV|jesus_bs_🐐;Tryhard;zeenxeeq :P;𝒲𝒾𝓁𝑜𝓇𝒾♥;бодя в праймі🦧,GENE,0,0.0%,bounty,Dry Season,22/06/2026 22:45:07,#809PYV2L0,бодя в праймі🦧,OPONENTE_T1,DESCONHECIDO T1,tournament
None_Pinball Dreams_#L82Y9V9V_#2208QGGGL_#2VPL29LG0_#QGRURP9RR_#8P89PVRQC_#809PYV2L0_CHESTER_STARR NOVA_CHARLIE_OTIS_STU_WILLOW,EMEA,#L82Y9V9V;#2208QGGGL;#2VPL29LG0;#QGRURP9RR;#8P89PVRQC;#809PYV2L0,TTV|jesus_bs_🐐;BGT|Dompe;Tryhard;zeenxeeq :P;𝒲𝒾𝓁𝑜𝓇𝒾♥;бодя в праймі🦧,CHESTER,1,100.0%,brawlBall,Pinball Dreams,22/06/2026 22:45:07,#L82Y9V9V,TTV|jesus_bs_🐐,KUMA,KUMA,tournament
None_Pinball Dreams_#L82Y9V9V_#2208QGGGL_#2VPL29LG0_#QGRURP9RR_#8P89PVRQC_#809PYV2L0_CHESTER_STARR NOVA_CHARLIE_OTIS_STU_WILLOW,EMEA,#L82Y9V9V;#2208QGGGL;#2VPL29LG0;#QGRURP9RR;#8P89PVRQC;#809PYV2L0,TTV|jesus_bs_🐐;BGT|Dompe;Tryhard;zeenxeeq :P;𝒲𝒾𝓁𝑜𝓇𝒾♥;бодя в праймі🦧,STARR NOVA,1,100.0%,brawlBall,Pinball Dreams,22/06/2026 22:45:07,#2208QGGGL,BGT|Dompe,KUMA,KUMA,tournament
None_Pinball Dreams_#L82Y9V9V_#2208QGGGL_#2VPL29LG0_#QGRURP9RR_#8P89PVRQC_#809PYV2L0_CHESTER_STARR NOVA_CHARLIE_OTIS_STU_WILLOW,EMEA,#L82Y9V9V;#2208QGGGL;#2VPL29LG0;#QGRURP9RR;#8P89PVRQC;#809PYV2L0,TTV|jesus_bs_🐐;BGT|Dompe;Tryhard;zeenxeeq :P;𝒲𝒾𝓁𝑜𝓇𝒾♥;бодя в праймі🦧,CHARLIE,1,100.0%,brawlBall,Pinball Dreams,22/06/2026 22:45:07,#2VPL29LG0,Tryhard,KUMA,KUMA,tournament
None_Pinball Dreams_#L82Y9V9V_#2208QGGGL_#2VPL29LG0_#QGRURP9RR_#8P89PVRQC_#809PYV2L0_CHESTER_STARR NOVA_CHARLIE_OTIS_STU_WILLOW,EMEA,#L82Y9V9V;#2208QGGGL;#2VPL29LG0;#QGRURP9RR;#8P89PVRQC;#809PYV2L0,TTV|jesus_bs_🐐;BGT|Dompe;Tryhard;zeenxeeq :P;𝒲𝒾𝓁𝑜𝓇𝒾♥;бодя в праймі🦧,OTIS,0,0.0%,brawlBall,Pinball Dreams,22/06/2026 22:45:07,#QGRURP9RR,zeenxeeq :P,OPONENTE_T1,DESCONHECIDO T1,tournament
None_Pinball Dreams_#L82Y9V9V_#2208QGGGL_#2VPL29LG0_#QGRURP9RR_#8P89PVRQC_#809PYV2L0_CHESTER_STARR NOVA_CHARLIE_OTIS_STU_WILLOW,EMEA,#L82Y9V9V;#2208QGGGL;#2VPL29LG0;#QGRURP9RR;#8P89PVRQC;#809PYV2L0,TTV|jesus_bs_🐐;BGT|Dompe;Tryhard;zeenxeeq :P;𝒲𝒾𝓁𝑜𝓇𝒾♥;бодя в праймі🦧,STU,0,0.0%,brawlBall,Pinball Dreams,22/06/2026 22:45:07,#8P89PVRQC,𝒲𝒾𝓁𝑜𝓇𝒾♥,OPONENTE_T1,DESCONHECIDO T1,tournament
None_Pinball Dreams_#L82Y9V9V_#2208QGGGL_#2VPL29LG0_#QGRURP9RR_#8P89PVRQC_#809PYV2L0_CHESTER_STARR NOVA_CHARLIE_OTIS_STU_WILLOW,EMEA,#L82Y9V9V;#2208QGGGL;#2VPL29LG0;#QGRURP9RR;#8P89PVRQC;#809PYV2L0,TTV|jesus_bs_🐐;BGT|Dompe;Tryhard;zeenxeeq :P;𝒲𝒾𝓁𝑜𝓇𝒾♥;бодя в праймі🦧,WILLOW,0,0.0%,brawlBall,Pinball Dreams,22/06/2026 22:45:07,#809PYV2L0,бодя в праймі🦧,OPONENTE_T1,DESCONHECIDO T1,tournament
None_Gem Fort_#L82Y9V9V_#2208QGGGL_#2VPL29LG0_#QGRURP9RR_#8P89PVRQC_#809PYV2L0_CHESTER_SANDY_LUMI_EDGAR_OTIS_TARA,EMEA,#L82Y9V9V;#2208QGGGL;#2VPL29LG0;#QGRURP9RR;#8P89PVRQC;#809PYV2L0,TTV|jesus_bs_🐐;BGT|Dompe;Tryhard;zeenxeeq :P;𝒲𝒾𝓁𝑜𝓇𝒾♥;бодя в праймі🦧,CHESTER,0,0.0%,gemGrab,Gem Fort,22/06/2026 22:45:07,#L82Y9V9V,TTV|jesus_bs_🐐,KUMA,KUMA,tournament
None_Gem Fort_#L82Y9V9V_#2208QGGGL_#2VPL29LG0_#QGRURP9RR_#8P89PVRQC_#809PYV2L0_CHESTER_SANDY_LUMI_EDGAR_OTIS_TARA,EMEA,#L82Y9V9V;#2208QGGGL;#2VPL29LG0;#QGRURP9RR;#8P89PVRQC;#809PYV2L0,TTV|jesus_bs_🐐;BGT|Dompe;Tryhard;zeenxeeq :P;𝒲𝒾𝓁𝑜𝓇𝒾♥;бодя в праймі🦧,SANDY,0,0.0%,gemGrab,Gem Fort,22/06/2026 22:45:07,#2208QGGGL,BGT|Dompe,KUMA,KUMA,tournament
None_Gem Fort_#L82Y9V9V_#2208QGGGL_#2VPL29LG0_#QGRURP9RR_#8P89PVRQC_#809PYV2L0_CHESTER_SANDY_LUMI_EDGAR_OTIS_TARA,EMEA,#L82Y9V9V;#2208QGGGL;#2VPL29LG0;#QGRURP9RR;#8P89PVRQC;#809PYV2L0,TTV|jesus_bs_🐐;BGT|Dompe;Tryhard;zeenxeeq :P;𝒲𝒾𝓁𝑜𝓇𝒾♥;бодя в праймі🦧,LUMI,0,0.0%,gemGrab,Gem Fort,22/06/2026 22:45:07,#2VPL29LG0,Tryhard,KUMA,KUMA,tournament
None_Gem Fort_#L82Y9V9V_#2208QGGGL_#2VPL29LG0_#QGRURP9RR_#8P89PVRQC_#809PYV2L0_CHESTER_SANDY_LUMI_EDGAR_OTIS_TARA,EMEA,#L82Y9V9V;#2208QGGGL;#2VPL29LG0;#QGRURP9RR;#8P89PVRQC;#809PYV2L0,TTV|jesus_bs_🐐;BGT|Dompe;Tryhard;zeenxeeq :P;𝒲𝒾𝓁𝑜𝓇𝒾♥;бодя в праймі🦧,EDGAR,1,100.0%,gemGrab,Gem Fort,22/06/2026 22:45:07,#QGRURP9RR,zeenxeeq :P,OPONENTE_T1,DESCONHECIDO T1,tournament
None_Gem Fort_#L82Y9V9V_#2208QGGGL_#2VPL29LG0_#QGRURP9RR_#8P89PVRQC_#809PYV2L0_CHESTER_SANDY_LUMI_EDGAR_OTIS_TARA,EMEA,#L82Y9V9V;#2208QGGGL;#2VPL29LG0;#QGRURP9RR;#8P89PVRQC;#809PYV2L0,TTV|jesus_bs_🐐;BGT|Dompe;Tryhard;zeenxeeq :P;𝒲𝒾𝓁𝑜𝓇𝒾♥;бодя в праймі🦧,OTIS,1,100.0%,gemGrab,Gem Fort,22/06/2026 22:45:07,#8P89PVRQC,𝒲𝒾𝓁𝑜𝓇𝒾♥,OPONENTE_T1,DESCONHECIDO T1,tournament
None_Gem Fort_#L82Y9V9V_#2208QGGGL_#2VPL29LG0_#QGRURP9RR_#8P89PVRQC_#809PYV2L0_CHESTER_SANDY_LUMI_EDGAR_OTIS_TARA,EMEA,#L82Y9V9V;#2208QGGGL;#2VPL29LG0;#QGRURP9RR;#8P89PVRQC;#809PYV2L0,TTV|jesus_bs_🐐;BGT|Dompe;Tryhard;zeenxeeq :P;𝒲𝒾𝓁𝑜𝓇𝒾♥;бодя в праймі🦧,TARA,1,100.0%,gemGrab,Gem Fort,22/06/2026 22:45:07,#809PYV2L0,бодя в праймі🦧,OPONENTE_T1,DESCONHECIDO T1,tournament
None_None_#2208QGGGL_#Q808R2CV_CHESTER_CHESTER,EMEA,#2208QGGGL;#Q808R2CV,BGT|Dompe;BGT|Nes,CHESTER,0,0.0%,bounty,,22/06/2026 22:45:07,#2208QGGGL,BGT|Dompe,KUMA,KUMA,friendly
None_None_#2208QGGGL_#Q808R2CV_CHESTER_CHESTER,EMEA,#2208QGGGL;#Q808R2CV,BGT|Dompe;BGT|Nes,CHESTER,0,0.0%,bounty,,22/06/2026 22:45:07,#Q808R2CV,BGT|Nes,KUMA,KUMA,friendly
None_Gem Fort_#2RR2RU8UL_#92YGVR8C_#28JLP02PR_#YU8C0C2PV_#80PVPCC29_#2VG8U2900_MORTIS_RUFFS_CHESTER_OTIS_MINA_NAJIA,EMEA,#2RR2RU8UL;#92YGVR8C;#28JLP02PR;#YU8C0C2PV;#80PVPCC29;#2VG8U2900,Ćiro🩵;Yuffy 🐳;𝘌𝘓-𝘊𝘰𝘭𝘵🏴;Cyclone;NAVI|Enraged;Extrigotin🦣,MORTIS,0,0.0%,gemGrab,Gem Fort,22/06/2026 22:45:07,#2RR2RU8UL,Ćiro🩵,OPONENTE_T0,DESCONHECIDO T0,friendly
None_Gem Fort_#2RR2RU8UL_#92YGVR8C_#28JLP02PR_#YU8C0C2PV_#80PVPCC29_#2VG8U2900_MORTIS_RUFFS_CHESTER_OTIS_MINA_NAJIA,EMEA,#2RR2RU8UL;#92YGVR8C;#28JLP02PR;#YU8C0C2PV;#80PVPCC29;#2VG8U2900,Ćiro🩵;Yuffy 🐳;𝘌𝘓-𝘊𝘰𝘭𝘵🏴;Cyclone;NAVI|Enraged;Extrigotin🦣,RUFFS,0,0.0%,gemGrab,Gem Fort,22/06/2026 22:45:07,#92YGVR8C,Yuffy 🐳,OPONENTE_T0,DESCONHECIDO T0,friendly
None_Gem Fort_#2RR2RU8UL_#92YGVR8C_#28JLP02PR_#YU8C0C2PV_#80PVPCC29_#2VG8U2900_MORTIS_RUFFS_CHESTER_OTIS_MINA_NAJIA,EMEA,#2RR2RU8UL;#92YGVR8C;#28JLP02PR;#YU8C0C2PV;#80PVPCC29;#2VG8U2900,Ćiro🩵;Yuffy 🐳;𝘌𝘓-𝘊𝘰𝘭𝘵🏴;Cyclone;NAVI|Enraged;Extrigotin🦣,CHESTER,0,0.0%,gemGrab,Gem Fort,22/06/2026 22:45:07,#28JLP02PR,𝘌𝘓-𝘊𝘰𝘭𝘵🏴,OPONENTE_T0,DESCONHECIDO T0,friendly
None_Gem Fort_#2RR2RU8UL_#92YGVR8C_#28JLP02PR_#YU8C0C2PV_#80PVPCC29_#2VG8U2900_MORTIS_RUFFS_CHESTER_OTIS_MINA_NAJIA,EMEA,#2RR2RU8UL;#92YGVR8C;#28JLP02PR;#YU8C0C2PV;#80PVPCC29;#2VG8U2900,Ćiro🩵;Yuffy 🐳;𝘌𝘓-𝘊𝘰𝘭𝘵🏴;Cyclone;NAVI|Enraged;Extrigotin🦣,OTIS,1,100.0%,gemGrab,Gem Fort,22/06/2026 22:45:07,#YU8C0C2PV,Cyclone,NAVI,NAVI,friendly
None_Gem Fort_#2RR2RU8UL_#92YGVR8C_#28JLP02PR_#YU8C0C2PV_#80PVPCC29_#2VG8U2900_MORTIS_RUFFS_CHESTER_OTIS_MINA_NAJIA,EMEA,#2RR2RU8UL;#92YGVR8C;#28JLP02PR;#YU8C0C2PV;#80PVPCC29;#2VG8U2900,Ćiro🩵;Yuffy 🐳;𝘌𝘓-𝘊𝘰𝘭𝘵🏴;Cyclone;NAVI|Enraged;Extrigotin🦣,MINA,1,100.0%,gemGrab,Gem Fort,22/06/2026 22:45:07,#80PVPCC29,NAVI|Enraged,NAVI,NAVI,friendly
None_Gem Fort_#2RR2RU8UL_#92YGVR8C_#28JLP02PR_#YU8C0C2PV_#80PVPCC29_#2VG8U2900_MORTIS_RUFFS_CHESTER_OTIS_MINA_NAJIA,EMEA,#2RR2RU8UL;#92YGVR8C;#28JLP02PR;#YU8C0C2PV;#80PVPCC29;#2VG8U2900,Ćiro🩵;Yuffy 🐳;𝘌𝘓-𝘊𝘰𝘭𝘵🏴;Cyclone;NAVI|Enraged;Extrigotin🦣,NAJIA,1,100.0%,gemGrab,Gem Fort,22/06/2026 22:45:07,#2VG8U2900,Extrigotin🦣,NAVI,NAVI,friendly
None_Safe Zone_#8RCYUCCL0_#8RVLRVYYP_#YU8C0C2PV_#2VP08LCV20_#80PVPCC29_#28JLP02PR_COLETTE_CROW_MAX_MINA_CHESTER_MEEPLE,EMEA,#8RCYUCCL0;#8RVLRVYYP;#YU8C0C2PV;#2VP08LCV20;#80PVPCC29;#28JLP02PR,Deezent🇺🇦;TLB|Yei Yei;Cyclone;Juunglé🥇;NAVI|Enraged;𝘌𝘓-𝘊𝘰𝘭𝘵🏴,COLETTE,0,0.0%,heist,Safe Zone,22/06/2026 22:45:07,#8RCYUCCL0,Deezent🇺🇦,TLB,TALENTS LAB,friendly
None_Safe Zone_#8RCYUCCL0_#8RVLRVYYP_#YU8C0C2PV_#2VP08LCV20_#80PVPCC29_#28JLP02PR_COLETTE_CROW_MAX_MINA_CHESTER_MEEPLE,EMEA,#8RCYUCCL0;#8RVLRVYYP;#YU8C0C2PV;#2VP08LCV20;#80PVPCC29;#28JLP02PR,Deezent🇺🇦;TLB|Yei Yei;Cyclone;Juunglé🥇;NAVI|Enraged;𝘌𝘓-𝘊𝘰𝘭𝘵🏴,CROW,0,0.0%,heist,Safe Zone,22/06/2026 22:45:07,#8RVLRVYYP,TLB|Yei Yei,TLB,TALENTS LAB,friendly
None_Safe Zone_#8RCYUCCL0_#8RVLRVYYP_#YU8C0C2PV_#2VP08LCV20_#80PVPCC29_#28JLP02PR_COLETTE_CROW_MAX_MINA_CHESTER_MEEPLE,EMEA,#8RCYUCCL0;#8RVLRVYYP;#YU8C0C2PV;#2VP08LCV20;#80PVPCC29;#28JLP02PR,Deezent🇺🇦;TLB|Yei Yei;Cyclone;Juunglé🥇;NAVI|Enraged;𝘌𝘓-𝘊𝘰𝘭𝘵🏴,MAX,0,0.0%,heist,Safe Zone,22/06/2026 22:45:07,#YU8C0C2PV,Cyclone,TLB,TALENTS LAB,friendly
None_Safe Zone_#8RCYUCCL0_#8RVLRVYYP_#YU8C0C2PV_#2VP08LCV20_#80PVPCC29_#28JLP02PR_COLETTE_CROW_MAX_MINA_CHESTER_MEEPLE,EMEA,#8RCYUCCL0;#8RVLRVYYP;#YU8C0C2PV;#2VP08LCV20;#80PVPCC29;#28JLP02PR,Deezent🇺🇦;TLB|Yei Yei;Cyclone;Juunglé🥇;NAVI|Enraged;𝘌𝘓-𝘊𝘰𝘭𝘵🏴,MINA,1,100.0%,heist,Safe Zone,22/06/2026 22:45:07,#2VP08LCV20,Juunglé🥇,NAVI,NAVI,friendly
None_Safe Zone_#8RCYUCCL0_#8RVLRVYYP_#YU8C0C2PV_#2VP08LCV20_#80PVPCC29_#28JLP02PR_COLETTE_CROW_MAX_MINA_CHESTER_MEEPLE,EMEA,#8RCYUCCL0;#8RVLRVYYP;#YU8C0C2PV;#2VP08LCV20;#80PVPCC29;#28JLP02PR,Deezent🇺🇦;TLB|Yei Yei;Cyclone;Juunglé🥇;NAVI|Enraged;𝘌𝘓-𝘊𝘰𝘭𝘵🏴,CHESTER,1,100.0%,heist,Safe Zone,22/06/2026 22:45:07,#80PVPCC29,NAVI|Enraged,NAVI,NAVI,friendly
None_Safe Zone_#8RCYUCCL0_#8RVLRVYYP_#YU8C0C2PV_#2VP08LCV20_#80PVPCC29_#28JLP02PR_COLETTE_CROW_MAX_MINA_CHESTER_MEEPLE,EMEA,#8RCYUCCL0;#8RVLRVYYP;#YU8C0C2PV;#2VP08LCV20;#80PVPCC29;#28JLP02PR,Deezent🇺🇦;TLB|Yei Yei;Cyclone;Juunglé🥇;NAVI|Enraged;𝘌𝘓-𝘊𝘰𝘭𝘵🏴,MEEPLE,1,100.0%,heist,Safe Zone,22/06/2026 22:45:07,#28JLP02PR,𝘌𝘓-𝘊𝘰𝘭𝘵🏴,NAVI,NAVI,friendly
None_Pit Stop_#2VP08LCV20_#PVRLUJU_#80PVPCC29_#8RVLRVYYP_#LCJC2VY8R_#2YYJYPCL_LUMI_CORDELIUS_BUZZ_KIT_COLT_BIBI,EMEA,#2VP08LCV20;#PVRLUJU;#80PVPCC29;#8RVLRVYYP;#LCJC2VY8R;#2YYJYPCL,Juunglé🥇;Suffoo🍭;NAVI|Enraged;TLB|Yei Yei;Olivia Rodrigo;Tomzy👽,LUMI,0,0.0%,heist,Pit Stop,22/06/2026 22:45:07,#2VP08LCV20,Juunglé🥇,NAVI,NAVI,friendly
None_Pit Stop_#2VP08LCV20_#PVRLUJU_#80PVPCC29_#8RVLRVYYP_#LCJC2VY8R_#2YYJYPCL_LUMI_CORDELIUS_BUZZ_KIT_COLT_BIBI,EMEA,#2VP08LCV20;#PVRLUJU;#80PVPCC29;#8RVLRVYYP;#LCJC2VY8R;#2YYJYPCL,Juunglé🥇;Suffoo🍭;NAVI|Enraged;TLB|Yei Yei;Olivia Rodrigo;Tomzy👽,CORDELIUS,0,0.0%,heist,Pit Stop,22/06/2026 22:45:07,#PVRLUJU,Suffoo🍭,NAVI,NAVI,friendly
None_Pit Stop_#2VP08LCV20_#PVRLUJU_#80PVPCC29_#8RVLRVYYP_#LCJC2VY8R_#2YYJYPCL_LUMI_CORDELIUS_BUZZ_KIT_COLT_BIBI,EMEA,#2VP08LCV20;#PVRLUJU;#80PVPCC29;#8RVLRVYYP;#LCJC2VY8R;#2YYJYPCL,Juunglé🥇;Suffoo🍭;NAVI|Enraged;TLB|Yei Yei;Olivia Rodrigo;Tomzy👽,BUZZ,0,0.0%,heist,Pit Stop,22/06/2026 22:45:07,#80PVPCC29,NAVI|Enraged,NAVI,NAVI,friendly
None_Pit Stop_#2VP08LCV20_#PVRLUJU_#80PVPCC29_#8RVLRVYYP_#LCJC2VY8R_#2YYJYPCL_LUMI_CORDELIUS_BUZZ_KIT_COLT_BIBI,EMEA,#2VP08LCV20;#PVRLUJU;#80PVPCC29;#8RVLRVYYP;#LCJC2VY8R;#2YYJYPCL,Juunglé🥇;Suffoo🍭;NAVI|Enraged;TLB|Yei Yei;Olivia Rodrigo;Tomzy👽,KIT,1,100.0%,heist,Pit Stop,22/06/2026 22:45:07,#8RVLRVYYP,TLB|Yei Yei,TLB,TALENTS LAB,friendly
None_Pit Stop_#2VP08LCV20_#PVRLUJU_#80PVPCC29_#8RVLRVYYP_#LCJC2VY8R_#2YYJYPCL_LUMI_CORDELIUS_BUZZ_KIT_COLT_BIBI,EMEA,#2VP08LCV20;#PVRLUJU;#80PVPCC29;#8RVLRVYYP;#LCJC2VY8R;#2YYJYPCL,Juunglé🥇;Suffoo🍭;NAVI|Enraged;TLB|Yei Yei;Olivia Rodrigo;Tomzy👽,COLT,1,100.0%,heist,Pit Stop,22/06/2026 22:45:07,#LCJC2VY8R,Olivia Rodrigo,TLB,TALENTS LAB,friendly
None_Pit Stop_#2VP08LCV20_#PVRLUJU_#80PVPCC29_#8RVLRVYYP_#LCJC2VY8R_#2YYJYPCL_LUMI_CORDELIUS_BUZZ_KIT_COLT_BIBI,EMEA,#2VP08LCV20;#PVRLUJU;#80PVPCC29;#8RVLRVYYP;#LCJC2VY8R;#2YYJYPCL,Juunglé🥇;Suffoo🍭;NAVI|Enraged;TLB|Yei Yei;Olivia Rodrigo;Tomzy👽,BIBI,1,100.0%,heist,Pit Stop,22/06/2026 22:45:07,#2YYJYPCL,Tomzy👽,TLB,TALENTS LAB,friendly
None_Safe Zone_#8RCYUCCL0_#LCJC2VY8R_#80PVPCC29_#8RVLRVYYP_#2VG8U2900_#2YYJYPCL_PENNY_GROM_KAZE_OTIS_CROW_CHUCK,EMEA,#8RCYUCCL0;#LCJC2VY8R;#80PVPCC29;#8RVLRVYYP;#2VG8U2900;#2YYJYPCL,Deezent🇺🇦;Olivia Rodrigo;NAVI|Enraged;TLB|Yei Yei;Extrigotin🦣;Tomzy👽,PENNY,1,100.0%,heist,Safe Zone,22/06/2026 22:45:07,#8RCYUCCL0,Deezent🇺🇦,NAVI,NAVI,friendly
None_Safe Zone_#8RCYUCCL0_#LCJC2VY8R_#80PVPCC29_#8RVLRVYYP_#2VG8U2900_#2YYJYPCL_PENNY_GROM_KAZE_OTIS_CROW_CHUCK,EMEA,#8RCYUCCL0;#LCJC2VY8R;#80PVPCC29;#8RVLRVYYP;#2VG8U2900;#2YYJYPCL,Deezent🇺🇦;Olivia Rodrigo;NAVI|Enraged;TLB|Yei Yei;Extrigotin🦣;Tomzy👽,GROM,1,100.0%,heist,Safe Zone,22/06/2026 22:45:07,#LCJC2VY8R,Olivia Rodrigo,NAVI,NAVI,friendly
None_Safe Zone_#8RCYUCCL0_#LCJC2VY8R_#80PVPCC29_#8RVLRVYYP_#2VG8U2900_#2YYJYPCL_PENNY_GROM_KAZE_OTIS_CROW_CHUCK,EMEA,#8RCYUCCL0;#LCJC2VY8R;#80PVPCC29;#8RVLRVYYP;#2VG8U2900;#2YYJYPCL,Deezent🇺🇦;Olivia Rodrigo;NAVI|Enraged;TLB|Yei Yei;Extrigotin🦣;Tomzy👽,KAZE,1,100.0%,heist,Safe Zone,22/06/2026 22:45:07,#80PVPCC29,NAVI|Enraged,NAVI,NAVI,friendly
None_Safe Zone_#8RCYUCCL0_#LCJC2VY8R_#80PVPCC29_#8RVLRVYYP_#2VG8U2900_#2YYJYPCL_PENNY_GROM_KAZE_OTIS_CROW_CHUCK,EMEA,#8RCYUCCL0;#LCJC2VY8R;#80PVPCC29;#8RVLRVYYP;#2VG8U2900;#2YYJYPCL,Deezent🇺🇦;Olivia Rodrigo;NAVI|Enraged;TLB|Yei Yei;Extrigotin🦣;Tomzy👽,OTIS,0,0.0%,heist,Safe Zone,22/06/2026 22:45:07,#8RVLRVYYP,TLB|Yei Yei,TLB,TALENTS LAB,friendly
None_Safe Zone_#8RCYUCCL0_#LCJC2VY8R_#80PVPCC29_#8RVLRVYYP_#2VG8U2900_#2YYJYPCL_PENNY_GROM_KAZE_OTIS_CROW_CHUCK,EMEA,#8RCYUCCL0;#LCJC2VY8R;#80PVPCC29;#8RVLRVYYP;#2VG8U2900;#2YYJYPCL,Deezent🇺🇦;Olivia Rodrigo;NAVI|Enraged;TLB|Yei Yei;Extrigotin🦣;Tomzy👽,CROW,0,0.0%,heist,Safe Zone,22/06/2026 22:45:07,#2VG8U2900,Extrigotin🦣,TLB,TALENTS LAB,friendly
None_Safe Zone_#8RCYUCCL0_#LCJC2VY8R_#80PVPCC29_#8RVLRVYYP_#2VG8U2900_#2YYJYPCL_PENNY_GROM_KAZE_OTIS_CROW_CHUCK,EMEA,#8RCYUCCL0;#LCJC2VY8R;#80PVPCC29;#8RVLRVYYP;#2VG8U2900;#2YYJYPCL,Deezent🇺🇦;Olivia Rodrigo;NAVI|Enraged;TLB|Yei Yei;Extrigotin🦣;Tomzy👽,CHUCK,0,0.0%,heist,Safe Zone,22/06/2026 22:45:07,#2YYJYPCL,Tomzy👽,TLB,TALENTS LAB,friendly
None_Layer Cake_#YU8C0C2PV_#8RVLRVYYP_#LCJC2VY8R_#92VJ9V29V_#2YYJYPCL_#80PVPCC29_LUMI_CHARLIE_STARR NOVA_KENJI_MEEPLE_PIERCE,EMEA,#YU8C0C2PV;#8RVLRVYYP;#LCJC2VY8R;#92VJ9V29V;#2YYJYPCL;#80PVPCC29,Cyclone;TLB|Yei Yei;Olivia Rodrigo;CGO|Yannic;Tomzy👽;NAVI|Enraged,LUMI,1,100.0%,bounty,Layer Cake,22/06/2026 22:45:07,#YU8C0C2PV,Cyclone,TLB,TALENTS LAB,friendly
None_Layer Cake_#YU8C0C2PV_#8RVLRVYYP_#LCJC2VY8R_#92VJ9V29V_#2YYJYPCL_#80PVPCC29_LUMI_CHARLIE_STARR NOVA_KENJI_MEEPLE_PIERCE,EMEA,#YU8C0C2PV;#8RVLRVYYP;#LCJC2VY8R;#92VJ9V29V;#2YYJYPCL;#80PVPCC29,Cyclone;TLB|Yei Yei;Olivia Rodrigo;CGO|Yannic;Tomzy👽;NAVI|Enraged,CHARLIE,1,100.0%,bounty,Layer Cake,22/06/2026 22:45:07,#8RVLRVYYP,TLB|Yei Yei,TLB,TALENTS LAB,friendly
None_Layer Cake_#YU8C0C2PV_#8RVLRVYYP_#LCJC2VY8R_#92VJ9V29V_#2YYJYPCL_#80PVPCC29_LUMI_CHARLIE_STARR NOVA_KENJI_MEEPLE_PIERCE,EMEA,#YU8C0C2PV;#8RVLRVYYP;#LCJC2VY8R;#92VJ9V29V;#2YYJYPCL;#80PVPCC29,Cyclone;TLB|Yei Yei;Olivia Rodrigo;CGO|Yannic;Tomzy👽;NAVI|Enraged,STARR NOVA,1,100.0%,bounty,Layer Cake,22/06/2026 22:45:07,#LCJC2VY8R,Olivia Rodrigo,TLB,TALENTS LAB,friendly
None_Layer Cake_#YU8C0C2PV_#8RVLRVYYP_#LCJC2VY8R_#92VJ9V29V_#2YYJYPCL_#80PVPCC29_LUMI_CHARLIE_STARR NOVA_KENJI_MEEPLE_PIERCE,EMEA,#YU8C0C2PV;#8RVLRVYYP;#LCJC2VY8R;#92VJ9V29V;#2YYJYPCL;#80PVPCC29,Cyclone;TLB|Yei Yei;Olivia Rodrigo;CGO|Yannic;Tomzy👽;NAVI|Enraged,KENJI,0,0.0%,bounty,Layer Cake,22/06/2026 22:45:07,#92VJ9V29V,CGO|Yannic,NAVI,NAVI,friendly
None_Layer Cake_#YU8C0C2PV_#8RVLRVYYP_#LCJC2VY8R_#92VJ9V29V_#2YYJYPCL_#80PVPCC29_LUMI_CHARLIE_STARR NOVA_KENJI_MEEPLE_PIERCE,EMEA,#YU8C0C2PV;#8RVLRVYYP;#LCJC2VY8R;#92VJ9V29V;#2YYJYPCL;#80PVPCC29,Cyclone;TLB|Yei Yei;Olivia Rodrigo;CGO|Yannic;Tomzy👽;NAVI|Enraged,MEEPLE,0,0.0%,bounty,Layer Cake,22/06/2026 22:45:07,#2YYJYPCL,Tomzy👽,NAVI,NAVI,friendly
None_Layer Cake_#YU8C0C2PV_#8RVLRVYYP_#LCJC2VY8R_#92VJ9V29V_#2YYJYPCL_#80PVPCC29_LUMI_CHARLIE_STARR NOVA_KENJI_MEEPLE_PIERCE,EMEA,#YU8C0C2PV;#8RVLRVYYP;#LCJC2VY8R;#92VJ9V29V;#2YYJYPCL;#80PVPCC29,Cyclone;TLB|Yei Yei;Olivia Rodrigo;CGO|Yannic;Tomzy👽;NAVI|Enraged,PIERCE,0,0.0%,bounty,Layer Cake,22/06/2026 22:45:07,#80PVPCC29,NAVI|Enraged,NAVI,NAVI,friendly
None_Pinhole Punt_#92YR22QPL_#GGC0L02R_#92VJ9V29V_#8RCYUCCL0_#80PVPCC29_#2YYJYPCL_STU_STARR NOVA_CROW_OTIS_MEEPLE_HANK,EMEA,#92YR22QPL;#GGC0L02R;#92VJ9V29V;#8RCYUCCL0;#80PVPCC29;#2YYJYPCL,レイグレシー🌙;ㅤㅤ;CGO|Yannic;Deezent🇺🇦;NAVI|Enraged;Tomzy👽,STU,1,100.0%,brawlBall,Pinhole Punt,22/06/2026 22:45:07,#92YR22QPL,レイグレシー🌙,OPONENTE_T0,DESCONHECIDO T0,friendly
None_Pinhole Punt_#92YR22QPL_#GGC0L02R_#92VJ9V29V_#8RCYUCCL0_#80PVPCC29_#2YYJYPCL_STU_STARR NOVA_CROW_OTIS_MEEPLE_HANK,EMEA,#92YR22QPL;#GGC0L02R;#92VJ9V29V;#8RCYUCCL0;#80PVPCC29;#2YYJYPCL,レイグレシー🌙;ㅤㅤ;CGO|Yannic;Deezent🇺🇦;NAVI|Enraged;Tomzy👽,STARR NOVA,1,100.0%,brawlBall,Pinhole Punt,22/06/2026 22:45:07,#GGC0L02R,ㅤㅤ,OPONENTE_T0,DESCONHECIDO T0,friendly
None_Pinhole Punt_#92YR22QPL_#GGC0L02R_#92VJ9V29V_#8RCYUCCL0_#80PVPCC29_#2YYJYPCL_STU_STARR NOVA_CROW_OTIS_MEEPLE_HANK,EMEA,#92YR22QPL;#GGC0L02R;#92VJ9V29V;#8RCYUCCL0;#80PVPCC29;#2YYJYPCL,レイグレシー🌙;ㅤㅤ;CGO|Yannic;Deezent🇺🇦;NAVI|Enraged;Tomzy👽,CROW,1,100.0%,brawlBall,Pinhole Punt,22/06/2026 22:45:07,#92VJ9V29V,CGO|Yannic,OPONENTE_T0,DESCONHECIDO T0,friendly
None_Pinhole Punt_#92YR22QPL_#GGC0L02R_#92VJ9V29V_#8RCYUCCL0_#80PVPCC29_#2YYJYPCL_STU_STARR NOVA_CROW_OTIS_MEEPLE_HANK,EMEA,#92YR22QPL;#GGC0L02R;#92VJ9V29V;#8RCYUCCL0;#80PVPCC29;#2YYJYPCL,レイグレシー🌙;ㅤㅤ;CGO|Yannic;Deezent🇺🇦;NAVI|Enraged;Tomzy👽,OTIS,0,0.0%,brawlBall,Pinhole Punt,22/06/2026 22:45:07,#8RCYUCCL0,Deezent🇺🇦,NAVI,NAVI,friendly
None_Pinhole Punt_#92YR22QPL_#GGC0L02R_#92VJ9V29V_#8RCYUCCL0_#80PVPCC29_#2YYJYPCL_STU_STARR NOVA_CROW_OTIS_MEEPLE_HANK,EMEA,#92YR22QPL;#GGC0L02R;#92VJ9V29V;#8RCYUCCL0;#80PVPCC29;#2YYJYPCL,レイグレシー🌙;ㅤㅤ;CGO|Yannic;Deezent🇺🇦;NAVI|Enraged;Tomzy👽,MEEPLE,0,0.0%,brawlBall,Pinhole Punt,22/06/2026 22:45:07,#80PVPCC29,NAVI|Enraged,NAVI,NAVI,friendly
None_Pinhole Punt_#92YR22QPL_#GGC0L02R_#92VJ9V29V_#8RCYUCCL0_#80PVPCC29_#2YYJYPCL_STU_STARR NOVA_CROW_OTIS_MEEPLE_HANK,EMEA,#92YR22QPL;#GGC0L02R;#92VJ9V29V;#8RCYUCCL0;#80PVPCC29;#2YYJYPCL,レイグレシー🌙;ㅤㅤ;CGO|Yannic;Deezent🇺🇦;NAVI|Enraged;Tomzy👽,HANK,0,0.0%,brawlBall,Pinhole Punt,22/06/2026 22:45:07,#2YYJYPCL,Tomzy👽,NAVI,NAVI,friendly
None_Hideout_#8RVLRVYYP_#92YR22QPL_#YU8C0C2PV_#LCJC2VY8R_#80PVPCC29_#PVRLUJU_GUS_LEON_PIERCE_STARR NOVA_MEEPLE_BYRON,EMEA,#8RVLRVYYP;#92YR22QPL;#YU8C0C2PV;#LCJC2VY8R;#80PVPCC29;#PVRLUJU,TLB|Yei Yei;レイグレシー🌙;Cyclone;Olivia Rodrigo;NAVI|Enraged;Suffoo🍭,GUS,0,0.0%,bounty,Hideout,22/06/2026 22:45:07,#8RVLRVYYP,TLB|Yei Yei,TLB,TALENTS LAB,friendly
None_Hideout_#8RVLRVYYP_#92YR22QPL_#YU8C0C2PV_#LCJC2VY8R_#80PVPCC29_#PVRLUJU_GUS_LEON_PIERCE_STARR NOVA_MEEPLE_BYRON,EMEA,#8RVLRVYYP;#92YR22QPL;#YU8C0C2PV;#LCJC2VY8R;#80PVPCC29;#PVRLUJU,TLB|Yei Yei;レイグレシー🌙;Cyclone;Olivia Rodrigo;NAVI|Enraged;Suffoo🍭,LEON,0,0.0%,bounty,Hideout,22/06/2026 22:45:07,#92YR22QPL,レイグレシー🌙,TLB,TALENTS LAB,friendly
None_Hideout_#8RVLRVYYP_#92YR22QPL_#YU8C0C2PV_#LCJC2VY8R_#80PVPCC29_#PVRLUJU_GUS_LEON_PIERCE_STARR NOVA_MEEPLE_BYRON,EMEA,#8RVLRVYYP;#92YR22QPL;#YU8C0C2PV;#LCJC2VY8R;#80PVPCC29;#PVRLUJU,TLB|Yei Yei;レイグレシー🌙;Cyclone;Olivia Rodrigo;NAVI|Enraged;Suffoo🍭,PIERCE,0,0.0%,bounty,Hideout,22/06/2026 22:45:07,#YU8C0C2PV,Cyclone,TLB,TALENTS LAB,friendly
None_Hideout_#8RVLRVYYP_#92YR22QPL_#YU8C0C2PV_#LCJC2VY8R_#80PVPCC29_#PVRLUJU_GUS_LEON_PIERCE_STARR NOVA_MEEPLE_BYRON,EMEA,#8RVLRVYYP;#92YR22QPL;#YU8C0C2PV;#LCJC2VY8R;#80PVPCC29;#PVRLUJU,TLB|Yei Yei;レイグレシー🌙;Cyclone;Olivia Rodrigo;NAVI|Enraged;Suffoo🍭,STARR NOVA,1,100.0%,bounty,Hideout,22/06/2026 22:45:07,#LCJC2VY8R,Olivia Rodrigo,NAVI,NAVI,friendly
None_Hideout_#8RVLRVYYP_#92YR22QPL_#YU8C0C2PV_#LCJC2VY8R_#80PVPCC29_#PVRLUJU_GUS_LEON_PIERCE_STARR NOVA_MEEPLE_BYRON,EMEA,#8RVLRVYYP;#92YR22QPL;#YU8C0C2PV;#LCJC2VY8R;#80PVPCC29;#PVRLUJU,TLB|Yei Yei;レイグレシー🌙;Cyclone;Olivia Rodrigo;NAVI|Enraged;Suffoo🍭,MEEPLE,1,100.0%,bounty,Hideout,22/06/2026 22:45:07,#80PVPCC29,NAVI|Enraged,NAVI,NAVI,friendly
None_Hideout_#8RVLRVYYP_#92YR22QPL_#YU8C0C2PV_#LCJC2VY8R_#80PVPCC29_#PVRLUJU_GUS_LEON_PIERCE_STARR NOVA_MEEPLE_BYRON,EMEA,#8RVLRVYYP;#92YR22QPL;#YU8C0C2PV;#LCJC2VY8R;#80PVPCC29;#PVRLUJU,TLB|Yei Yei;レイグレシー🌙;Cyclone;Olivia Rodrigo;NAVI|Enraged;Suffoo🍭,BYRON,1,100.0%,bounty,Hideout,22/06/2026 22:45:07,#PVRLUJU,Suffoo🍭,NAVI,NAVI,friendly
None_New Horizons_#92YR22QPL_#80PVPCC29_#2YYJYPCL_#8RCYUCCL0_#2VG8U2900_#92VJ9V29V_SQUEAK_MEEPLE_LEON_BYRON_DAMIAN_RUFFS,EMEA,#92YR22QPL;#80PVPCC29;#2YYJYPCL;#8RCYUCCL0;#2VG8U2900;#92VJ9V29V,レイグレシー🌙;NAVI|Enraged;Tomzy👽;Deezent🇺🇦;Extrigotin🦣;CGO|Yannic,SQUEAK,1,100.0%,knockout,New Horizons,22/06/2026 22:45:07,#92YR22QPL,レイグレシー🌙,NAVI,NAVI,friendly
None_New Horizons_#92YR22QPL_#80PVPCC29_#2YYJYPCL_#8RCYUCCL0_#2VG8U2900_#92VJ9V29V_SQUEAK_MEEPLE_LEON_BYRON_DAMIAN_RUFFS,EMEA,#92YR22QPL;#80PVPCC29;#2YYJYPCL;#8RCYUCCL0;#2VG8U2900;#92VJ9V29V,レイグレシー🌙;NAVI|Enraged;Tomzy👽;Deezent🇺🇦;Extrigotin🦣;CGO|Yannic,MEEPLE,1,100.0%,knockout,New Horizons,22/06/2026 22:45:07,#80PVPCC29,NAVI|Enraged,NAVI,NAVI,friendly
None_New Horizons_#92YR22QPL_#80PVPCC29_#2YYJYPCL_#8RCYUCCL0_#2VG8U2900_#92VJ9V29V_SQUEAK_MEEPLE_LEON_BYRON_DAMIAN_RUFFS,EMEA,#92YR22QPL;#80PVPCC29;#2YYJYPCL;#8RCYUCCL0;#2VG8U2900;#92VJ9V29V,レイグレシー🌙;NAVI|Enraged;Tomzy👽;Deezent🇺🇦;Extrigotin🦣;CGO|Yannic,LEON,1,100.0%,knockout,New Horizons,22/06/2026 22:45:07,#2YYJYPCL,Tomzy👽,NAVI,NAVI,friendly
None_New Horizons_#92YR22QPL_#80PVPCC29_#2YYJYPCL_#8RCYUCCL0_#2VG8U2900_#92VJ9V29V_SQUEAK_MEEPLE_LEON_BYRON_DAMIAN_RUFFS,EMEA,#92YR22QPL;#80PVPCC29;#2YYJYPCL;#8RCYUCCL0;#2VG8U2900;#92VJ9V29V,レイグレシー🌙;NAVI|Enraged;Tomzy👽;Deezent🇺🇦;Extrigotin🦣;CGO|Yannic,BYRON,0,0.0%,knockout,New Horizons,22/06/2026 22:45:07,#8RCYUCCL0,Deezent🇺🇦,OPONENTE_T1,DESCONHECIDO T1,friendly
None_New Horizons_#92YR22QPL_#80PVPCC29_#2YYJYPCL_#8RCYUCCL0_#2VG8U2900_#92VJ9V29V_SQUEAK_MEEPLE_LEON_BYRON_DAMIAN_RUFFS,EMEA,#92YR22QPL;#80PVPCC29;#2YYJYPCL;#8RCYUCCL0;#2VG8U2900;#92VJ9V29V,レイグレシー🌙;NAVI|Enraged;Tomzy👽;Deezent🇺🇦;Extrigotin🦣;CGO|Yannic,DAMIAN,0,0.0%,knockout,New Horizons,22/06/2026 22:45:07,#2VG8U2900,Extrigotin🦣,OPONENTE_T1,DESCONHECIDO T1,friendly
None_New Horizons_#92YR22QPL_#80PVPCC29_#2YYJYPCL_#8RCYUCCL0_#2VG8U2900_#92VJ9V29V_SQUEAK_MEEPLE_LEON_BYRON_DAMIAN_RUFFS,EMEA,#92YR22QPL;#80PVPCC29;#2YYJYPCL;#8RCYUCCL0;#2VG8U2900;#92VJ9V29V,レイグレシー🌙;NAVI|Enraged;Tomzy👽;Deezent🇺🇦;Extrigotin🦣;CGO|Yannic,RUFFS,0,0.0%,knockout,New Horizons,22/06/2026 22:45:07,#92VJ9V29V,CGO|Yannic,OPONENTE_T1,DESCONHECIDO T1,friendly
None_Goldarm Gulch_#80PVPCC29_#2VJCCCQGP_#J089RQ_#CJV2PJ0R_#29VRJU08C_#9LVUC2PY_LUMI_LEON_KIT_DOUG_GENE_MINA,EMEA,#80PVPCC29;#2VJCCCQGP;#J089RQ;#CJV2PJ0R;#29VRJU08C;#9LVUC2PY,NAVI|Enraged;NAVI|GeRo;NAVI|Drage;SK|Yoshi825;MAD|Yoko;SK|OPE,LUMI,1,100.0%,knockout,Goldarm Gulch,22/06/2026 22:45:07,#80PVPCC29,NAVI|Enraged,NAVI,NAVI,friendly
None_Goldarm Gulch_#80PVPCC29_#2VJCCCQGP_#J089RQ_#CJV2PJ0R_#29VRJU08C_#9LVUC2PY_LUMI_LEON_KIT_DOUG_GENE_MINA,EMEA,#80PVPCC29;#2VJCCCQGP;#J089RQ;#CJV2PJ0R;#29VRJU08C;#9LVUC2PY,NAVI|Enraged;NAVI|GeRo;NAVI|Drage;SK|Yoshi825;MAD|Yoko;SK|OPE,LEON,1,100.0%,knockout,Goldarm Gulch,22/06/2026 22:45:07,#2VJCCCQGP,NAVI|GeRo,NAVI,NAVI,friendly
None_Goldarm Gulch_#80PVPCC29_#2VJCCCQGP_#J089RQ_#CJV2PJ0R_#29VRJU08C_#9LVUC2PY_LUMI_LEON_KIT_DOUG_GENE_MINA,EMEA,#80PVPCC29;#2VJCCCQGP;#J089RQ;#CJV2PJ0R;#29VRJU08C;#9LVUC2PY,NAVI|Enraged;NAVI|GeRo;NAVI|Drage;SK|Yoshi825;MAD|Yoko;SK|OPE,KIT,1,100.0%,knockout,Goldarm Gulch,22/06/2026 22:45:07,#J089RQ,NAVI|Drage,NAVI,NAVI,friendly
None_Goldarm Gulch_#80PVPCC29_#2VJCCCQGP_#J089RQ_#CJV2PJ0R_#29VRJU08C_#9LVUC2PY_LUMI_LEON_KIT_DOUG_GENE_MINA,EMEA,#80PVPCC29;#2VJCCCQGP;#J089RQ;#CJV2PJ0R;#29VRJU08C;#9LVUC2PY,NAVI|Enraged;NAVI|GeRo;NAVI|Drage;SK|Yoshi825;MAD|Yoko;SK|OPE,DOUG,0,0.0%,knockout,Goldarm Gulch,22/06/2026 22:45:07,#CJV2PJ0R,SK|Yoshi825,SK,SK GAMING,friendly
None_Goldarm Gulch_#80PVPCC29_#2VJCCCQGP_#J089RQ_#CJV2PJ0R_#29VRJU08C_#9LVUC2PY_LUMI_LEON_KIT_DOUG_GENE_MINA,EMEA,#80PVPCC29;#2VJCCCQGP;#J089RQ;#CJV2PJ0R;#29VRJU08C;#9LVUC2PY,NAVI|Enraged;NAVI|GeRo;NAVI|Drage;SK|Yoshi825;MAD|Yoko;SK|OPE,GENE,0,0.0%,knockout,Goldarm Gulch,22/06/2026 22:45:07,#29VRJU08C,MAD|Yoko,SK,SK GAMING,friendly
None_Goldarm Gulch_#80PVPCC29_#2VJCCCQGP_#J089RQ_#CJV2PJ0R_#29VRJU08C_#9LVUC2PY_LUMI_LEON_KIT_DOUG_GENE_MINA,EMEA,#80PVPCC29;#2VJCCCQGP;#J089RQ;#CJV2PJ0R;#29VRJU08C;#9LVUC2PY,NAVI|Enraged;NAVI|GeRo;NAVI|Drage;SK|Yoshi825;MAD|Yoko;SK|OPE,MINA,0,0.0%,knockout,Goldarm Gulch,22/06/2026 22:45:07,#9LVUC2PY,SK|OPE,SK,SK GAMING,friendly
None_Hideout_#2VJCCCQGP_#J089RQ_#80PVPCC29_#29VRJU08C_#CJV2PJ0R_#9LVUC2PY_GENE_GLOWY_STARR NOVA_CROW_NAJIA_MINA,EMEA,#2VJCCCQGP;#J089RQ;#80PVPCC29;#29VRJU08C;#CJV2PJ0R;#9LVUC2PY,NAVI|GeRo;NAVI|Drage;NAVI|Enraged;MAD|Yoko;SK|Yoshi825;SK|OPE,GENE,1,100.0%,bounty,Hideout,22/06/2026 22:45:07,#2VJCCCQGP,NAVI|GeRo,NAVI,NAVI,friendly
None_Hideout_#2VJCCCQGP_#J089RQ_#80PVPCC29_#29VRJU08C_#CJV2PJ0R_#9LVUC2PY_GENE_GLOWY_STARR NOVA_CROW_NAJIA_MINA,EMEA,#2VJCCCQGP;#J089RQ;#80PVPCC29;#29VRJU08C;#CJV2PJ0R;#9LVUC2PY,NAVI|GeRo;NAVI|Drage;NAVI|Enraged;MAD|Yoko;SK|Yoshi825;SK|OPE,GLOWY,1,100.0%,bounty,Hideout,22/06/2026 22:45:07,#J089RQ,NAVI|Drage,NAVI,NAVI,friendly
None_Hideout_#2VJCCCQGP_#J089RQ_#80PVPCC29_#29VRJU08C_#CJV2PJ0R_#9LVUC2PY_GENE_GLOWY_STARR NOVA_CROW_NAJIA_MINA,EMEA,#2VJCCCQGP;#J089RQ;#80PVPCC29;#29VRJU08C;#CJV2PJ0R;#9LVUC2PY,NAVI|GeRo;NAVI|Drage;NAVI|Enraged;MAD|Yoko;SK|Yoshi825;SK|OPE,STARR NOVA,1,100.0%,bounty,Hideout,22/06/2026 22:45:07,#80PVPCC29,NAVI|Enraged,NAVI,NAVI,friendly
None_Hideout_#2VJCCCQGP_#J089RQ_#80PVPCC29_#29VRJU08C_#CJV2PJ0R_#9LVUC2PY_GENE_GLOWY_STARR NOVA_CROW_NAJIA_MINA,EMEA,#2VJCCCQGP;#J089RQ;#80PVPCC29;#29VRJU08C;#CJV2PJ0R;#9LVUC2PY,NAVI|GeRo;NAVI|Drage;NAVI|Enraged;MAD|Yoko;SK|Yoshi825;SK|OPE,CROW,0,0.0%,bounty,Hideout,22/06/2026 22:45:07,#29VRJU08C,MAD|Yoko,SK,SK GAMING,friendly
None_Hideout_#2VJCCCQGP_#J089RQ_#80PVPCC29_#29VRJU08C_#CJV2PJ0R_#9LVUC2PY_GENE_GLOWY_STARR NOVA_CROW_NAJIA_MINA,EMEA,#2VJCCCQGP;#J089RQ;#80PVPCC29;#29VRJU08C;#CJV2PJ0R;#9LVUC2PY,NAVI|GeRo;NAVI|Drage;NAVI|Enraged;MAD|Yoko;SK|Yoshi825;SK|OPE,NAJIA,0,0.0%,bounty,Hideout,22/06/2026 22:45:07,#CJV2PJ0R,SK|Yoshi825,SK,SK GAMING,friendly
None_Hideout_#2VJCCCQGP_#J089RQ_#80PVPCC29_#29VRJU08C_#CJV2PJ0R_#9LVUC2PY_GENE_GLOWY_STARR NOVA_CROW_NAJIA_MINA,EMEA,#2VJCCCQGP;#J089RQ;#80PVPCC29;#29VRJU08C;#CJV2PJ0R;#9LVUC2PY,NAVI|GeRo;NAVI|Drage;NAVI|Enraged;MAD|Yoko;SK|Yoshi825;SK|OPE,MINA,0,0.0%,bounty,Hideout,22/06/2026 22:45:07,#9LVUC2PY,SK|OPE,SK,SK GAMING,friendly
None_Hideout_#80PVPCC29_#2VJCCCQGP_#J089RQ_#29VRJU08C_#CJV2PJ0R_#9LVUC2PY_GENE_BELLE_MEEPLE_LEON_JAE-YONG_GUS,EMEA,#80PVPCC29;#2VJCCCQGP;#J089RQ;#29VRJU08C;#CJV2PJ0R;#9LVUC2PY,NAVI|Enraged;NAVI|GeRo;NAVI|Drage;MAD|Yoko;SK|Yoshi825;SK|OPE,GENE,0,0.0%,bounty,Hideout,22/06/2026 22:45:07,#80PVPCC29,NAVI|Enraged,NAVI,NAVI,friendly
None_Hideout_#80PVPCC29_#2VJCCCQGP_#J089RQ_#29VRJU08C_#CJV2PJ0R_#9LVUC2PY_GENE_BELLE_MEEPLE_LEON_JAE-YONG_GUS,EMEA,#80PVPCC29;#2VJCCCQGP;#J089RQ;#29VRJU08C;#CJV2PJ0R;#9LVUC2PY,NAVI|Enraged;NAVI|GeRo;NAVI|Drage;MAD|Yoko;SK|Yoshi825;SK|OPE,BELLE,0,0.0%,bounty,Hideout,22/06/2026 22:45:07,#2VJCCCQGP,NAVI|GeRo,NAVI,NAVI,friendly
None_Hideout_#80PVPCC29_#2VJCCCQGP_#J089RQ_#29VRJU08C_#CJV2PJ0R_#9LVUC2PY_GENE_BELLE_MEEPLE_LEON_JAE-YONG_GUS,EMEA,#80PVPCC29;#2VJCCCQGP;#J089RQ;#29VRJU08C;#CJV2PJ0R;#9LVUC2PY,NAVI|Enraged;NAVI|GeRo;NAVI|Drage;MAD|Yoko;SK|Yoshi825;SK|OPE,MEEPLE,0,0.0%,bounty,Hideout,22/06/2026 22:45:07,#J089RQ,NAVI|Drage,NAVI,NAVI,friendly
None_Hideout_#80PVPCC29_#2VJCCCQGP_#J089RQ_#29VRJU08C_#CJV2PJ0R_#9LVUC2PY_GENE_BELLE_MEEPLE_LEON_JAE-YONG_GUS,EMEA,#80PVPCC29;#2VJCCCQGP;#J089RQ;#29VRJU08C;#CJV2PJ0R;#9LVUC2PY,NAVI|Enraged;NAVI|GeRo;NAVI|Drage;MAD|Yoko;SK|Yoshi825;SK|OPE,LEON,1,100.0%,bounty,Hideout,22/06/2026 22:45:07,#29VRJU08C,MAD|Yoko,SK,SK GAMING,friendly
None_Hideout_#80PVPCC29_#2VJCCCQGP_#J089RQ_#29VRJU08C_#CJV2PJ0R_#9LVUC2PY_GENE_BELLE_MEEPLE_LEON_JAE-YONG_GUS,EMEA,#80PVPCC29;#2VJCCCQGP;#J089RQ;#29VRJU08C;#CJV2PJ0R;#9LVUC2PY,NAVI|Enraged;NAVI|GeRo;NAVI|Drage;MAD|Yoko;SK|Yoshi825;SK|OPE,JAE-YONG,1,100.0%,bounty,Hideout,22/06/2026 22:45:07,#CJV2PJ0R,SK|Yoshi825,SK,SK GAMING,friendly
None_Hideout_#80PVPCC29_#2VJCCCQGP_#J089RQ_#29VRJU08C_#CJV2PJ0R_#9LVUC2PY_GENE_BELLE_MEEPLE_LEON_JAE-YONG_GUS,EMEA,#80PVPCC29;#2VJCCCQGP;#J089RQ;#29VRJU08C;#CJV2PJ0R;#9LVUC2PY,NAVI|Enraged;NAVI|GeRo;NAVI|Drage;MAD|Yoko;SK|Yoshi825;SK|OPE,GUS,1,100.0%,bounty,Hideout,22/06/2026 22:45:07,#9LVUC2PY,SK|OPE,SK,SK GAMING,friendly
None_Ring of Fire_#80PVPCC29_#2VJCCCQGP_#J089RQ_#29VRJU08C_#CJV2PJ0R_#9LVUC2PY_DAMIAN_FINX_MEEPLE_BUSTER_LOU_MINA,EMEA,#80PVPCC29;#2VJCCCQGP;#J089RQ;#29VRJU08C;#CJV2PJ0R;#9LVUC2PY,NAVI|Enraged;NAVI|GeRo;NAVI|Drage;MAD|Yoko;SK|Yoshi825;SK|OPE,DAMIAN,1,100.0%,hotZone,Ring of Fire,22/06/2026 22:45:07,#80PVPCC29,NAVI|Enraged,NAVI,NAVI,friendly
None_Ring of Fire_#80PVPCC29_#2VJCCCQGP_#J089RQ_#29VRJU08C_#CJV2PJ0R_#9LVUC2PY_DAMIAN_FINX_MEEPLE_BUSTER_LOU_MINA,EMEA,#80PVPCC29;#2VJCCCQGP;#J089RQ;#29VRJU08C;#CJV2PJ0R;#9LVUC2PY,NAVI|Enraged;NAVI|GeRo;NAVI|Drage;MAD|Yoko;SK|Yoshi825;SK|OPE,FINX,1,100.0%,hotZone,Ring of Fire,22/06/2026 22:45:07,#2VJCCCQGP,NAVI|GeRo,NAVI,NAVI,friendly
None_Ring of Fire_#80PVPCC29_#2VJCCCQGP_#J089RQ_#29VRJU08C_#CJV2PJ0R_#9LVUC2PY_DAMIAN_FINX_MEEPLE_BUSTER_LOU_MINA,EMEA,#80PVPCC29;#2VJCCCQGP;#J089RQ;#29VRJU08C;#CJV2PJ0R;#9LVUC2PY,NAVI|Enraged;NAVI|GeRo;NAVI|Drage;MAD|Yoko;SK|Yoshi825;SK|OPE,MEEPLE,1,100.0%,hotZone,Ring of Fire,22/06/2026 22:45:07,#J089RQ,NAVI|Drage,NAVI,NAVI,friendly
None_Ring of Fire_#80PVPCC29_#2VJCCCQGP_#J089RQ_#29VRJU08C_#CJV2PJ0R_#9LVUC2PY_DAMIAN_FINX_MEEPLE_BUSTER_LOU_MINA,EMEA,#80PVPCC29;#2VJCCCQGP;#J089RQ;#29VRJU08C;#CJV2PJ0R;#9LVUC2PY,NAVI|Enraged;NAVI|GeRo;NAVI|Drage;MAD|Yoko;SK|Yoshi825;SK|OPE,BUSTER,0,0.0%,hotZone,Ring of Fire,22/06/2026 22:45:07,#29VRJU08C,MAD|Yoko,SK,SK GAMING,friendly
None_Ring of Fire_#80PVPCC29_#2VJCCCQGP_#J089RQ_#29VRJU08C_#CJV2PJ0R_#9LVUC2PY_DAMIAN_FINX_MEEPLE_BUSTER_LOU_MINA,EMEA,#80PVPCC29;#2VJCCCQGP;#J089RQ;#29VRJU08C;#CJV2PJ0R;#9LVUC2PY,NAVI|Enraged;NAVI|GeRo;NAVI|Drage;MAD|Yoko;SK|Yoshi825;SK|OPE,LOU,0,0.0%,hotZone,Ring of Fire,22/06/2026 22:45:07,#CJV2PJ0R,SK|Yoshi825,SK,SK GAMING,friendly
None_Ring of Fire_#80PVPCC29_#2VJCCCQGP_#J089RQ_#29VRJU08C_#CJV2PJ0R_#9LVUC2PY_DAMIAN_FINX_MEEPLE_BUSTER_LOU_MINA,EMEA,#80PVPCC29;#2VJCCCQGP;#J089RQ;#29VRJU08C;#CJV2PJ0R;#9LVUC2PY,NAVI|Enraged;NAVI|GeRo;NAVI|Drage;MAD|Yoko;SK|Yoshi825;SK|OPE,MINA,0,0.0%,hotZone,Ring of Fire,22/06/2026 22:45:07,#9LVUC2PY,SK|OPE,SK,SK GAMING,friendly
None_Ring of Fire_#80PVPCC29_#2VJCCCQGP_#J089RQ_#29VRJU08C_#9LVUC2PY_#CJV2PJ0R_KAZE_PIERCE_FINX_LOU_MINA_GLOWY,EMEA,#80PVPCC29;#2VJCCCQGP;#J089RQ;#29VRJU08C;#9LVUC2PY;#CJV2PJ0R,NAVI|Enraged;NAVI|GeRo;NAVI|Drage;MAD|Yoko;SK|OPE;SK|Yoshi825,KAZE,1,100.0%,hotZone,Ring of Fire,22/06/2026 22:45:07,#80PVPCC29,NAVI|Enraged,NAVI,NAVI,friendly
None_Ring of Fire_#80PVPCC29_#2VJCCCQGP_#J089RQ_#29VRJU08C_#9LVUC2PY_#CJV2PJ0R_KAZE_PIERCE_FINX_LOU_MINA_GLOWY,EMEA,#80PVPCC29;#2VJCCCQGP;#J089RQ;#29VRJU08C;#9LVUC2PY;#CJV2PJ0R,NAVI|Enraged;NAVI|GeRo;NAVI|Drage;MAD|Yoko;SK|OPE;SK|Yoshi825,PIERCE,1,100.0%,hotZone,Ring of Fire,22/06/2026 22:45:07,#2VJCCCQGP,NAVI|GeRo,NAVI,NAVI,friendly
None_Ring of Fire_#80PVPCC29_#2VJCCCQGP_#J089RQ_#29VRJU08C_#9LVUC2PY_#CJV2PJ0R_KAZE_PIERCE_FINX_LOU_MINA_GLOWY,EMEA,#80PVPCC29;#2VJCCCQGP;#J089RQ;#29VRJU08C;#9LVUC2PY;#CJV2PJ0R,NAVI|Enraged;NAVI|GeRo;NAVI|Drage;MAD|Yoko;SK|OPE;SK|Yoshi825,FINX,1,100.0%,hotZone,Ring of Fire,22/06/2026 22:45:07,#J089RQ,NAVI|Drage,NAVI,NAVI,friendly
None_Ring of Fire_#80PVPCC29_#2VJCCCQGP_#J089RQ_#29VRJU08C_#9LVUC2PY_#CJV2PJ0R_KAZE_PIERCE_FINX_LOU_MINA_GLOWY,EMEA,#80PVPCC29;#2VJCCCQGP;#J089RQ;#29VRJU08C;#9LVUC2PY;#CJV2PJ0R,NAVI|Enraged;NAVI|GeRo;NAVI|Drage;MAD|Yoko;SK|OPE;SK|Yoshi825,LOU,0,0.0%,hotZone,Ring of Fire,22/06/2026 22:45:07,#29VRJU08C,MAD|Yoko,SK,SK GAMING,friendly
None_Ring of Fire_#80PVPCC29_#2VJCCCQGP_#J089RQ_#29VRJU08C_#9LVUC2PY_#CJV2PJ0R_KAZE_PIERCE_FINX_LOU_MINA_GLOWY,EMEA,#80PVPCC29;#2VJCCCQGP;#J089RQ;#29VRJU08C;#9LVUC2PY;#CJV2PJ0R,NAVI|Enraged;NAVI|GeRo;NAVI|Drage;MAD|Yoko;SK|OPE;SK|Yoshi825,MINA,0,0.0%,hotZone,Ring of Fire,22/06/2026 22:45:07,#9LVUC2PY,SK|OPE,SK,SK GAMING,friendly
None_Ring of Fire_#80PVPCC29_#2VJCCCQGP_#J089RQ_#29VRJU08C_#9LVUC2PY_#CJV2PJ0R_KAZE_PIERCE_FINX_LOU_MINA_GLOWY,EMEA,#80PVPCC29;#2VJCCCQGP;#J089RQ;#29VRJU08C;#9LVUC2PY;#CJV2PJ0R,NAVI|Enraged;NAVI|GeRo;NAVI|Drage;MAD|Yoko;SK|OPE;SK|Yoshi825,GLOWY,0,0.0%,hotZone,Ring of Fire,22/06/2026 22:45:07,#CJV2PJ0R,SK|Yoshi825,SK,SK GAMING,friendly
None_Triple Dribble_#80PVPCC29_#2VJCCCQGP_#J089RQ_#29VRJU08C_#9LVUC2PY_#CJV2PJ0R_CHESTER_OTIS_WILLOW_DAMIAN_STARR NOVA_BERRY,EMEA,#80PVPCC29;#2VJCCCQGP;#J089RQ;#29VRJU08C;#9LVUC2PY;#CJV2PJ0R,NAVI|Enraged;NAVI|GeRo;NAVI|Drage;MAD|Yoko;SK|OPE;SK|Yoshi825,CHESTER,1,100.0%,brawlBall,Triple Dribble,22/06/2026 22:45:07,#80PVPCC29,NAVI|Enraged,NAVI,NAVI,friendly
None_Triple Dribble_#80PVPCC29_#2VJCCCQGP_#J089RQ_#29VRJU08C_#9LVUC2PY_#CJV2PJ0R_CHESTER_OTIS_WILLOW_DAMIAN_STARR NOVA_BERRY,EMEA,#80PVPCC29;#2VJCCCQGP;#J089RQ;#29VRJU08C;#9LVUC2PY;#CJV2PJ0R,NAVI|Enraged;NAVI|GeRo;NAVI|Drage;MAD|Yoko;SK|OPE;SK|Yoshi825,OTIS,1,100.0%,brawlBall,Triple Dribble,22/06/2026 22:45:07,#2VJCCCQGP,NAVI|GeRo,NAVI,NAVI,friendly
None_Triple Dribble_#80PVPCC29_#2VJCCCQGP_#J089RQ_#29VRJU08C_#9LVUC2PY_#CJV2PJ0R_CHESTER_OTIS_WILLOW_DAMIAN_STARR NOVA_BERRY,EMEA,#80PVPCC29;#2VJCCCQGP;#J089RQ;#29VRJU08C;#9LVUC2PY;#CJV2PJ0R,NAVI|Enraged;NAVI|GeRo;NAVI|Drage;MAD|Yoko;SK|OPE;SK|Yoshi825,WILLOW,1,100.0%,brawlBall,Triple Dribble,22/06/2026 22:45:07,#J089RQ,NAVI|Drage,NAVI,NAVI,friendly
None_Triple Dribble_#80PVPCC29_#2VJCCCQGP_#J089RQ_#29VRJU08C_#9LVUC2PY_#CJV2PJ0R_CHESTER_OTIS_WILLOW_DAMIAN_STARR NOVA_BERRY,EMEA,#80PVPCC29;#2VJCCCQGP;#J089RQ;#29VRJU08C;#9LVUC2PY;#CJV2PJ0R,NAVI|Enraged;NAVI|GeRo;NAVI|Drage;MAD|Yoko;SK|OPE;SK|Yoshi825,DAMIAN,0,0.0%,brawlBall,Triple Dribble,22/06/2026 22:45:07,#29VRJU08C,MAD|Yoko,SK,SK GAMING,friendly
None_Triple Dribble_#80PVPCC29_#2VJCCCQGP_#J089RQ_#29VRJU08C_#9LVUC2PY_#CJV2PJ0R_CHESTER_OTIS_WILLOW_DAMIAN_STARR NOVA_BERRY,EMEA,#80PVPCC29;#2VJCCCQGP;#J089RQ;#29VRJU08C;#9LVUC2PY;#CJV2PJ0R,NAVI|Enraged;NAVI|GeRo;NAVI|Drage;MAD|Yoko;SK|OPE;SK|Yoshi825,STARR NOVA,0,0.0%,brawlBall,Triple Dribble,22/06/2026 22:45:07,#9LVUC2PY,SK|OPE,SK,SK GAMING,friendly
None_Triple Dribble_#80PVPCC29_#2VJCCCQGP_#J089RQ_#29VRJU08C_#9LVUC2PY_#CJV2PJ0R_CHESTER_OTIS_WILLOW_DAMIAN_STARR NOVA_BERRY,EMEA,#80PVPCC29;#2VJCCCQGP;#J089RQ;#29VRJU08C;#9LVUC2PY;#CJV2PJ0R,NAVI|Enraged;NAVI|GeRo;NAVI|Drage;MAD|Yoko;SK|OPE;SK|Yoshi825,BERRY,0,0.0%,brawlBall,Triple Dribble,22/06/2026 22:45:07,#CJV2PJ0R,SK|Yoshi825,SK,SK GAMING,friendly
None_Triple Dribble_#80PVPCC29_#2VJCCCQGP_#J089RQ_#29VRJU08C_#CJV2PJ0R_#9LVUC2PY_SHADE_CROW_MEEPLE_OTIS_CHESTER_WILLOW,EMEA,#80PVPCC29;#2VJCCCQGP;#J089RQ;#29VRJU08C;#CJV2PJ0R;#9LVUC2PY,NAVI|Enraged;NAVI|GeRo;NAVI|Drage;MAD|Yoko;SK|Yoshi825;SK|OPE,SHADE,1,100.0%,brawlBall,Triple Dribble,22/06/2026 22:45:07,#80PVPCC29,NAVI|Enraged,NAVI,NAVI,friendly
None_Triple Dribble_#80PVPCC29_#2VJCCCQGP_#J089RQ_#29VRJU08C_#CJV2PJ0R_#9LVUC2PY_SHADE_CROW_MEEPLE_OTIS_CHESTER_WILLOW,EMEA,#80PVPCC29;#2VJCCCQGP;#J089RQ;#29VRJU08C;#CJV2PJ0R;#9LVUC2PY,NAVI|Enraged;NAVI|GeRo;NAVI|Drage;MAD|Yoko;SK|Yoshi825;SK|OPE,CROW,1,100.0%,brawlBall,Triple Dribble,22/06/2026 22:45:07,#2VJCCCQGP,NAVI|GeRo,NAVI,NAVI,friendly
None_Triple Dribble_#80PVPCC29_#2VJCCCQGP_#J089RQ_#29VRJU08C_#CJV2PJ0R_#9LVUC2PY_SHADE_CROW_MEEPLE_OTIS_CHESTER_WILLOW,EMEA,#80PVPCC29;#2VJCCCQGP;#J089RQ;#29VRJU08C;#CJV2PJ0R;#9LVUC2PY,NAVI|Enraged;NAVI|GeRo;NAVI|Drage;MAD|Yoko;SK|Yoshi825;SK|OPE,MEEPLE,1,100.0%,brawlBall,Triple Dribble,22/06/2026 22:45:07,#J089RQ,NAVI|Drage,NAVI,NAVI,friendly
None_Triple Dribble_#80PVPCC29_#2VJCCCQGP_#J089RQ_#29VRJU08C_#CJV2PJ0R_#9LVUC2PY_SHADE_CROW_MEEPLE_OTIS_CHESTER_WILLOW,EMEA,#80PVPCC29;#2VJCCCQGP;#J089RQ;#29VRJU08C;#CJV2PJ0R;#9LVUC2PY,NAVI|Enraged;NAVI|GeRo;NAVI|Drage;MAD|Yoko;SK|Yoshi825;SK|OPE,OTIS,0,0.0%,brawlBall,Triple Dribble,22/06/2026 22:45:07,#29VRJU08C,MAD|Yoko,SK,SK GAMING,friendly
None_Triple Dribble_#80PVPCC29_#2VJCCCQGP_#J089RQ_#29VRJU08C_#CJV2PJ0R_#9LVUC2PY_SHADE_CROW_MEEPLE_OTIS_CHESTER_WILLOW,EMEA,#80PVPCC29;#2VJCCCQGP;#J089RQ;#29VRJU08C;#CJV2PJ0R;#9LVUC2PY,NAVI|Enraged;NAVI|GeRo;NAVI|Drage;MAD|Yoko;SK|Yoshi825;SK|OPE,CHESTER,0,0.0%,brawlBall,Triple Dribble,22/06/2026 22:45:07,#CJV2PJ0R,SK|Yoshi825,SK,SK GAMING,friendly
None_Triple Dribble_#80PVPCC29_#2VJCCCQGP_#J089RQ_#29VRJU08C_#CJV2PJ0R_#9LVUC2PY_SHADE_CROW_MEEPLE_OTIS_CHESTER_WILLOW,EMEA,#80PVPCC29;#2VJCCCQGP;#J089RQ;#29VRJU08C;#CJV2PJ0R;#9LVUC2PY,NAVI|Enraged;NAVI|GeRo;NAVI|Drage;MAD|Yoko;SK|Yoshi825;SK|OPE,WILLOW,0,0.0%,brawlBall,Triple Dribble,22/06/2026 22:45:07,#9LVUC2PY,SK|OPE,SK,SK GAMING,friendly
None_Crystal Arcade_#2VJCCCQGP_#80PVPCC29_#J089RQ_#29VRJU08C_#CJV2PJ0R_#9LVUC2PY_OTIS_FANG_MEEPLE_CHESTER_LUMI_MORTIS,EMEA,#2VJCCCQGP;#80PVPCC29;#J089RQ;#29VRJU08C;#CJV2PJ0R;#9LVUC2PY,NAVI|GeRo;NAVI|Enraged;NAVI|Drage;MAD|Yoko;SK|Yoshi825;SK|OPE,OTIS,0,0.0%,gemGrab,Crystal Arcade,22/06/2026 22:45:07,#2VJCCCQGP,NAVI|GeRo,NAVI,NAVI,friendly
None_Crystal Arcade_#2VJCCCQGP_#80PVPCC29_#J089RQ_#29VRJU08C_#CJV2PJ0R_#9LVUC2PY_OTIS_FANG_MEEPLE_CHESTER_LUMI_MORTIS,EMEA,#2VJCCCQGP;#80PVPCC29;#J089RQ;#29VRJU08C;#CJV2PJ0R;#9LVUC2PY,NAVI|GeRo;NAVI|Enraged;NAVI|Drage;MAD|Yoko;SK|Yoshi825;SK|OPE,FANG,0,0.0%,gemGrab,Crystal Arcade,22/06/2026 22:45:07,#80PVPCC29,NAVI|Enraged,NAVI,NAVI,friendly
None_Crystal Arcade_#2VJCCCQGP_#80PVPCC29_#J089RQ_#29VRJU08C_#CJV2PJ0R_#9LVUC2PY_OTIS_FANG_MEEPLE_CHESTER_LUMI_MORTIS,EMEA,#2VJCCCQGP;#80PVPCC29;#J089RQ;#29VRJU08C;#CJV2PJ0R;#9LVUC2PY,NAVI|GeRo;NAVI|Enraged;NAVI|Drage;MAD|Yoko;SK|Yoshi825;SK|OPE,MEEPLE,0,0.0%,gemGrab,Crystal Arcade,22/06/2026 22:45:07,#J089RQ,NAVI|Drage,NAVI,NAVI,friendly
None_Crystal Arcade_#2VJCCCQGP_#80PVPCC29_#J089RQ_#29VRJU08C_#CJV2PJ0R_#9LVUC2PY_OTIS_FANG_MEEPLE_CHESTER_LUMI_MORTIS,EMEA,#2VJCCCQGP;#80PVPCC29;#J089RQ;#29VRJU08C;#CJV2PJ0R;#9LVUC2PY,NAVI|GeRo;NAVI|Enraged;NAVI|Drage;MAD|Yoko;SK|Yoshi825;SK|OPE,CHESTER,1,100.0%,gemGrab,Crystal Arcade,22/06/2026 22:45:07,#29VRJU08C,MAD|Yoko,SK,SK GAMING,friendly
None_Crystal Arcade_#2VJCCCQGP_#80PVPCC29_#J089RQ_#29VRJU08C_#CJV2PJ0R_#9LVUC2PY_OTIS_FANG_MEEPLE_CHESTER_LUMI_MORTIS,EMEA,#2VJCCCQGP;#80PVPCC29;#J089RQ;#29VRJU08C;#CJV2PJ0R;#9LVUC2PY,NAVI|GeRo;NAVI|Enraged;NAVI|Drage;MAD|Yoko;SK|Yoshi825;SK|OPE,LUMI,1,100.0%,gemGrab,Crystal Arcade,22/06/2026 22:45:07,#CJV2PJ0R,SK|Yoshi825,SK,SK GAMING,friendly
None_Crystal Arcade_#2VJCCCQGP_#80PVPCC29_#J089RQ_#29VRJU08C_#CJV2PJ0R_#9LVUC2PY_OTIS_FANG_MEEPLE_CHESTER_LUMI_MORTIS,EMEA,#2VJCCCQGP;#80PVPCC29;#J089RQ;#29VRJU08C;#CJV2PJ0R;#9LVUC2PY,NAVI|GeRo;NAVI|Enraged;NAVI|Drage;MAD|Yoko;SK|Yoshi825;SK|OPE,MORTIS,1,100.0%,gemGrab,Crystal Arcade,22/06/2026 22:45:07,#9LVUC2PY,SK|OPE,SK,SK GAMING,friendly
None_Crystal Arcade_#80PVPCC29_#2VJCCCQGP_#J089RQ_#29VRJU08C_#CJV2PJ0R_#9LVUC2PY_CHESTER_NAJIA_MEEPLE_STU_SANDY_STARR NOVA,EMEA,#80PVPCC29;#2VJCCCQGP;#J089RQ;#29VRJU08C;#CJV2PJ0R;#9LVUC2PY,NAVI|Enraged;NAVI|GeRo;NAVI|Drage;MAD|Yoko;SK|Yoshi825;SK|OPE,CHESTER,0,0.0%,gemGrab,Crystal Arcade,22/06/2026 22:45:07,#80PVPCC29,NAVI|Enraged,NAVI,NAVI,friendly
None_Crystal Arcade_#80PVPCC29_#2VJCCCQGP_#J089RQ_#29VRJU08C_#CJV2PJ0R_#9LVUC2PY_CHESTER_NAJIA_MEEPLE_STU_SANDY_STARR NOVA,EMEA,#80PVPCC29;#2VJCCCQGP;#J089RQ;#29VRJU08C;#CJV2PJ0R;#9LVUC2PY,NAVI|Enraged;NAVI|GeRo;NAVI|Drage;MAD|Yoko;SK|Yoshi825;SK|OPE,NAJIA,0,0.0%,gemGrab,Crystal Arcade,22/06/2026 22:45:07,#2VJCCCQGP,NAVI|GeRo,NAVI,NAVI,friendly
None_Crystal Arcade_#80PVPCC29_#2VJCCCQGP_#J089RQ_#29VRJU08C_#CJV2PJ0R_#9LVUC2PY_CHESTER_NAJIA_MEEPLE_STU_SANDY_STARR NOVA,EMEA,#80PVPCC29;#2VJCCCQGP;#J089RQ;#29VRJU08C;#CJV2PJ0R;#9LVUC2PY,NAVI|Enraged;NAVI|GeRo;NAVI|Drage;MAD|Yoko;SK|Yoshi825;SK|OPE,MEEPLE,0,0.0%,gemGrab,Crystal Arcade,22/06/2026 22:45:07,#J089RQ,NAVI|Drage,NAVI,NAVI,friendly
None_Crystal Arcade_#80PVPCC29_#2VJCCCQGP_#J089RQ_#29VRJU08C_#CJV2PJ0R_#9LVUC2PY_CHESTER_NAJIA_MEEPLE_STU_SANDY_STARR NOVA,EMEA,#80PVPCC29;#2VJCCCQGP;#J089RQ;#29VRJU08C;#CJV2PJ0R;#9LVUC2PY,NAVI|Enraged;NAVI|GeRo;NAVI|Drage;MAD|Yoko;SK|Yoshi825;SK|OPE,STU,1,100.0%,gemGrab,Crystal Arcade,22/06/2026 22:45:07,#29VRJU08C,MAD|Yoko,SK,SK GAMING,friendly
None_Crystal Arcade_#80PVPCC29_#2VJCCCQGP_#J089RQ_#29VRJU08C_#CJV2PJ0R_#9LVUC2PY_CHESTER_NAJIA_MEEPLE_STU_SANDY_STARR NOVA,EMEA,#80PVPCC29;#2VJCCCQGP;#J089RQ;#29VRJU08C;#CJV2PJ0R;#9LVUC2PY,NAVI|Enraged;NAVI|GeRo;NAVI|Drage;MAD|Yoko;SK|Yoshi825;SK|OPE,SANDY,1,100.0%,gemGrab,Crystal Arcade,22/06/2026 22:45:07,#CJV2PJ0R,SK|Yoshi825,SK,SK GAMING,friendly
None_Crystal Arcade_#80PVPCC29_#2VJCCCQGP_#J089RQ_#29VRJU08C_#CJV2PJ0R_#9LVUC2PY_CHESTER_NAJIA_MEEPLE_STU_SANDY_STARR NOVA,EMEA,#80PVPCC29;#2VJCCCQGP;#J089RQ;#29VRJU08C;#CJV2PJ0R;#9LVUC2PY,NAVI|Enraged;NAVI|GeRo;NAVI|Drage;MAD|Yoko;SK|Yoshi825;SK|OPE,STARR NOVA,1,100.0%,gemGrab,Crystal Arcade,22/06/2026 22:45:07,#9LVUC2PY,SK|OPE,SK,SK GAMING,friendly
None_Ring of Fire_#9JCG0VY8U_#82RGU8PR_#2Q892QVU_#CJV2PJ0R_#29VRJU08C_#9LVUC2PY_STARR NOVA_PEARL_RUFFS_CROW_PENNY_MORTIS,EMEA,#9JCG0VY8U;#82RGU8PR;#2Q892QVU;#CJV2PJ0R;#29VRJU08C;#9LVUC2PY,TTM|Joker;TTM|Maury;TTM|Maru;SK|Yoshi825;MAD|Yoko;SK|OPE,STARR NOVA,1,100.0%,hotZone,Ring of Fire,22/06/2026 22:45:07,#9JCG0VY8U,TTM|Joker,TTM,REPLY TOTEM,friendly
None_Ring of Fire_#9JCG0VY8U_#82RGU8PR_#2Q892QVU_#CJV2PJ0R_#29VRJU08C_#9LVUC2PY_STARR NOVA_PEARL_RUFFS_CROW_PENNY_MORTIS,EMEA,#9JCG0VY8U;#82RGU8PR;#2Q892QVU;#CJV2PJ0R;#29VRJU08C;#9LVUC2PY,TTM|Joker;TTM|Maury;TTM|Maru;SK|Yoshi825;MAD|Yoko;SK|OPE,PEARL,1,100.0%,hotZone,Ring of Fire,22/06/2026 22:45:07,#82RGU8PR,TTM|Maury,TTM,REPLY TOTEM,friendly
None_Ring of Fire_#9JCG0VY8U_#82RGU8PR_#2Q892QVU_#CJV2PJ0R_#29VRJU08C_#9LVUC2PY_STARR NOVA_PEARL_RUFFS_CROW_PENNY_MORTIS,EMEA,#9JCG0VY8U;#82RGU8PR;#2Q892QVU;#CJV2PJ0R;#29VRJU08C;#9LVUC2PY,TTM|Joker;TTM|Maury;TTM|Maru;SK|Yoshi825;MAD|Yoko;SK|OPE,RUFFS,1,100.0%,hotZone,Ring of Fire,22/06/2026 22:45:07,#2Q892QVU,TTM|Maru,TTM,REPLY TOTEM,friendly
None_Ring of Fire_#9JCG0VY8U_#82RGU8PR_#2Q892QVU_#CJV2PJ0R_#29VRJU08C_#9LVUC2PY_STARR NOVA_PEARL_RUFFS_CROW_PENNY_MORTIS,EMEA,#9JCG0VY8U;#82RGU8PR;#2Q892QVU;#CJV2PJ0R;#29VRJU08C;#9LVUC2PY,TTM|Joker;TTM|Maury;TTM|Maru;SK|Yoshi825;MAD|Yoko;SK|OPE,CROW,0,0.0%,hotZone,Ring of Fire,22/06/2026 22:45:07,#CJV2PJ0R,SK|Yoshi825,SK,SK GAMING,friendly
None_Ring of Fire_#9JCG0VY8U_#82RGU8PR_#2Q892QVU_#CJV2PJ0R_#29VRJU08C_#9LVUC2PY_STARR NOVA_PEARL_RUFFS_CROW_PENNY_MORTIS,EMEA,#9JCG0VY8U;#82RGU8PR;#2Q892QVU;#CJV2PJ0R;#29VRJU08C;#9LVUC2PY,TTM|Joker;TTM|Maury;TTM|Maru;SK|Yoshi825;MAD|Yoko;SK|OPE,PENNY,0,0.0%,hotZone,Ring of Fire,22/06/2026 22:45:07,#29VRJU08C,MAD|Yoko,SK,SK GAMING,friendly
None_Ring of Fire_#9JCG0VY8U_#82RGU8PR_#2Q892QVU_#CJV2PJ0R_#29VRJU08C_#9LVUC2PY_STARR NOVA_PEARL_RUFFS_CROW_PENNY_MORTIS,EMEA,#9JCG0VY8U;#82RGU8PR;#2Q892QVU;#CJV2PJ0R;#29VRJU08C;#9LVUC2PY,TTM|Joker;TTM|Maury;TTM|Maru;SK|Yoshi825;MAD|Yoko;SK|OPE,MORTIS,0,0.0%,hotZone,Ring of Fire,22/06/2026 22:45:07,#9LVUC2PY,SK|OPE,SK,SK GAMING,friendly
None_Open Business_#2Q892QVU_#9JCG0VY8U_#82RGU8PR_#89VC2CGCJ_#Q22ULY9JY_#PCPRPJV_NITA_STARR NOVA_POCO_DAMIAN_GALE_BARLEY,EMEA,#2Q892QVU;#9JCG0VY8U;#82RGU8PR;#89VC2CGCJ;#Q22ULY9JY;#PCPRPJV,TTM|Maru;TTM|Joker;TTM|Maury;V777 SRT;TH|Marco;TH|iKaoss,NITA,1,100.0%,hotZone,Open Business,22/06/2026 22:45:07,#2Q892QVU,TTM|Maru,TTM,REPLY TOTEM,friendly
None_Open Business_#2Q892QVU_#9JCG0VY8U_#82RGU8PR_#89VC2CGCJ_#Q22ULY9JY_#PCPRPJV_NITA_STARR NOVA_POCO_DAMIAN_GALE_BARLEY,EMEA,#2Q892QVU;#9JCG0VY8U;#82RGU8PR;#89VC2CGCJ;#Q22ULY9JY;#PCPRPJV,TTM|Maru;TTM|Joker;TTM|Maury;V777 SRT;TH|Marco;TH|iKaoss,STARR NOVA,1,100.0%,hotZone,Open Business,22/06/2026 22:45:07,#9JCG0VY8U,TTM|Joker,TTM,REPLY TOTEM,friendly
None_Open Business_#2Q892QVU_#9JCG0VY8U_#82RGU8PR_#89VC2CGCJ_#Q22ULY9JY_#PCPRPJV_NITA_STARR NOVA_POCO_DAMIAN_GALE_BARLEY,EMEA,#2Q892QVU;#9JCG0VY8U;#82RGU8PR;#89VC2CGCJ;#Q22ULY9JY;#PCPRPJV,TTM|Maru;TTM|Joker;TTM|Maury;V777 SRT;TH|Marco;TH|iKaoss,POCO,1,100.0%,hotZone,Open Business,22/06/2026 22:45:07,#82RGU8PR,TTM|Maury,TTM,REPLY TOTEM,friendly
None_Open Business_#2Q892QVU_#9JCG0VY8U_#82RGU8PR_#89VC2CGCJ_#Q22ULY9JY_#PCPRPJV_NITA_STARR NOVA_POCO_DAMIAN_GALE_BARLEY,EMEA,#2Q892QVU;#9JCG0VY8U;#82RGU8PR;#89VC2CGCJ;#Q22ULY9JY;#PCPRPJV,TTM|Maru;TTM|Joker;TTM|Maury;V777 SRT;TH|Marco;TH|iKaoss,DAMIAN,0,0.0%,hotZone,Open Business,22/06/2026 22:45:07,#89VC2CGCJ,V777 SRT,TH,TEAM HERETICS,friendly
None_Open Business_#2Q892QVU_#9JCG0VY8U_#82RGU8PR_#89VC2CGCJ_#Q22ULY9JY_#PCPRPJV_NITA_STARR NOVA_POCO_DAMIAN_GALE_BARLEY,EMEA,#2Q892QVU;#9JCG0VY8U;#82RGU8PR;#89VC2CGCJ;#Q22ULY9JY;#PCPRPJV,TTM|Maru;TTM|Joker;TTM|Maury;V777 SRT;TH|Marco;TH|iKaoss,GALE,0,0.0%,hotZone,Open Business,22/06/2026 22:45:07,#Q22ULY9JY,TH|Marco,TH,TEAM HERETICS,friendly
None_Open Business_#2Q892QVU_#9JCG0VY8U_#82RGU8PR_#89VC2CGCJ_#Q22ULY9JY_#PCPRPJV_NITA_STARR NOVA_POCO_DAMIAN_GALE_BARLEY,EMEA,#2Q892QVU;#9JCG0VY8U;#82RGU8PR;#89VC2CGCJ;#Q22ULY9JY;#PCPRPJV,TTM|Maru;TTM|Joker;TTM|Maury;V777 SRT;TH|Marco;TH|iKaoss,BARLEY,0,0.0%,hotZone,Open Business,22/06/2026 22:45:07,#PCPRPJV,TH|iKaoss,TH,TEAM HERETICS,friendly
None_Open Business_#82RGU8PR_#2Q892QVU_#9JCG0VY8U_#89VC2CGCJ_#Q22ULY9JY_#PCPRPJV_POCO_STARR NOVA_BIBI_DAMIAN_DRACO_AMBER,EMEA,#82RGU8PR;#2Q892QVU;#9JCG0VY8U;#89VC2CGCJ;#Q22ULY9JY;#PCPRPJV,TTM|Maury;TTM|Maru;TTM|Joker;V777 SRT;TH|Marco;TH|iKaoss,POCO,1,100.0%,hotZone,Open Business,22/06/2026 22:45:07,#82RGU8PR,TTM|Maury,TTM,REPLY TOTEM,friendly
None_Open Business_#82RGU8PR_#2Q892QVU_#9JCG0VY8U_#89VC2CGCJ_#Q22ULY9JY_#PCPRPJV_POCO_STARR NOVA_BIBI_DAMIAN_DRACO_AMBER,EMEA,#82RGU8PR;#2Q892QVU;#9JCG0VY8U;#89VC2CGCJ;#Q22ULY9JY;#PCPRPJV,TTM|Maury;TTM|Maru;TTM|Joker;V777 SRT;TH|Marco;TH|iKaoss,STARR NOVA,1,100.0%,hotZone,Open Business,22/06/2026 22:45:07,#2Q892QVU,TTM|Maru,TTM,REPLY TOTEM,friendly
None_Open Business_#82RGU8PR_#2Q892QVU_#9JCG0VY8U_#89VC2CGCJ_#Q22ULY9JY_#PCPRPJV_POCO_STARR NOVA_BIBI_DAMIAN_DRACO_AMBER,EMEA,#82RGU8PR;#2Q892QVU;#9JCG0VY8U;#89VC2CGCJ;#Q22ULY9JY;#PCPRPJV,TTM|Maury;TTM|Maru;TTM|Joker;V777 SRT;TH|Marco;TH|iKaoss,BIBI,1,100.0%,hotZone,Open Business,22/06/2026 22:45:07,#9JCG0VY8U,TTM|Joker,TTM,REPLY TOTEM,friendly
None_Open Business_#82RGU8PR_#2Q892QVU_#9JCG0VY8U_#89VC2CGCJ_#Q22ULY9JY_#PCPRPJV_POCO_STARR NOVA_BIBI_DAMIAN_DRACO_AMBER,EMEA,#82RGU8PR;#2Q892QVU;#9JCG0VY8U;#89VC2CGCJ;#Q22ULY9JY;#PCPRPJV,TTM|Maury;TTM|Maru;TTM|Joker;V777 SRT;TH|Marco;TH|iKaoss,DAMIAN,0,0.0%,hotZone,Open Business,22/06/2026 22:45:07,#89VC2CGCJ,V777 SRT,TH,TEAM HERETICS,friendly
None_Open Business_#82RGU8PR_#2Q892QVU_#9JCG0VY8U_#89VC2CGCJ_#Q22ULY9JY_#PCPRPJV_POCO_STARR NOVA_BIBI_DAMIAN_DRACO_AMBER,EMEA,#82RGU8PR;#2Q892QVU;#9JCG0VY8U;#89VC2CGCJ;#Q22ULY9JY;#PCPRPJV,TTM|Maury;TTM|Maru;TTM|Joker;V777 SRT;TH|Marco;TH|iKaoss,DRACO,0,0.0%,hotZone,Open Business,22/06/2026 22:45:07,#Q22ULY9JY,TH|Marco,TH,TEAM HERETICS,friendly
None_Open Business_#82RGU8PR_#2Q892QVU_#9JCG0VY8U_#89VC2CGCJ_#Q22ULY9JY_#PCPRPJV_POCO_STARR NOVA_BIBI_DAMIAN_DRACO_AMBER,EMEA,#82RGU8PR;#2Q892QVU;#9JCG0VY8U;#89VC2CGCJ;#Q22ULY9JY;#PCPRPJV,TTM|Maury;TTM|Maru;TTM|Joker;V777 SRT;TH|Marco;TH|iKaoss,AMBER,0,0.0%,hotZone,Open Business,22/06/2026 22:45:07,#PCPRPJV,TH|iKaoss,TH,TEAM HERETICS,friendly
None_Pit Stop_#2Q892QVU_#82RGU8PR_#9JCG0VY8U_#89VC2CGCJ_#PCPRPJV_#Q22ULY9JY_LILY_NITA_EDGAR_COLETTE_BERRY_LUMI,EMEA,#2Q892QVU;#82RGU8PR;#9JCG0VY8U;#89VC2CGCJ;#PCPRPJV;#Q22ULY9JY,TTM|Maru;TTM|Maury;TTM|Joker;V777 SRT;TH|iKaoss;TH|Marco,LILY,1,100.0%,heist,Pit Stop,22/06/2026 22:45:07,#2Q892QVU,TTM|Maru,TTM,REPLY TOTEM,friendly
None_Pit Stop_#2Q892QVU_#82RGU8PR_#9JCG0VY8U_#89VC2CGCJ_#PCPRPJV_#Q22ULY9JY_LILY_NITA_EDGAR_COLETTE_BERRY_LUMI,EMEA,#2Q892QVU;#82RGU8PR;#9JCG0VY8U;#89VC2CGCJ;#PCPRPJV;#Q22ULY9JY,TTM|Maru;TTM|Maury;TTM|Joker;V777 SRT;TH|iKaoss;TH|Marco,NITA,1,100.0%,heist,Pit Stop,22/06/2026 22:45:07,#82RGU8PR,TTM|Maury,TTM,REPLY TOTEM,friendly
None_Pit Stop_#2Q892QVU_#82RGU8PR_#9JCG0VY8U_#89VC2CGCJ_#PCPRPJV_#Q22ULY9JY_LILY_NITA_EDGAR_COLETTE_BERRY_LUMI,EMEA,#2Q892QVU;#82RGU8PR;#9JCG0VY8U;#89VC2CGCJ;#PCPRPJV;#Q22ULY9JY,TTM|Maru;TTM|Maury;TTM|Joker;V777 SRT;TH|iKaoss;TH|Marco,EDGAR,1,100.0%,heist,Pit Stop,22/06/2026 22:45:07,#9JCG0VY8U,TTM|Joker,TTM,REPLY TOTEM,friendly
None_Pit Stop_#2Q892QVU_#82RGU8PR_#9JCG0VY8U_#89VC2CGCJ_#PCPRPJV_#Q22ULY9JY_LILY_NITA_EDGAR_COLETTE_BERRY_LUMI,EMEA,#2Q892QVU;#82RGU8PR;#9JCG0VY8U;#89VC2CGCJ;#PCPRPJV;#Q22ULY9JY,TTM|Maru;TTM|Maury;TTM|Joker;V777 SRT;TH|iKaoss;TH|Marco,COLETTE,0,0.0%,heist,Pit Stop,22/06/2026 22:45:07,#89VC2CGCJ,V777 SRT,TH,TEAM HERETICS,friendly
None_Pit Stop_#2Q892QVU_#82RGU8PR_#9JCG0VY8U_#89VC2CGCJ_#PCPRPJV_#Q22ULY9JY_LILY_NITA_EDGAR_COLETTE_BERRY_LUMI,EMEA,#2Q892QVU;#82RGU8PR;#9JCG0VY8U;#89VC2CGCJ;#PCPRPJV;#Q22ULY9JY,TTM|Maru;TTM|Maury;TTM|Joker;V777 SRT;TH|iKaoss;TH|Marco,BERRY,0,0.0%,heist,Pit Stop,22/06/2026 22:45:07,#PCPRPJV,TH|iKaoss,TH,TEAM HERETICS,friendly
None_Pit Stop_#2Q892QVU_#82RGU8PR_#9JCG0VY8U_#89VC2CGCJ_#PCPRPJV_#Q22ULY9JY_LILY_NITA_EDGAR_COLETTE_BERRY_LUMI,EMEA,#2Q892QVU;#82RGU8PR;#9JCG0VY8U;#89VC2CGCJ;#PCPRPJV;#Q22ULY9JY,TTM|Maru;TTM|Maury;TTM|Joker;V777 SRT;TH|iKaoss;TH|Marco,LUMI,0,0.0%,heist,Pit Stop,22/06/2026 22:45:07,#Q22ULY9JY,TH|Marco,TH,TEAM HERETICS,friendly
None_Pit Stop_#2Q892QVU_#9JCG0VY8U_#82RGU8PR_#89VC2CGCJ_#PCPRPJV_#Q22ULY9JY_KAZE_BIBI_MAISIE_BUZZ_NITA_MICO,EMEA,#2Q892QVU;#9JCG0VY8U;#82RGU8PR;#89VC2CGCJ;#PCPRPJV;#Q22ULY9JY,TTM|Maru;TTM|Joker;TTM|Maury;V777 SRT;TH|iKaoss;TH|Marco,KAZE,0,0.0%,heist,Pit Stop,22/06/2026 22:45:07,#2Q892QVU,TTM|Maru,TTM,REPLY TOTEM,friendly
None_Pit Stop_#2Q892QVU_#9JCG0VY8U_#82RGU8PR_#89VC2CGCJ_#PCPRPJV_#Q22ULY9JY_KAZE_BIBI_MAISIE_BUZZ_NITA_MICO,EMEA,#2Q892QVU;#9JCG0VY8U;#82RGU8PR;#89VC2CGCJ;#PCPRPJV;#Q22ULY9JY,TTM|Maru;TTM|Joker;TTM|Maury;V777 SRT;TH|iKaoss;TH|Marco,BIBI,0,0.0%,heist,Pit Stop,22/06/2026 22:45:07,#9JCG0VY8U,TTM|Joker,TTM,REPLY TOTEM,friendly
None_Pit Stop_#2Q892QVU_#9JCG0VY8U_#82RGU8PR_#89VC2CGCJ_#PCPRPJV_#Q22ULY9JY_KAZE_BIBI_MAISIE_BUZZ_NITA_MICO,EMEA,#2Q892QVU;#9JCG0VY8U;#82RGU8PR;#89VC2CGCJ;#PCPRPJV;#Q22ULY9JY,TTM|Maru;TTM|Joker;TTM|Maury;V777 SRT;TH|iKaoss;TH|Marco,MAISIE,0,0.0%,heist,Pit Stop,22/06/2026 22:45:07,#82RGU8PR,TTM|Maury,TTM,REPLY TOTEM,friendly
None_Pit Stop_#2Q892QVU_#9JCG0VY8U_#82RGU8PR_#89VC2CGCJ_#PCPRPJV_#Q22ULY9JY_KAZE_BIBI_MAISIE_BUZZ_NITA_MICO,EMEA,#2Q892QVU;#9JCG0VY8U;#82RGU8PR;#89VC2CGCJ;#PCPRPJV;#Q22ULY9JY,TTM|Maru;TTM|Joker;TTM|Maury;V777 SRT;TH|iKaoss;TH|Marco,BUZZ,1,100.0%,heist,Pit Stop,22/06/2026 22:45:07,#89VC2CGCJ,V777 SRT,TH,TEAM HERETICS,friendly
None_Pit Stop_#2Q892QVU_#9JCG0VY8U_#82RGU8PR_#89VC2CGCJ_#PCPRPJV_#Q22ULY9JY_KAZE_BIBI_MAISIE_BUZZ_NITA_MICO,EMEA,#2Q892QVU;#9JCG0VY8U;#82RGU8PR;#89VC2CGCJ;#PCPRPJV;#Q22ULY9JY,TTM|Maru;TTM|Joker;TTM|Maury;V777 SRT;TH|iKaoss;TH|Marco,NITA,1,100.0%,heist,Pit Stop,22/06/2026 22:45:07,#PCPRPJV,TH|iKaoss,TH,TEAM HERETICS,friendly
None_Pit Stop_#2Q892QVU_#9JCG0VY8U_#82RGU8PR_#89VC2CGCJ_#PCPRPJV_#Q22ULY9JY_KAZE_BIBI_MAISIE_BUZZ_NITA_MICO,EMEA,#2Q892QVU;#9JCG0VY8U;#82RGU8PR;#89VC2CGCJ;#PCPRPJV;#Q22ULY9JY,TTM|Maru;TTM|Joker;TTM|Maury;V777 SRT;TH|iKaoss;TH|Marco,MICO,1,100.0%,heist,Pit Stop,22/06/2026 22:45:07,#Q22ULY9JY,TH|Marco,TH,TEAM HERETICS,friendly
None_Gem Fort_#2Q892QVU_#82RGU8PR_#9JCG0VY8U_#89VC2CGCJ_#Q22ULY9JY_#PCPRPJV_SANDY_GLOWY_DAMIAN_EDGAR_STARR NOVA_FINX,EMEA,#2Q892QVU;#82RGU8PR;#9JCG0VY8U;#89VC2CGCJ;#Q22ULY9JY;#PCPRPJV,TTM|Maru;TTM|Maury;TTM|Joker;V777 SRT;TH|Marco;TH|iKaoss,SANDY,1,100.0%,gemGrab,Gem Fort,22/06/2026 22:45:07,#2Q892QVU,TTM|Maru,TTM,REPLY TOTEM,friendly
None_Gem Fort_#2Q892QVU_#82RGU8PR_#9JCG0VY8U_#89VC2CGCJ_#Q22ULY9JY_#PCPRPJV_SANDY_GLOWY_DAMIAN_EDGAR_STARR NOVA_FINX,EMEA,#2Q892QVU;#82RGU8PR;#9JCG0VY8U;#89VC2CGCJ;#Q22ULY9JY;#PCPRPJV,TTM|Maru;TTM|Maury;TTM|Joker;V777 SRT;TH|Marco;TH|iKaoss,GLOWY,1,100.0%,gemGrab,Gem Fort,22/06/2026 22:45:07,#82RGU8PR,TTM|Maury,TTM,REPLY TOTEM,friendly
None_Gem Fort_#2Q892QVU_#82RGU8PR_#9JCG0VY8U_#89VC2CGCJ_#Q22ULY9JY_#PCPRPJV_SANDY_GLOWY_DAMIAN_EDGAR_STARR NOVA_FINX,EMEA,#2Q892QVU;#82RGU8PR;#9JCG0VY8U;#89VC2CGCJ;#Q22ULY9JY;#PCPRPJV,TTM|Maru;TTM|Maury;TTM|Joker;V777 SRT;TH|Marco;TH|iKaoss,DAMIAN,1,100.0%,gemGrab,Gem Fort,22/06/2026 22:45:07,#9JCG0VY8U,TTM|Joker,TTM,REPLY TOTEM,friendly
None_Gem Fort_#2Q892QVU_#82RGU8PR_#9JCG0VY8U_#89VC2CGCJ_#Q22ULY9JY_#PCPRPJV_SANDY_GLOWY_DAMIAN_EDGAR_STARR NOVA_FINX,EMEA,#2Q892QVU;#82RGU8PR;#9JCG0VY8U;#89VC2CGCJ;#Q22ULY9JY;#PCPRPJV,TTM|Maru;TTM|Maury;TTM|Joker;V777 SRT;TH|Marco;TH|iKaoss,EDGAR,0,0.0%,gemGrab,Gem Fort,22/06/2026 22:45:07,#89VC2CGCJ,V777 SRT,TH,TEAM HERETICS,friendly
None_Gem Fort_#2Q892QVU_#82RGU8PR_#9JCG0VY8U_#89VC2CGCJ_#Q22ULY9JY_#PCPRPJV_SANDY_GLOWY_DAMIAN_EDGAR_STARR NOVA_FINX,EMEA,#2Q892QVU;#82RGU8PR;#9JCG0VY8U;#89VC2CGCJ;#Q22ULY9JY;#PCPRPJV,TTM|Maru;TTM|Maury;TTM|Joker;V777 SRT;TH|Marco;TH|iKaoss,STARR NOVA,0,0.0%,gemGrab,Gem Fort,22/06/2026 22:45:07,#Q22ULY9JY,TH|Marco,TH,TEAM HERETICS,friendly
None_Gem Fort_#2Q892QVU_#82RGU8PR_#9JCG0VY8U_#89VC2CGCJ_#Q22ULY9JY_#PCPRPJV_SANDY_GLOWY_DAMIAN_EDGAR_STARR NOVA_FINX,EMEA,#2Q892QVU;#82RGU8PR;#9JCG0VY8U;#89VC2CGCJ;#Q22ULY9JY;#PCPRPJV,TTM|Maru;TTM|Maury;TTM|Joker;V777 SRT;TH|Marco;TH|iKaoss,FINX,0,0.0%,gemGrab,Gem Fort,22/06/2026 22:45:07,#PCPRPJV,TH|iKaoss,TH,TEAM HERETICS,friendly
None_Gem Fort_#9JCG0VY8U_#2Q892QVU_#82RGU8PR_#89VC2CGCJ_#Q22ULY9JY_#PCPRPJV_ALLI_NITA_OTIS_SANDY_MORTIS_CHESTER,EMEA,#9JCG0VY8U;#2Q892QVU;#82RGU8PR;#89VC2CGCJ;#Q22ULY9JY;#PCPRPJV,TTM|Joker;TTM|Maru;TTM|Maury;V777 SRT;TH|Marco;TH|iKaoss,ALLI,1,100.0%,gemGrab,Gem Fort,22/06/2026 22:45:07,#9JCG0VY8U,TTM|Joker,TTM,REPLY TOTEM,friendly
None_Gem Fort_#9JCG0VY8U_#2Q892QVU_#82RGU8PR_#89VC2CGCJ_#Q22ULY9JY_#PCPRPJV_ALLI_NITA_OTIS_SANDY_MORTIS_CHESTER,EMEA,#9JCG0VY8U;#2Q892QVU;#82RGU8PR;#89VC2CGCJ;#Q22ULY9JY;#PCPRPJV,TTM|Joker;TTM|Maru;TTM|Maury;V777 SRT;TH|Marco;TH|iKaoss,NITA,1,100.0%,gemGrab,Gem Fort,22/06/2026 22:45:07,#2Q892QVU,TTM|Maru,TTM,REPLY TOTEM,friendly
None_Gem Fort_#9JCG0VY8U_#2Q892QVU_#82RGU8PR_#89VC2CGCJ_#Q22ULY9JY_#PCPRPJV_ALLI_NITA_OTIS_SANDY_MORTIS_CHESTER,EMEA,#9JCG0VY8U;#2Q892QVU;#82RGU8PR;#89VC2CGCJ;#Q22ULY9JY;#PCPRPJV,TTM|Joker;TTM|Maru;TTM|Maury;V777 SRT;TH|Marco;TH|iKaoss,OTIS,1,100.0%,gemGrab,Gem Fort,22/06/2026 22:45:07,#82RGU8PR,TTM|Maury,TTM,REPLY TOTEM,friendly
None_Gem Fort_#9JCG0VY8U_#2Q892QVU_#82RGU8PR_#89VC2CGCJ_#Q22ULY9JY_#PCPRPJV_ALLI_NITA_OTIS_SANDY_MORTIS_CHESTER,EMEA,#9JCG0VY8U;#2Q892QVU;#82RGU8PR;#89VC2CGCJ;#Q22ULY9JY;#PCPRPJV,TTM|Joker;TTM|Maru;TTM|Maury;V777 SRT;TH|Marco;TH|iKaoss,SANDY,0,0.0%,gemGrab,Gem Fort,22/06/2026 22:45:07,#89VC2CGCJ,V777 SRT,TH,TEAM HERETICS,friendly
None_Gem Fort_#9JCG0VY8U_#2Q892QVU_#82RGU8PR_#89VC2CGCJ_#Q22ULY9JY_#PCPRPJV_ALLI_NITA_OTIS_SANDY_MORTIS_CHESTER,EMEA,#9JCG0VY8U;#2Q892QVU;#82RGU8PR;#89VC2CGCJ;#Q22ULY9JY;#PCPRPJV,TTM|Joker;TTM|Maru;TTM|Maury;V777 SRT;TH|Marco;TH|iKaoss,MORTIS,0,0.0%,gemGrab,Gem Fort,22/06/2026 22:45:07,#Q22ULY9JY,TH|Marco,TH,TEAM HERETICS,friendly
None_Gem Fort_#9JCG0VY8U_#2Q892QVU_#82RGU8PR_#89VC2CGCJ_#Q22ULY9JY_#PCPRPJV_ALLI_NITA_OTIS_SANDY_MORTIS_CHESTER,EMEA,#9JCG0VY8U;#2Q892QVU;#82RGU8PR;#89VC2CGCJ;#Q22ULY9JY;#PCPRPJV,TTM|Joker;TTM|Maru;TTM|Maury;V777 SRT;TH|Marco;TH|iKaoss,CHESTER,0,0.0%,gemGrab,Gem Fort,22/06/2026 22:45:07,#PCPRPJV,TH|iKaoss,TH,TEAM HERETICS,friendly
None_Pinball Dreams_#2Q892QVU_#9JCG0VY8U_#82RGU8PR_#89VC2CGCJ_#Q22ULY9JY_#PCPRPJV_MOE_SHADE_BEA_DAMIAN_LUMI_CROW,EMEA,#2Q892QVU;#9JCG0VY8U;#82RGU8PR;#89VC2CGCJ;#Q22ULY9JY;#PCPRPJV,TTM|Maru;TTM|Joker;TTM|Maury;V777 SRT;TH|Marco;TH|iKaoss,MOE,1,100.0%,brawlBall,Pinball Dreams,22/06/2026 22:45:07,#2Q892QVU,TTM|Maru,TTM,REPLY TOTEM,friendly
None_Pinball Dreams_#2Q892QVU_#9JCG0VY8U_#82RGU8PR_#89VC2CGCJ_#Q22ULY9JY_#PCPRPJV_MOE_SHADE_BEA_DAMIAN_LUMI_CROW,EMEA,#2Q892QVU;#9JCG0VY8U;#82RGU8PR;#89VC2CGCJ;#Q22ULY9JY;#PCPRPJV,TTM|Maru;TTM|Joker;TTM|Maury;V777 SRT;TH|Marco;TH|iKaoss,SHADE,1,100.0%,brawlBall,Pinball Dreams,22/06/2026 22:45:07,#9JCG0VY8U,TTM|Joker,TTM,REPLY TOTEM,friendly
None_Pinball Dreams_#2Q892QVU_#9JCG0VY8U_#82RGU8PR_#89VC2CGCJ_#Q22ULY9JY_#PCPRPJV_MOE_SHADE_BEA_DAMIAN_LUMI_CROW,EMEA,#2Q892QVU;#9JCG0VY8U;#82RGU8PR;#89VC2CGCJ;#Q22ULY9JY;#PCPRPJV,TTM|Maru;TTM|Joker;TTM|Maury;V777 SRT;TH|Marco;TH|iKaoss,BEA,1,100.0%,brawlBall,Pinball Dreams,22/06/2026 22:45:07,#82RGU8PR,TTM|Maury,TTM,REPLY TOTEM,friendly
None_Pinball Dreams_#2Q892QVU_#9JCG0VY8U_#82RGU8PR_#89VC2CGCJ_#Q22ULY9JY_#PCPRPJV_MOE_SHADE_BEA_DAMIAN_LUMI_CROW,EMEA,#2Q892QVU;#9JCG0VY8U;#82RGU8PR;#89VC2CGCJ;#Q22ULY9JY;#PCPRPJV,TTM|Maru;TTM|Joker;TTM|Maury;V777 SRT;TH|Marco;TH|iKaoss,DAMIAN,0,0.0%,brawlBall,Pinball Dreams,22/06/2026 22:45:07,#89VC2CGCJ,V777 SRT,TH,TEAM HERETICS,friendly
None_Pinball Dreams_#2Q892QVU_#9JCG0VY8U_#82RGU8PR_#89VC2CGCJ_#Q22ULY9JY_#PCPRPJV_MOE_SHADE_BEA_DAMIAN_LUMI_CROW,EMEA,#2Q892QVU;#9JCG0VY8U;#82RGU8PR;#89VC2CGCJ;#Q22ULY9JY;#PCPRPJV,TTM|Maru;TTM|Joker;TTM|Maury;V777 SRT;TH|Marco;TH|iKaoss,LUMI,0,0.0%,brawlBall,Pinball Dreams,22/06/2026 22:45:07,#Q22ULY9JY,TH|Marco,TH,TEAM HERETICS,friendly
None_Pinball Dreams_#2Q892QVU_#9JCG0VY8U_#82RGU8PR_#89VC2CGCJ_#Q22ULY9JY_#PCPRPJV_MOE_SHADE_BEA_DAMIAN_LUMI_CROW,EMEA,#2Q892QVU;#9JCG0VY8U;#82RGU8PR;#89VC2CGCJ;#Q22ULY9JY;#PCPRPJV,TTM|Maru;TTM|Joker;TTM|Maury;V777 SRT;TH|Marco;TH|iKaoss,CROW,0,0.0%,brawlBall,Pinball Dreams,22/06/2026 22:45:07,#PCPRPJV,TH|iKaoss,TH,TEAM HERETICS,friendly
None_Pinball Dreams_#2Q892QVU_#82RGU8PR_#9JCG0VY8U_#89VC2CGCJ_#Q22ULY9JY_#PCPRPJV_CROW_NITA_SHADE_DAMIAN_LUMI_CHARLIE,EMEA,#2Q892QVU;#82RGU8PR;#9JCG0VY8U;#89VC2CGCJ;#Q22ULY9JY;#PCPRPJV,TTM|Maru;TTM|Maury;TTM|Joker;V777 SRT;TH|Marco;TH|iKaoss,CROW,0,0.0%,brawlBall,Pinball Dreams,22/06/2026 22:45:07,#2Q892QVU,TTM|Maru,TTM,REPLY TOTEM,friendly
None_Pinball Dreams_#2Q892QVU_#82RGU8PR_#9JCG0VY8U_#89VC2CGCJ_#Q22ULY9JY_#PCPRPJV_CROW_NITA_SHADE_DAMIAN_LUMI_CHARLIE,EMEA,#2Q892QVU;#82RGU8PR;#9JCG0VY8U;#89VC2CGCJ;#Q22ULY9JY;#PCPRPJV,TTM|Maru;TTM|Maury;TTM|Joker;V777 SRT;TH|Marco;TH|iKaoss,NITA,0,0.0%,brawlBall,Pinball Dreams,22/06/2026 22:45:07,#82RGU8PR,TTM|Maury,TTM,REPLY TOTEM,friendly
None_Pinball Dreams_#2Q892QVU_#82RGU8PR_#9JCG0VY8U_#89VC2CGCJ_#Q22ULY9JY_#PCPRPJV_CROW_NITA_SHADE_DAMIAN_LUMI_CHARLIE,EMEA,#2Q892QVU;#82RGU8PR;#9JCG0VY8U;#89VC2CGCJ;#Q22ULY9JY;#PCPRPJV,TTM|Maru;TTM|Maury;TTM|Joker;V777 SRT;TH|Marco;TH|iKaoss,SHADE,0,0.0%,brawlBall,Pinball Dreams,22/06/2026 22:45:07,#9JCG0VY8U,TTM|Joker,TTM,REPLY TOTEM,friendly
None_Pinball Dreams_#2Q892QVU_#82RGU8PR_#9JCG0VY8U_#89VC2CGCJ_#Q22ULY9JY_#PCPRPJV_CROW_NITA_SHADE_DAMIAN_LUMI_CHARLIE,EMEA,#2Q892QVU;#82RGU8PR;#9JCG0VY8U;#89VC2CGCJ;#Q22ULY9JY;#PCPRPJV,TTM|Maru;TTM|Maury;TTM|Joker;V777 SRT;TH|Marco;TH|iKaoss,DAMIAN,1,100.0%,brawlBall,Pinball Dreams,22/06/2026 22:45:07,#89VC2CGCJ,V777 SRT,TH,TEAM HERETICS,friendly
None_Pinball Dreams_#2Q892QVU_#82RGU8PR_#9JCG0VY8U_#89VC2CGCJ_#Q22ULY9JY_#PCPRPJV_CROW_NITA_SHADE_DAMIAN_LUMI_CHARLIE,EMEA,#2Q892QVU;#82RGU8PR;#9JCG0VY8U;#89VC2CGCJ;#Q22ULY9JY;#PCPRPJV,TTM|Maru;TTM|Maury;TTM|Joker;V777 SRT;TH|Marco;TH|iKaoss,LUMI,1,100.0%,brawlBall,Pinball Dreams,22/06/2026 22:45:07,#Q22ULY9JY,TH|Marco,TH,TEAM HERETICS,friendly
None_Pinball Dreams_#2Q892QVU_#82RGU8PR_#9JCG0VY8U_#89VC2CGCJ_#Q22ULY9JY_#PCPRPJV_CROW_NITA_SHADE_DAMIAN_LUMI_CHARLIE,EMEA,#2Q892QVU;#82RGU8PR;#9JCG0VY8U;#89VC2CGCJ;#Q22ULY9JY;#PCPRPJV,TTM|Maru;TTM|Maury;TTM|Joker;V777 SRT;TH|Marco;TH|iKaoss,CHARLIE,1,100.0%,brawlBall,Pinball Dreams,22/06/2026 22:45:07,#PCPRPJV,TH|iKaoss,TH,TEAM HERETICS,friendly
None_Layer Cake_#2Q892QVU_#9JCG0VY8U_#82RGU8PR_#89VC2CGCJ_#Q22ULY9JY_#PCPRPJV_LEON_MINA_LUMI_STARR NOVA_KENJI_CROW,EMEA,#2Q892QVU;#9JCG0VY8U;#82RGU8PR;#89VC2CGCJ;#Q22ULY9JY;#PCPRPJV,TTM|Maru;TTM|Joker;TTM|Maury;V777 SRT;TH|Marco;TH|iKaoss,LEON,1,100.0%,bounty,Layer Cake,22/06/2026 22:45:07,#2Q892QVU,TTM|Maru,TTM,REPLY TOTEM,friendly
None_Layer Cake_#2Q892QVU_#9JCG0VY8U_#82RGU8PR_#89VC2CGCJ_#Q22ULY9JY_#PCPRPJV_LEON_MINA_LUMI_STARR NOVA_KENJI_CROW,EMEA,#2Q892QVU;#9JCG0VY8U;#82RGU8PR;#89VC2CGCJ;#Q22ULY9JY;#PCPRPJV,TTM|Maru;TTM|Joker;TTM|Maury;V777 SRT;TH|Marco;TH|iKaoss,MINA,1,100.0%,bounty,Layer Cake,22/06/2026 22:45:07,#9JCG0VY8U,TTM|Joker,TTM,REPLY TOTEM,friendly
None_Layer Cake_#2Q892QVU_#9JCG0VY8U_#82RGU8PR_#89VC2CGCJ_#Q22ULY9JY_#PCPRPJV_LEON_MINA_LUMI_STARR NOVA_KENJI_CROW,EMEA,#2Q892QVU;#9JCG0VY8U;#82RGU8PR;#89VC2CGCJ;#Q22ULY9JY;#PCPRPJV,TTM|Maru;TTM|Joker;TTM|Maury;V777 SRT;TH|Marco;TH|iKaoss,LUMI,1,100.0%,bounty,Layer Cake,22/06/2026 22:45:07,#82RGU8PR,TTM|Maury,TTM,REPLY TOTEM,friendly
None_Layer Cake_#2Q892QVU_#9JCG0VY8U_#82RGU8PR_#89VC2CGCJ_#Q22ULY9JY_#PCPRPJV_LEON_MINA_LUMI_STARR NOVA_KENJI_CROW,EMEA,#2Q892QVU;#9JCG0VY8U;#82RGU8PR;#89VC2CGCJ;#Q22ULY9JY;#PCPRPJV,TTM|Maru;TTM|Joker;TTM|Maury;V777 SRT;TH|Marco;TH|iKaoss,STARR NOVA,0,0.0%,bounty,Layer Cake,22/06/2026 22:45:07,#89VC2CGCJ,V777 SRT,TH,TEAM HERETICS,friendly
None_Layer Cake_#2Q892QVU_#9JCG0VY8U_#82RGU8PR_#89VC2CGCJ_#Q22ULY9JY_#PCPRPJV_LEON_MINA_LUMI_STARR NOVA_KENJI_CROW,EMEA,#2Q892QVU;#9JCG0VY8U;#82RGU8PR;#89VC2CGCJ;#Q22ULY9JY;#PCPRPJV,TTM|Maru;TTM|Joker;TTM|Maury;V777 SRT;TH|Marco;TH|iKaoss,KENJI,0,0.0%,bounty,Layer Cake,22/06/2026 22:45:07,#Q22ULY9JY,TH|Marco,TH,TEAM HERETICS,friendly
None_Layer Cake_#2Q892QVU_#9JCG0VY8U_#82RGU8PR_#89VC2CGCJ_#Q22ULY9JY_#PCPRPJV_LEON_MINA_LUMI_STARR NOVA_KENJI_CROW,EMEA,#2Q892QVU;#9JCG0VY8U;#82RGU8PR;#89VC2CGCJ;#Q22ULY9JY;#PCPRPJV,TTM|Maru;TTM|Joker;TTM|Maury;V777 SRT;TH|Marco;TH|iKaoss,CROW,0,0.0%,bounty,Layer Cake,22/06/2026 22:45:07,#PCPRPJV,TH|iKaoss,TH,TEAM HERETICS,friendly
None_Layer Cake_#2Q892QVU_#9JCG0VY8U_#82RGU8PR_#89VC2CGCJ_#Q22ULY9JY_#PCPRPJV_LEON_EMZ_BYRON_DAMIAN_MINA_MEEPLE,EMEA,#2Q892QVU;#9JCG0VY8U;#82RGU8PR;#89VC2CGCJ;#Q22ULY9JY;#PCPRPJV,TTM|Maru;TTM|Joker;TTM|Maury;V777 SRT;TH|Marco;TH|iKaoss,LEON,1,100.0%,bounty,Layer Cake,22/06/2026 22:45:07,#2Q892QVU,TTM|Maru,TTM,REPLY TOTEM,friendly
None_Layer Cake_#2Q892QVU_#9JCG0VY8U_#82RGU8PR_#89VC2CGCJ_#Q22ULY9JY_#PCPRPJV_LEON_EMZ_BYRON_DAMIAN_MINA_MEEPLE,EMEA,#2Q892QVU;#9JCG0VY8U;#82RGU8PR;#89VC2CGCJ;#Q22ULY9JY;#PCPRPJV,TTM|Maru;TTM|Joker;TTM|Maury;V777 SRT;TH|Marco;TH|iKaoss,EMZ,1,100.0%,bounty,Layer Cake,22/06/2026 22:45:07,#9JCG0VY8U,TTM|Joker,TTM,REPLY TOTEM,friendly
None_Layer Cake_#2Q892QVU_#9JCG0VY8U_#82RGU8PR_#89VC2CGCJ_#Q22ULY9JY_#PCPRPJV_LEON_EMZ_BYRON_DAMIAN_MINA_MEEPLE,EMEA,#2Q892QVU;#9JCG0VY8U;#82RGU8PR;#89VC2CGCJ;#Q22ULY9JY;#PCPRPJV,TTM|Maru;TTM|Joker;TTM|Maury;V777 SRT;TH|Marco;TH|iKaoss,BYRON,1,100.0%,bounty,Layer Cake,22/06/2026 22:45:07,#82RGU8PR,TTM|Maury,TTM,REPLY TOTEM,friendly
None_Layer Cake_#2Q892QVU_#9JCG0VY8U_#82RGU8PR_#89VC2CGCJ_#Q22ULY9JY_#PCPRPJV_LEON_EMZ_BYRON_DAMIAN_MINA_MEEPLE,EMEA,#2Q892QVU;#9JCG0VY8U;#82RGU8PR;#89VC2CGCJ;#Q22ULY9JY;#PCPRPJV,TTM|Maru;TTM|Joker;TTM|Maury;V777 SRT;TH|Marco;TH|iKaoss,DAMIAN,0,0.0%,bounty,Layer Cake,22/06/2026 22:45:07,#89VC2CGCJ,V777 SRT,TH,TEAM HERETICS,friendly
None_Layer Cake_#2Q892QVU_#9JCG0VY8U_#82RGU8PR_#89VC2CGCJ_#Q22ULY9JY_#PCPRPJV_LEON_EMZ_BYRON_DAMIAN_MINA_MEEPLE,EMEA,#2Q892QVU;#9JCG0VY8U;#82RGU8PR;#89VC2CGCJ;#Q22ULY9JY;#PCPRPJV,TTM|Maru;TTM|Joker;TTM|Maury;V777 SRT;TH|Marco;TH|iKaoss,MINA,0,0.0%,bounty,Layer Cake,22/06/2026 22:45:07,#Q22ULY9JY,TH|Marco,TH,TEAM HERETICS,friendly
None_Layer Cake_#2Q892QVU_#9JCG0VY8U_#82RGU8PR_#89VC2CGCJ_#Q22ULY9JY_#PCPRPJV_LEON_EMZ_BYRON_DAMIAN_MINA_MEEPLE,EMEA,#2Q892QVU;#9JCG0VY8U;#82RGU8PR;#89VC2CGCJ;#Q22ULY9JY;#PCPRPJV,TTM|Maru;TTM|Joker;TTM|Maury;V777 SRT;TH|Marco;TH|iKaoss,MEEPLE,0,0.0%,bounty,Layer Cake,22/06/2026 22:45:07,#PCPRPJV,TH|iKaoss,TH,TEAM HERETICS,friendly
None_None_#Q9UG290YC_#9PQQ8GQQ_BYRON_BOLT,EMEA,#Q9UG290YC;#9PQQ8GQQ,Jin;NOVO | Filippo,BYRON,1,100.0%,bounty,,22/06/2026 22:45:07,#Q9UG290YC,Jin,OPONENTE_T0,DESCONHECIDO T0,friendly
None_None_#Q9UG290YC_#9PQQ8GQQ_BYRON_BOLT,EMEA,#Q9UG290YC;#9PQQ8GQQ,Jin;NOVO | Filippo,BOLT,1,100.0%,bounty,,22/06/2026 22:45:07,#9PQQ8GQQ,NOVO | Filippo,OPONENTE_T0,DESCONHECIDO T0,friendly
None_Hard Rock Mine_#9RVPL0Q0P_#GLPJRCLYL_#PLV89CGP_#CJV2PJ0R_#29VRJU08C_#9LVUC2PY_FANG_MEEPLE_SHADE_JANET_KIT_STARR NOVA,EMEA,#9RVPL0Q0P;#GLPJRCLYL;#PLV89CGP;#CJV2PJ0R;#29VRJU08C;#9LVUC2PY,BIG|Arthur🥥;BIG|Melih🥥;BIG|Salty🐇;SK|Yoshi825;MAD|Yoko;SK|OPE,FANG,1,100.0%,gemGrab,Hard Rock Mine,22/06/2026 22:45:07,#9RVPL0Q0P,BIG|Arthur🥥,BIG,BIG,friendly
None_Hard Rock Mine_#9RVPL0Q0P_#GLPJRCLYL_#PLV89CGP_#CJV2PJ0R_#29VRJU08C_#9LVUC2PY_FANG_MEEPLE_SHADE_JANET_KIT_STARR NOVA,EMEA,#9RVPL0Q0P;#GLPJRCLYL;#PLV89CGP;#CJV2PJ0R;#29VRJU08C;#9LVUC2PY,BIG|Arthur🥥;BIG|Melih🥥;BIG|Salty🐇;SK|Yoshi825;MAD|Yoko;SK|OPE,MEEPLE,1,100.0%,gemGrab,Hard Rock Mine,22/06/2026 22:45:07,#GLPJRCLYL,BIG|Melih🥥,BIG,BIG,friendly
None_Hard Rock Mine_#9RVPL0Q0P_#GLPJRCLYL_#PLV89CGP_#CJV2PJ0R_#29VRJU08C_#9LVUC2PY_FANG_MEEPLE_SHADE_JANET_KIT_STARR NOVA,EMEA,#9RVPL0Q0P;#GLPJRCLYL;#PLV89CGP;#CJV2PJ0R;#29VRJU08C;#9LVUC2PY,BIG|Arthur🥥;BIG|Melih🥥;BIG|Salty🐇;SK|Yoshi825;MAD|Yoko;SK|OPE,SHADE,1,100.0%,gemGrab,Hard Rock Mine,22/06/2026 22:45:07,#PLV89CGP,BIG|Salty🐇,BIG,BIG,friendly
None_Hard Rock Mine_#9RVPL0Q0P_#GLPJRCLYL_#PLV89CGP_#CJV2PJ0R_#29VRJU08C_#9LVUC2PY_FANG_MEEPLE_SHADE_JANET_KIT_STARR NOVA,EMEA,#9RVPL0Q0P;#GLPJRCLYL;#PLV89CGP;#CJV2PJ0R;#29VRJU08C;#9LVUC2PY,BIG|Arthur🥥;BIG|Melih🥥;BIG|Salty🐇;SK|Yoshi825;MAD|Yoko;SK|OPE,JANET,0,0.0%,gemGrab,Hard Rock Mine,22/06/2026 22:45:07,#CJV2PJ0R,SK|Yoshi825,SK,SK GAMING,friendly
None_Hard Rock Mine_#9RVPL0Q0P_#GLPJRCLYL_#PLV89CGP_#CJV2PJ0R_#29VRJU08C_#9LVUC2PY_FANG_MEEPLE_SHADE_JANET_KIT_STARR NOVA,EMEA,#9RVPL0Q0P;#GLPJRCLYL;#PLV89CGP;#CJV2PJ0R;#29VRJU08C;#9LVUC2PY,BIG|Arthur🥥;BIG|Melih🥥;BIG|Salty🐇;SK|Yoshi825;MAD|Yoko;SK|OPE,KIT,0,0.0%,gemGrab,Hard Rock Mine,22/06/2026 22:45:07,#29VRJU08C,MAD|Yoko,SK,SK GAMING,friendly
None_Hard Rock Mine_#9RVPL0Q0P_#GLPJRCLYL_#PLV89CGP_#CJV2PJ0R_#29VRJU08C_#9LVUC2PY_FANG_MEEPLE_SHADE_JANET_KIT_STARR NOVA,EMEA,#9RVPL0Q0P;#GLPJRCLYL;#PLV89CGP;#CJV2PJ0R;#29VRJU08C;#9LVUC2PY,BIG|Arthur🥥;BIG|Melih🥥;BIG|Salty🐇;SK|Yoshi825;MAD|Yoko;SK|OPE,STARR NOVA,0,0.0%,gemGrab,Hard Rock Mine,22/06/2026 22:45:07,#9LVUC2PY,SK|OPE,SK,SK GAMING,friendly
None_Pit Stop_#9RVPL0Q0P_#PLV89CGP_#GLPJRCLYL_#CJV2PJ0R_#9LVUC2PY_#29VRJU08C_CHARLIE_COLT_MICO_CORDELIUS_COLETTE_EDGAR,EMEA,#9RVPL0Q0P;#PLV89CGP;#GLPJRCLYL;#CJV2PJ0R;#9LVUC2PY;#29VRJU08C,BIG|Arthur🥥;BIG|Salty🐇;BIG|Melih🥥;SK|Yoshi825;SK|OPE;MAD|Yoko,CHARLIE,0,0.0%,heist,Pit Stop,22/06/2026 22:45:07,#9RVPL0Q0P,BIG|Arthur🥥,BIG,BIG,friendly
None_Pit Stop_#9RVPL0Q0P_#PLV89CGP_#GLPJRCLYL_#CJV2PJ0R_#9LVUC2PY_#29VRJU08C_CHARLIE_COLT_MICO_CORDELIUS_COLETTE_EDGAR,EMEA,#9RVPL0Q0P;#PLV89CGP;#GLPJRCLYL;#CJV2PJ0R;#9LVUC2PY;#29VRJU08C,BIG|Arthur🥥;BIG|Salty🐇;BIG|Melih🥥;SK|Yoshi825;SK|OPE;MAD|Yoko,COLT,0,0.0%,heist,Pit Stop,22/06/2026 22:45:07,#PLV89CGP,BIG|Salty🐇,BIG,BIG,friendly
None_Pit Stop_#9RVPL0Q0P_#PLV89CGP_#GLPJRCLYL_#CJV2PJ0R_#9LVUC2PY_#29VRJU08C_CHARLIE_COLT_MICO_CORDELIUS_COLETTE_EDGAR,EMEA,#9RVPL0Q0P;#PLV89CGP;#GLPJRCLYL;#CJV2PJ0R;#9LVUC2PY;#29VRJU08C,BIG|Arthur🥥;BIG|Salty🐇;BIG|Melih🥥;SK|Yoshi825;SK|OPE;MAD|Yoko,MICO,0,0.0%,heist,Pit Stop,22/06/2026 22:45:07,#GLPJRCLYL,BIG|Melih🥥,BIG,BIG,friendly
None_Pit Stop_#9RVPL0Q0P_#PLV89CGP_#GLPJRCLYL_#CJV2PJ0R_#9LVUC2PY_#29VRJU08C_CHARLIE_COLT_MICO_CORDELIUS_COLETTE_EDGAR,EMEA,#9RVPL0Q0P;#PLV89CGP;#GLPJRCLYL;#CJV2PJ0R;#9LVUC2PY;#29VRJU08C,BIG|Arthur🥥;BIG|Salty🐇;BIG|Melih🥥;SK|Yoshi825;SK|OPE;MAD|Yoko,CORDELIUS,1,100.0%,heist,Pit Stop,22/06/2026 22:45:07,#CJV2PJ0R,SK|Yoshi825,SK,SK GAMING,friendly
None_Pit Stop_#9RVPL0Q0P_#PLV89CGP_#GLPJRCLYL_#CJV2PJ0R_#9LVUC2PY_#29VRJU08C_CHARLIE_COLT_MICO_CORDELIUS_COLETTE_EDGAR,EMEA,#9RVPL0Q0P;#PLV89CGP;#GLPJRCLYL;#CJV2PJ0R;#9LVUC2PY;#29VRJU08C,BIG|Arthur🥥;BIG|Salty🐇;BIG|Melih🥥;SK|Yoshi825;SK|OPE;MAD|Yoko,COLETTE,1,100.0%,heist,Pit Stop,22/06/2026 22:45:07,#9LVUC2PY,SK|OPE,SK,SK GAMING,friendly
None_Pit Stop_#9RVPL0Q0P_#PLV89CGP_#GLPJRCLYL_#CJV2PJ0R_#9LVUC2PY_#29VRJU08C_CHARLIE_COLT_MICO_CORDELIUS_COLETTE_EDGAR,EMEA,#9RVPL0Q0P;#PLV89CGP;#GLPJRCLYL;#CJV2PJ0R;#9LVUC2PY;#29VRJU08C,BIG|Arthur🥥;BIG|Salty🐇;BIG|Melih🥥;SK|Yoshi825;SK|OPE;MAD|Yoko,EDGAR,1,100.0%,heist,Pit Stop,22/06/2026 22:45:07,#29VRJU08C,MAD|Yoko,SK,SK GAMING,friendly
None_Pit Stop_#9RVPL0Q0P_#PLV89CGP_#GLPJRCLYL_#CJV2PJ0R_#29VRJU08C_#9LVUC2PY_BIBI_COLT_STARR NOVA_CROW_SHADE_KIT,EMEA,#9RVPL0Q0P;#PLV89CGP;#GLPJRCLYL;#CJV2PJ0R;#29VRJU08C;#9LVUC2PY,BIG|Arthur🥥;BIG|Salty🐇;BIG|Melih🥥;SK|Yoshi825;MAD|Yoko;SK|OPE,BIBI,1,100.0%,heist,Pit Stop,22/06/2026 22:45:07,#9RVPL0Q0P,BIG|Arthur🥥,BIG,BIG,friendly
None_Pit Stop_#9RVPL0Q0P_#PLV89CGP_#GLPJRCLYL_#CJV2PJ0R_#29VRJU08C_#9LVUC2PY_BIBI_COLT_STARR NOVA_CROW_SHADE_KIT,EMEA,#9RVPL0Q0P;#PLV89CGP;#GLPJRCLYL;#CJV2PJ0R;#29VRJU08C;#9LVUC2PY,BIG|Arthur🥥;BIG|Salty🐇;BIG|Melih🥥;SK|Yoshi825;MAD|Yoko;SK|OPE,COLT,1,100.0%,heist,Pit Stop,22/06/2026 22:45:07,#PLV89CGP,BIG|Salty🐇,BIG,BIG,friendly
None_Pit Stop_#9RVPL0Q0P_#PLV89CGP_#GLPJRCLYL_#CJV2PJ0R_#29VRJU08C_#9LVUC2PY_BIBI_COLT_STARR NOVA_CROW_SHADE_KIT,EMEA,#9RVPL0Q0P;#PLV89CGP;#GLPJRCLYL;#CJV2PJ0R;#29VRJU08C;#9LVUC2PY,BIG|Arthur🥥;BIG|Salty🐇;BIG|Melih🥥;SK|Yoshi825;MAD|Yoko;SK|OPE,STARR NOVA,1,100.0%,heist,Pit Stop,22/06/2026 22:45:07,#GLPJRCLYL,BIG|Melih🥥,BIG,BIG,friendly
None_Pit Stop_#9RVPL0Q0P_#PLV89CGP_#GLPJRCLYL_#CJV2PJ0R_#29VRJU08C_#9LVUC2PY_BIBI_COLT_STARR NOVA_CROW_SHADE_KIT,EMEA,#9RVPL0Q0P;#PLV89CGP;#GLPJRCLYL;#CJV2PJ0R;#29VRJU08C;#9LVUC2PY,BIG|Arthur🥥;BIG|Salty🐇;BIG|Melih🥥;SK|Yoshi825;MAD|Yoko;SK|OPE,CROW,0,0.0%,heist,Pit Stop,22/06/2026 22:45:07,#CJV2PJ0R,SK|Yoshi825,SK,SK GAMING,friendly
None_Pit Stop_#9RVPL0Q0P_#PLV89CGP_#GLPJRCLYL_#CJV2PJ0R_#29VRJU08C_#9LVUC2PY_BIBI_COLT_STARR NOVA_CROW_SHADE_KIT,EMEA,#9RVPL0Q0P;#PLV89CGP;#GLPJRCLYL;#CJV2PJ0R;#29VRJU08C;#9LVUC2PY,BIG|Arthur🥥;BIG|Salty🐇;BIG|Melih🥥;SK|Yoshi825;MAD|Yoko;SK|OPE,SHADE,0,0.0%,heist,Pit Stop,22/06/2026 22:45:07,#29VRJU08C,MAD|Yoko,SK,SK GAMING,friendly
None_Pit Stop_#9RVPL0Q0P_#PLV89CGP_#GLPJRCLYL_#CJV2PJ0R_#29VRJU08C_#9LVUC2PY_BIBI_COLT_STARR NOVA_CROW_SHADE_KIT,EMEA,#9RVPL0Q0P;#PLV89CGP;#GLPJRCLYL;#CJV2PJ0R;#29VRJU08C;#9LVUC2PY,BIG|Arthur🥥;BIG|Salty🐇;BIG|Melih🥥;SK|Yoshi825;MAD|Yoko;SK|OPE,KIT,0,0.0%,heist,Pit Stop,22/06/2026 22:45:07,#9LVUC2PY,SK|OPE,SK,SK GAMING,friendly
None_Hard Rock Mine_#2UUYVLP8C2_#CVUCP8U0C_#LLV82LQPU_#2UQ989C2PY_#9GRJP99LY_#2Y20JR8CQ_SHADE_CROW_DAMIAN_SANDY_GUS_BUZZ,EMEA,#2UUYVLP8C2;#CVUCP8U0C;#LLV82LQPU;#2UQ989C2PY;#9GRJP99LY;#2Y20JR8CQ,oicwap;TheSilent🐞;REV|Fayelo;Fade;Coverzmc;REV|Ethan,SHADE,1,100.0%,gemGrab,Hard Rock Mine,22/06/2026 22:45:07,#2UUYVLP8C2,oicwap,REV,REVERSO HIVE,friendly
None_Hard Rock Mine_#2UUYVLP8C2_#CVUCP8U0C_#LLV82LQPU_#2UQ989C2PY_#9GRJP99LY_#2Y20JR8CQ_SHADE_CROW_DAMIAN_SANDY_GUS_BUZZ,EMEA,#2UUYVLP8C2;#CVUCP8U0C;#LLV82LQPU;#2UQ989C2PY;#9GRJP99LY;#2Y20JR8CQ,oicwap;TheSilent🐞;REV|Fayelo;Fade;Coverzmc;REV|Ethan,CROW,1,100.0%,gemGrab,Hard Rock Mine,22/06/2026 22:45:07,#CVUCP8U0C,TheSilent🐞,REV,REVERSO HIVE,friendly
None_Hard Rock Mine_#2UUYVLP8C2_#CVUCP8U0C_#LLV82LQPU_#2UQ989C2PY_#9GRJP99LY_#2Y20JR8CQ_SHADE_CROW_DAMIAN_SANDY_GUS_BUZZ,EMEA,#2UUYVLP8C2;#CVUCP8U0C;#LLV82LQPU;#2UQ989C2PY;#9GRJP99LY;#2Y20JR8CQ,oicwap;TheSilent🐞;REV|Fayelo;Fade;Coverzmc;REV|Ethan,DAMIAN,1,100.0%,gemGrab,Hard Rock Mine,22/06/2026 22:45:07,#LLV82LQPU,REV|Fayelo,REV,REVERSO HIVE,friendly
None_Hard Rock Mine_#2UUYVLP8C2_#CVUCP8U0C_#LLV82LQPU_#2UQ989C2PY_#9GRJP99LY_#2Y20JR8CQ_SHADE_CROW_DAMIAN_SANDY_GUS_BUZZ,EMEA,#2UUYVLP8C2;#CVUCP8U0C;#LLV82LQPU;#2UQ989C2PY;#9GRJP99LY;#2Y20JR8CQ,oicwap;TheSilent🐞;REV|Fayelo;Fade;Coverzmc;REV|Ethan,SANDY,0,0.0%,gemGrab,Hard Rock Mine,22/06/2026 22:45:07,#2UQ989C2PY,Fade,OPONENTE_T1,DESCONHECIDO T1,friendly
None_Hard Rock Mine_#2UUYVLP8C2_#CVUCP8U0C_#LLV82LQPU_#2UQ989C2PY_#9GRJP99LY_#2Y20JR8CQ_SHADE_CROW_DAMIAN_SANDY_GUS_BUZZ,EMEA,#2UUYVLP8C2;#CVUCP8U0C;#LLV82LQPU;#2UQ989C2PY;#9GRJP99LY;#2Y20JR8CQ,oicwap;TheSilent🐞;REV|Fayelo;Fade;Coverzmc;REV|Ethan,GUS,0,0.0%,gemGrab,Hard Rock Mine,22/06/2026 22:45:07,#9GRJP99LY,Coverzmc,OPONENTE_T1,DESCONHECIDO T1,friendly
None_Hard Rock Mine_#2UUYVLP8C2_#CVUCP8U0C_#LLV82LQPU_#2UQ989C2PY_#9GRJP99LY_#2Y20JR8CQ_SHADE_CROW_DAMIAN_SANDY_GUS_BUZZ,EMEA,#2UUYVLP8C2;#CVUCP8U0C;#LLV82LQPU;#2UQ989C2PY;#9GRJP99LY;#2Y20JR8CQ,oicwap;TheSilent🐞;REV|Fayelo;Fade;Coverzmc;REV|Ethan,BUZZ,0,0.0%,gemGrab,Hard Rock Mine,22/06/2026 22:45:07,#2Y20JR8CQ,REV|Ethan,OPONENTE_T1,DESCONHECIDO T1,friendly
None_Gem Fort_#2UUYVLP8C2_#GLPJRCLYL_#2Y20JR8CQ_#2UQ989C2PY_#9GRJP99LY_#LLV82LQPU_NITA_CHESTER_ALLI_KIT_SHADE_RUFFS,EMEA,#2UUYVLP8C2;#GLPJRCLYL;#2Y20JR8CQ;#2UQ989C2PY;#9GRJP99LY;#LLV82LQPU,oicwap;BIG|Melih🥥;REV|Ethan;Fade;Coverzmc;REV|Fayelo,NITA,1,100.0%,gemGrab,Gem Fort,22/06/2026 22:45:07,#2UUYVLP8C2,oicwap,OPONENTE_T0,DESCONHECIDO T0,friendly
None_Gem Fort_#2UUYVLP8C2_#GLPJRCLYL_#2Y20JR8CQ_#2UQ989C2PY_#9GRJP99LY_#LLV82LQPU_NITA_CHESTER_ALLI_KIT_SHADE_RUFFS,EMEA,#2UUYVLP8C2;#GLPJRCLYL;#2Y20JR8CQ;#2UQ989C2PY;#9GRJP99LY;#LLV82LQPU,oicwap;BIG|Melih🥥;REV|Ethan;Fade;Coverzmc;REV|Fayelo,CHESTER,1,100.0%,gemGrab,Gem Fort,22/06/2026 22:45:07,#GLPJRCLYL,BIG|Melih🥥,OPONENTE_T0,DESCONHECIDO T0,friendly
None_Gem Fort_#2UUYVLP8C2_#GLPJRCLYL_#2Y20JR8CQ_#2UQ989C2PY_#9GRJP99LY_#LLV82LQPU_NITA_CHESTER_ALLI_KIT_SHADE_RUFFS,EMEA,#2UUYVLP8C2;#GLPJRCLYL;#2Y20JR8CQ;#2UQ989C2PY;#9GRJP99LY;#LLV82LQPU,oicwap;BIG|Melih🥥;REV|Ethan;Fade;Coverzmc;REV|Fayelo,ALLI,1,100.0%,gemGrab,Gem Fort,22/06/2026 22:45:07,#2Y20JR8CQ,REV|Ethan,OPONENTE_T0,DESCONHECIDO T0,friendly
None_Gem Fort_#2UUYVLP8C2_#GLPJRCLYL_#2Y20JR8CQ_#2UQ989C2PY_#9GRJP99LY_#LLV82LQPU_NITA_CHESTER_ALLI_KIT_SHADE_RUFFS,EMEA,#2UUYVLP8C2;#GLPJRCLYL;#2Y20JR8CQ;#2UQ989C2PY;#9GRJP99LY;#LLV82LQPU,oicwap;BIG|Melih🥥;REV|Ethan;Fade;Coverzmc;REV|Fayelo,KIT,0,0.0%,gemGrab,Gem Fort,22/06/2026 22:45:07,#2UQ989C2PY,Fade,REV,REVERSO HIVE,friendly
None_Gem Fort_#2UUYVLP8C2_#GLPJRCLYL_#2Y20JR8CQ_#2UQ989C2PY_#9GRJP99LY_#LLV82LQPU_NITA_CHESTER_ALLI_KIT_SHADE_RUFFS,EMEA,#2UUYVLP8C2;#GLPJRCLYL;#2Y20JR8CQ;#2UQ989C2PY;#9GRJP99LY;#LLV82LQPU,oicwap;BIG|Melih🥥;REV|Ethan;Fade;Coverzmc;REV|Fayelo,SHADE,0,0.0%,gemGrab,Gem Fort,22/06/2026 22:45:07,#9GRJP99LY,Coverzmc,REV,REVERSO HIVE,friendly
None_Gem Fort_#2UUYVLP8C2_#GLPJRCLYL_#2Y20JR8CQ_#2UQ989C2PY_#9GRJP99LY_#LLV82LQPU_NITA_CHESTER_ALLI_KIT_SHADE_RUFFS,EMEA,#2UUYVLP8C2;#GLPJRCLYL;#2Y20JR8CQ;#2UQ989C2PY;#9GRJP99LY;#LLV82LQPU,oicwap;BIG|Melih🥥;REV|Ethan;Fade;Coverzmc;REV|Fayelo,RUFFS,0,0.0%,gemGrab,Gem Fort,22/06/2026 22:45:07,#LLV82LQPU,REV|Fayelo,REV,REVERSO HIVE,friendly
None_Crystal Arcade_#2UUYVLP8C2_#GLPJRCLYL_#2Y20JR8CQ_#2UQ989C2PY_#CVUCP8U0C_#LLV82LQPU_CHESTER_LUMI_HANK_MINA_OTIS_STARR NOVA,EMEA,#2UUYVLP8C2;#GLPJRCLYL;#2Y20JR8CQ;#2UQ989C2PY;#CVUCP8U0C;#LLV82LQPU,oicwap;BIG|Melih🥥;REV|Ethan;Fade;TheSilent🐞;REV|Fayelo,CHESTER,0,0.0%,gemGrab,Crystal Arcade,22/06/2026 22:45:07,#2UUYVLP8C2,oicwap,OPONENTE_T0,DESCONHECIDO T0,friendly
None_Crystal Arcade_#2UUYVLP8C2_#GLPJRCLYL_#2Y20JR8CQ_#2UQ989C2PY_#CVUCP8U0C_#LLV82LQPU_CHESTER_LUMI_HANK_MINA_OTIS_STARR NOVA,EMEA,#2UUYVLP8C2;#GLPJRCLYL;#2Y20JR8CQ;#2UQ989C2PY;#CVUCP8U0C;#LLV82LQPU,oicwap;BIG|Melih🥥;REV|Ethan;Fade;TheSilent🐞;REV|Fayelo,LUMI,0,0.0%,gemGrab,Crystal Arcade,22/06/2026 22:45:07,#GLPJRCLYL,BIG|Melih🥥,OPONENTE_T0,DESCONHECIDO T0,friendly
None_Crystal Arcade_#2UUYVLP8C2_#GLPJRCLYL_#2Y20JR8CQ_#2UQ989C2PY_#CVUCP8U0C_#LLV82LQPU_CHESTER_LUMI_HANK_MINA_OTIS_STARR NOVA,EMEA,#2UUYVLP8C2;#GLPJRCLYL;#2Y20JR8CQ;#2UQ989C2PY;#CVUCP8U0C;#LLV82LQPU,oicwap;BIG|Melih🥥;REV|Ethan;Fade;TheSilent🐞;REV|Fayelo,HANK,0,0.0%,gemGrab,Crystal Arcade,22/06/2026 22:45:07,#2Y20JR8CQ,REV|Ethan,OPONENTE_T0,DESCONHECIDO T0,friendly
None_Crystal Arcade_#2UUYVLP8C2_#GLPJRCLYL_#2Y20JR8CQ_#2UQ989C2PY_#CVUCP8U0C_#LLV82LQPU_CHESTER_LUMI_HANK_MINA_OTIS_STARR NOVA,EMEA,#2UUYVLP8C2;#GLPJRCLYL;#2Y20JR8CQ;#2UQ989C2PY;#CVUCP8U0C;#LLV82LQPU,oicwap;BIG|Melih🥥;REV|Ethan;Fade;TheSilent🐞;REV|Fayelo,MINA,1,100.0%,gemGrab,Crystal Arcade,22/06/2026 22:45:07,#2UQ989C2PY,Fade,REV,REVERSO HIVE,friendly
None_Crystal Arcade_#2UUYVLP8C2_#GLPJRCLYL_#2Y20JR8CQ_#2UQ989C2PY_#CVUCP8U0C_#LLV82LQPU_CHESTER_LUMI_HANK_MINA_OTIS_STARR NOVA,EMEA,#2UUYVLP8C2;#GLPJRCLYL;#2Y20JR8CQ;#2UQ989C2PY;#CVUCP8U0C;#LLV82LQPU,oicwap;BIG|Melih🥥;REV|Ethan;Fade;TheSilent🐞;REV|Fayelo,OTIS,1,100.0%,gemGrab,Crystal Arcade,22/06/2026 22:45:07,#CVUCP8U0C,TheSilent🐞,REV,REVERSO HIVE,friendly
None_Crystal Arcade_#2UUYVLP8C2_#GLPJRCLYL_#2Y20JR8CQ_#2UQ989C2PY_#CVUCP8U0C_#LLV82LQPU_CHESTER_LUMI_HANK_MINA_OTIS_STARR NOVA,EMEA,#2UUYVLP8C2;#GLPJRCLYL;#2Y20JR8CQ;#2UQ989C2PY;#CVUCP8U0C;#LLV82LQPU,oicwap;BIG|Melih🥥;REV|Ethan;Fade;TheSilent🐞;REV|Fayelo,STARR NOVA,1,100.0%,gemGrab,Crystal Arcade,22/06/2026 22:45:07,#LLV82LQPU,REV|Fayelo,REV,REVERSO HIVE,friendly
None_Safe Zone_#2UUYVLP8C2_#2Y20JR8CQ_#28JLP02PR_#2UQ989C2PY_#GLPJRCLYL_#LLV82LQPU_NAJIA_BELLE_KAZE_BYRON_RUFFS_MELODIE,EMEA,#2UUYVLP8C2;#2Y20JR8CQ;#28JLP02PR;#2UQ989C2PY;#GLPJRCLYL;#LLV82LQPU,oicwap;REV|Ethan;𝘌𝘓-𝘊𝘰𝘭𝘵🏴;Fade;BIG|Melih🥥;REV|Fayelo,NAJIA,1,100.0%,heist,Safe Zone,22/06/2026 22:45:07,#2UUYVLP8C2,oicwap,OPONENTE_T0,DESCONHECIDO T0,friendly
None_Safe Zone_#2UUYVLP8C2_#2Y20JR8CQ_#28JLP02PR_#2UQ989C2PY_#GLPJRCLYL_#LLV82LQPU_NAJIA_BELLE_KAZE_BYRON_RUFFS_MELODIE,EMEA,#2UUYVLP8C2;#2Y20JR8CQ;#28JLP02PR;#2UQ989C2PY;#GLPJRCLYL;#LLV82LQPU,oicwap;REV|Ethan;𝘌𝘓-𝘊𝘰𝘭𝘵🏴;Fade;BIG|Melih🥥;REV|Fayelo,BELLE,1,100.0%,heist,Safe Zone,22/06/2026 22:45:07,#2Y20JR8CQ,REV|Ethan,OPONENTE_T0,DESCONHECIDO T0,friendly
None_Safe Zone_#2UUYVLP8C2_#2Y20JR8CQ_#28JLP02PR_#2UQ989C2PY_#GLPJRCLYL_#LLV82LQPU_NAJIA_BELLE_KAZE_BYRON_RUFFS_MELODIE,EMEA,#2UUYVLP8C2;#2Y20JR8CQ;#28JLP02PR;#2UQ989C2PY;#GLPJRCLYL;#LLV82LQPU,oicwap;REV|Ethan;𝘌𝘓-𝘊𝘰𝘭𝘵🏴;Fade;BIG|Melih🥥;REV|Fayelo,KAZE,1,100.0%,heist,Safe Zone,22/06/2026 22:45:07,#28JLP02PR,𝘌𝘓-𝘊𝘰𝘭𝘵🏴,OPONENTE_T0,DESCONHECIDO T0,friendly
None_Safe Zone_#2UUYVLP8C2_#2Y20JR8CQ_#28JLP02PR_#2UQ989C2PY_#GLPJRCLYL_#LLV82LQPU_NAJIA_BELLE_KAZE_BYRON_RUFFS_MELODIE,EMEA,#2UUYVLP8C2;#2Y20JR8CQ;#28JLP02PR;#2UQ989C2PY;#GLPJRCLYL;#LLV82LQPU,oicwap;REV|Ethan;𝘌𝘓-𝘊𝘰𝘭𝘵🏴;Fade;BIG|Melih🥥;REV|Fayelo,BYRON,0,0.0%,heist,Safe Zone,22/06/2026 22:45:07,#2UQ989C2PY,Fade,REV,REVERSO HIVE,friendly
None_Safe Zone_#2UUYVLP8C2_#2Y20JR8CQ_#28JLP02PR_#2UQ989C2PY_#GLPJRCLYL_#LLV82LQPU_NAJIA_BELLE_KAZE_BYRON_RUFFS_MELODIE,EMEA,#2UUYVLP8C2;#2Y20JR8CQ;#28JLP02PR;#2UQ989C2PY;#GLPJRCLYL;#LLV82LQPU,oicwap;REV|Ethan;𝘌𝘓-𝘊𝘰𝘭𝘵🏴;Fade;BIG|Melih🥥;REV|Fayelo,RUFFS,0,0.0%,heist,Safe Zone,22/06/2026 22:45:07,#GLPJRCLYL,BIG|Melih🥥,REV,REVERSO HIVE,friendly
None_Safe Zone_#2UUYVLP8C2_#2Y20JR8CQ_#28JLP02PR_#2UQ989C2PY_#GLPJRCLYL_#LLV82LQPU_NAJIA_BELLE_KAZE_BYRON_RUFFS_MELODIE,EMEA,#2UUYVLP8C2;#2Y20JR8CQ;#28JLP02PR;#2UQ989C2PY;#GLPJRCLYL;#LLV82LQPU,oicwap;REV|Ethan;𝘌𝘓-𝘊𝘰𝘭𝘵🏴;Fade;BIG|Melih🥥;REV|Fayelo,MELODIE,0,0.0%,heist,Safe Zone,22/06/2026 22:45:07,#LLV82LQPU,REV|Fayelo,REV,REVERSO HIVE,friendly
None_Safe Zone_#2UQ989C2PY_#2Y20JR8CQ_#28JLP02PR_#2UUYVLP8C2_#GLPJRCLYL_#LLV82LQPU_CARL_DARRYL_COLT_KAZE_RUFFS_STARR NOVA,EMEA,#2UQ989C2PY;#2Y20JR8CQ;#28JLP02PR;#2UUYVLP8C2;#GLPJRCLYL;#LLV82LQPU,Fade;REV|Ethan;𝘌𝘓-𝘊𝘰𝘭𝘵🏴;oicwap;BIG|Melih🥥;REV|Fayelo,CARL,0,0.0%,heist,Safe Zone,22/06/2026 22:45:07,#2UQ989C2PY,Fade,OPONENTE_T0,DESCONHECIDO T0,friendly
None_Safe Zone_#2UQ989C2PY_#2Y20JR8CQ_#28JLP02PR_#2UUYVLP8C2_#GLPJRCLYL_#LLV82LQPU_CARL_DARRYL_COLT_KAZE_RUFFS_STARR NOVA,EMEA,#2UQ989C2PY;#2Y20JR8CQ;#28JLP02PR;#2UUYVLP8C2;#GLPJRCLYL;#LLV82LQPU,Fade;REV|Ethan;𝘌𝘓-𝘊𝘰𝘭𝘵🏴;oicwap;BIG|Melih🥥;REV|Fayelo,DARRYL,0,0.0%,heist,Safe Zone,22/06/2026 22:45:07,#2Y20JR8CQ,REV|Ethan,OPONENTE_T0,DESCONHECIDO T0,friendly
None_Safe Zone_#2UQ989C2PY_#2Y20JR8CQ_#28JLP02PR_#2UUYVLP8C2_#GLPJRCLYL_#LLV82LQPU_CARL_DARRYL_COLT_KAZE_RUFFS_STARR NOVA,EMEA,#2UQ989C2PY;#2Y20JR8CQ;#28JLP02PR;#2UUYVLP8C2;#GLPJRCLYL;#LLV82LQPU,Fade;REV|Ethan;𝘌𝘓-𝘊𝘰𝘭𝘵🏴;oicwap;BIG|Melih🥥;REV|Fayelo,COLT,0,0.0%,heist,Safe Zone,22/06/2026 22:45:07,#28JLP02PR,𝘌𝘓-𝘊𝘰𝘭𝘵🏴,OPONENTE_T0,DESCONHECIDO T0,friendly
None_Safe Zone_#2UQ989C2PY_#2Y20JR8CQ_#28JLP02PR_#2UUYVLP8C2_#GLPJRCLYL_#LLV82LQPU_CARL_DARRYL_COLT_KAZE_RUFFS_STARR NOVA,EMEA,#2UQ989C2PY;#2Y20JR8CQ;#28JLP02PR;#2UUYVLP8C2;#GLPJRCLYL;#LLV82LQPU,Fade;REV|Ethan;𝘌𝘓-𝘊𝘰𝘭𝘵🏴;oicwap;BIG|Melih🥥;REV|Fayelo,KAZE,1,100.0%,heist,Safe Zone,22/06/2026 22:45:07,#2UUYVLP8C2,oicwap,REV,REVERSO HIVE,friendly
None_Safe Zone_#2UQ989C2PY_#2Y20JR8CQ_#28JLP02PR_#2UUYVLP8C2_#GLPJRCLYL_#LLV82LQPU_CARL_DARRYL_COLT_KAZE_RUFFS_STARR NOVA,EMEA,#2UQ989C2PY;#2Y20JR8CQ;#28JLP02PR;#2UUYVLP8C2;#GLPJRCLYL;#LLV82LQPU,Fade;REV|Ethan;𝘌𝘓-𝘊𝘰𝘭𝘵🏴;oicwap;BIG|Melih🥥;REV|Fayelo,RUFFS,1,100.0%,heist,Safe Zone,22/06/2026 22:45:07,#GLPJRCLYL,BIG|Melih🥥,REV,REVERSO HIVE,friendly
None_Safe Zone_#2UQ989C2PY_#2Y20JR8CQ_#28JLP02PR_#2UUYVLP8C2_#GLPJRCLYL_#LLV82LQPU_CARL_DARRYL_COLT_KAZE_RUFFS_STARR NOVA,EMEA,#2UQ989C2PY;#2Y20JR8CQ;#28JLP02PR;#2UUYVLP8C2;#GLPJRCLYL;#LLV82LQPU,Fade;REV|Ethan;𝘌𝘓-𝘊𝘰𝘭𝘵🏴;oicwap;BIG|Melih🥥;REV|Fayelo,STARR NOVA,1,100.0%,heist,Safe Zone,22/06/2026 22:45:07,#LLV82LQPU,REV|Fayelo,REV,REVERSO HIVE,friendly
None_Pinhole Punt_#CVUCP8U0C_#GLPJRCLYL_#2Y20JR8CQ_#2UUYVLP8C2_#2RR2RU8UL_#LLV82LQPU_CROW_SIRIUS_CHARLIE_OTIS_FANG_EDGAR,EMEA,#CVUCP8U0C;#GLPJRCLYL;#2Y20JR8CQ;#2UUYVLP8C2;#2RR2RU8UL;#LLV82LQPU,TheSilent🐞;BIG|Melih🥥;REV|Ethan;oicwap;Ćiro🩵;REV|Fayelo,CROW,0,0.0%,brawlBall,Pinhole Punt,22/06/2026 22:45:07,#CVUCP8U0C,TheSilent🐞,OPONENTE_T0,DESCONHECIDO T0,friendly
None_Pinhole Punt_#CVUCP8U0C_#GLPJRCLYL_#2Y20JR8CQ_#2UUYVLP8C2_#2RR2RU8UL_#LLV82LQPU_CROW_SIRIUS_CHARLIE_OTIS_FANG_EDGAR,EMEA,#CVUCP8U0C;#GLPJRCLYL;#2Y20JR8CQ;#2UUYVLP8C2;#2RR2RU8UL;#LLV82LQPU,TheSilent🐞;BIG|Melih🥥;REV|Ethan;oicwap;Ćiro🩵;REV|Fayelo,SIRIUS,0,0.0%,brawlBall,Pinhole Punt,22/06/2026 22:45:07,#GLPJRCLYL,BIG|Melih🥥,OPONENTE_T0,DESCONHECIDO T0,friendly
None_Pinhole Punt_#CVUCP8U0C_#GLPJRCLYL_#2Y20JR8CQ_#2UUYVLP8C2_#2RR2RU8UL_#LLV82LQPU_CROW_SIRIUS_CHARLIE_OTIS_FANG_EDGAR,EMEA,#CVUCP8U0C;#GLPJRCLYL;#2Y20JR8CQ;#2UUYVLP8C2;#2RR2RU8UL;#LLV82LQPU,TheSilent🐞;BIG|Melih🥥;REV|Ethan;oicwap;Ćiro🩵;REV|Fayelo,CHARLIE,0,0.0%,brawlBall,Pinhole Punt,22/06/2026 22:45:07,#2Y20JR8CQ,REV|Ethan,OPONENTE_T0,DESCONHECIDO T0,friendly
None_Pinhole Punt_#CVUCP8U0C_#GLPJRCLYL_#2Y20JR8CQ_#2UUYVLP8C2_#2RR2RU8UL_#LLV82LQPU_CROW_SIRIUS_CHARLIE_OTIS_FANG_EDGAR,EMEA,#CVUCP8U0C;#GLPJRCLYL;#2Y20JR8CQ;#2UUYVLP8C2;#2RR2RU8UL;#LLV82LQPU,TheSilent🐞;BIG|Melih🥥;REV|Ethan;oicwap;Ćiro🩵;REV|Fayelo,OTIS,1,100.0%,brawlBall,Pinhole Punt,22/06/2026 22:45:07,#2UUYVLP8C2,oicwap,REV,REVERSO HIVE,friendly
None_Pinhole Punt_#CVUCP8U0C_#GLPJRCLYL_#2Y20JR8CQ_#2UUYVLP8C2_#2RR2RU8UL_#LLV82LQPU_CROW_SIRIUS_CHARLIE_OTIS_FANG_EDGAR,EMEA,#CVUCP8U0C;#GLPJRCLYL;#2Y20JR8CQ;#2UUYVLP8C2;#2RR2RU8UL;#LLV82LQPU,TheSilent🐞;BIG|Melih🥥;REV|Ethan;oicwap;Ćiro🩵;REV|Fayelo,FANG,1,100.0%,brawlBall,Pinhole Punt,22/06/2026 22:45:07,#2RR2RU8UL,Ćiro🩵,REV,REVERSO HIVE,friendly
None_Pinhole Punt_#CVUCP8U0C_#GLPJRCLYL_#2Y20JR8CQ_#2UUYVLP8C2_#2RR2RU8UL_#LLV82LQPU_CROW_SIRIUS_CHARLIE_OTIS_FANG_EDGAR,EMEA,#CVUCP8U0C;#GLPJRCLYL;#2Y20JR8CQ;#2UUYVLP8C2;#2RR2RU8UL;#LLV82LQPU,TheSilent🐞;BIG|Melih🥥;REV|Ethan;oicwap;Ćiro🩵;REV|Fayelo,EDGAR,1,100.0%,brawlBall,Pinhole Punt,22/06/2026 22:45:07,#LLV82LQPU,REV|Fayelo,REV,REVERSO HIVE,friendly
None_Out in the Open_#220QRRLVV_#2Y20JR8CQ_#LLV82LQPU_#2UUYVLP8C2_#2RR2RU8UL_#28JLP02PR_MINA_BYRON_STARR NOVA_JAE-YONG_MEEPLE_BROCK,EMEA,#220QRRLVV;#2Y20JR8CQ;#LLV82LQPU;#2UUYVLP8C2;#2RR2RU8UL;#28JLP02PR,Nanoxxツ;REV|Ethan;REV|Fayelo;oicwap;Ćiro🩵;𝘌𝘓-𝘊𝘰𝘭𝘵🏴,MINA,0,0.0%,knockout,Out in the Open,22/06/2026 22:45:07,#220QRRLVV,Nanoxxツ,REV,REVERSO HIVE,friendly
None_Out in the Open_#220QRRLVV_#2Y20JR8CQ_#LLV82LQPU_#2UUYVLP8C2_#2RR2RU8UL_#28JLP02PR_MINA_BYRON_STARR NOVA_JAE-YONG_MEEPLE_BROCK,EMEA,#220QRRLVV;#2Y20JR8CQ;#LLV82LQPU;#2UUYVLP8C2;#2RR2RU8UL;#28JLP02PR,Nanoxxツ;REV|Ethan;REV|Fayelo;oicwap;Ćiro🩵;𝘌𝘓-𝘊𝘰𝘭𝘵🏴,BYRON,0,0.0%,knockout,Out in the Open,22/06/2026 22:45:07,#2Y20JR8CQ,REV|Ethan,REV,REVERSO HIVE,friendly
None_Out in the Open_#220QRRLVV_#2Y20JR8CQ_#LLV82LQPU_#2UUYVLP8C2_#2RR2RU8UL_#28JLP02PR_MINA_BYRON_STARR NOVA_JAE-YONG_MEEPLE_BROCK,EMEA,#220QRRLVV;#2Y20JR8CQ;#LLV82LQPU;#2UUYVLP8C2;#2RR2RU8UL;#28JLP02PR,Nanoxxツ;REV|Ethan;REV|Fayelo;oicwap;Ćiro🩵;𝘌𝘓-𝘊𝘰𝘭𝘵🏴,STARR NOVA,0,0.0%,knockout,Out in the Open,22/06/2026 22:45:07,#LLV82LQPU,REV|Fayelo,REV,REVERSO HIVE,friendly
None_Out in the Open_#220QRRLVV_#2Y20JR8CQ_#LLV82LQPU_#2UUYVLP8C2_#2RR2RU8UL_#28JLP02PR_MINA_BYRON_STARR NOVA_JAE-YONG_MEEPLE_BROCK,EMEA,#220QRRLVV;#2Y20JR8CQ;#LLV82LQPU;#2UUYVLP8C2;#2RR2RU8UL;#28JLP02PR,Nanoxxツ;REV|Ethan;REV|Fayelo;oicwap;Ćiro🩵;𝘌𝘓-𝘊𝘰𝘭𝘵🏴,JAE-YONG,1,100.0%,knockout,Out in the Open,22/06/2026 22:45:07,#2UUYVLP8C2,oicwap,OPONENTE_T1,DESCONHECIDO T1,friendly
None_Out in the Open_#220QRRLVV_#2Y20JR8CQ_#LLV82LQPU_#2UUYVLP8C2_#2RR2RU8UL_#28JLP02PR_MINA_BYRON_STARR NOVA_JAE-YONG_MEEPLE_BROCK,EMEA,#220QRRLVV;#2Y20JR8CQ;#LLV82LQPU;#2UUYVLP8C2;#2RR2RU8UL;#28JLP02PR,Nanoxxツ;REV|Ethan;REV|Fayelo;oicwap;Ćiro🩵;𝘌𝘓-𝘊𝘰𝘭𝘵🏴,MEEPLE,1,100.0%,knockout,Out in the Open,22/06/2026 22:45:07,#2RR2RU8UL,Ćiro🩵,OPONENTE_T1,DESCONHECIDO T1,friendly
None_Out in the Open_#220QRRLVV_#2Y20JR8CQ_#LLV82LQPU_#2UUYVLP8C2_#2RR2RU8UL_#28JLP02PR_MINA_BYRON_STARR NOVA_JAE-YONG_MEEPLE_BROCK,EMEA,#220QRRLVV;#2Y20JR8CQ;#LLV82LQPU;#2UUYVLP8C2;#2RR2RU8UL;#28JLP02PR,Nanoxxツ;REV|Ethan;REV|Fayelo;oicwap;Ćiro🩵;𝘌𝘓-𝘊𝘰𝘭𝘵🏴,BROCK,1,100.0%,knockout,Out in the Open,22/06/2026 22:45:07,#28JLP02PR,𝘌𝘓-𝘊𝘰𝘭𝘵🏴,OPONENTE_T1,DESCONHECIDO T1,friendly
None_Pinhole Punt_#220QRRLVV_#2Y20JR8CQ_#LLV82LQPU_#2UUYVLP8C2_#CVUCP8U0C_#28JLP02PR_PIERCE_CROW_MINA_LUMI_ALLI_OTIS,EMEA,#220QRRLVV;#2Y20JR8CQ;#LLV82LQPU;#2UUYVLP8C2;#CVUCP8U0C;#28JLP02PR,Nanoxxツ;REV|Ethan;REV|Fayelo;oicwap;TheSilent🐞;𝘌𝘓-𝘊𝘰𝘭𝘵🏴,PIERCE,0,0.0%,brawlBall,Pinhole Punt,22/06/2026 22:45:07,#220QRRLVV,Nanoxxツ,REV,REVERSO HIVE,friendly
None_Pinhole Punt_#220QRRLVV_#2Y20JR8CQ_#LLV82LQPU_#2UUYVLP8C2_#CVUCP8U0C_#28JLP02PR_PIERCE_CROW_MINA_LUMI_ALLI_OTIS,EMEA,#220QRRLVV;#2Y20JR8CQ;#LLV82LQPU;#2UUYVLP8C2;#CVUCP8U0C;#28JLP02PR,Nanoxxツ;REV|Ethan;REV|Fayelo;oicwap;TheSilent🐞;𝘌𝘓-𝘊𝘰𝘭𝘵🏴,CROW,0,0.0%,brawlBall,Pinhole Punt,22/06/2026 22:45:07,#2Y20JR8CQ,REV|Ethan,REV,REVERSO HIVE,friendly
None_Pinhole Punt_#220QRRLVV_#2Y20JR8CQ_#LLV82LQPU_#2UUYVLP8C2_#CVUCP8U0C_#28JLP02PR_PIERCE_CROW_MINA_LUMI_ALLI_OTIS,EMEA,#220QRRLVV;#2Y20JR8CQ;#LLV82LQPU;#2UUYVLP8C2;#CVUCP8U0C;#28JLP02PR,Nanoxxツ;REV|Ethan;REV|Fayelo;oicwap;TheSilent🐞;𝘌𝘓-𝘊𝘰𝘭𝘵🏴,MINA,0,0.0%,brawlBall,Pinhole Punt,22/06/2026 22:45:07,#LLV82LQPU,REV|Fayelo,REV,REVERSO HIVE,friendly
None_Pinhole Punt_#220QRRLVV_#2Y20JR8CQ_#LLV82LQPU_#2UUYVLP8C2_#CVUCP8U0C_#28JLP02PR_PIERCE_CROW_MINA_LUMI_ALLI_OTIS,EMEA,#220QRRLVV;#2Y20JR8CQ;#LLV82LQPU;#2UUYVLP8C2;#CVUCP8U0C;#28JLP02PR,Nanoxxツ;REV|Ethan;REV|Fayelo;oicwap;TheSilent🐞;𝘌𝘓-𝘊𝘰𝘭𝘵🏴,LUMI,1,100.0%,brawlBall,Pinhole Punt,22/06/2026 22:45:07,#2UUYVLP8C2,oicwap,OPONENTE_T1,DESCONHECIDO T1,friendly
None_Pinhole Punt_#220QRRLVV_#2Y20JR8CQ_#LLV82LQPU_#2UUYVLP8C2_#CVUCP8U0C_#28JLP02PR_PIERCE_CROW_MINA_LUMI_ALLI_OTIS,EMEA,#220QRRLVV;#2Y20JR8CQ;#LLV82LQPU;#2UUYVLP8C2;#CVUCP8U0C;#28JLP02PR,Nanoxxツ;REV|Ethan;REV|Fayelo;oicwap;TheSilent🐞;𝘌𝘓-𝘊𝘰𝘭𝘵🏴,ALLI,1,100.0%,brawlBall,Pinhole Punt,22/06/2026 22:45:07,#CVUCP8U0C,TheSilent🐞,OPONENTE_T1,DESCONHECIDO T1,friendly
None_Pinhole Punt_#220QRRLVV_#2Y20JR8CQ_#LLV82LQPU_#2UUYVLP8C2_#CVUCP8U0C_#28JLP02PR_PIERCE_CROW_MINA_LUMI_ALLI_OTIS,EMEA,#220QRRLVV;#2Y20JR8CQ;#LLV82LQPU;#2UUYVLP8C2;#CVUCP8U0C;#28JLP02PR,Nanoxxツ;REV|Ethan;REV|Fayelo;oicwap;TheSilent🐞;𝘌𝘓-𝘊𝘰𝘭𝘵🏴,OTIS,1,100.0%,brawlBall,Pinhole Punt,22/06/2026 22:45:07,#28JLP02PR,𝘌𝘓-𝘊𝘰𝘭𝘵🏴,OPONENTE_T1,DESCONHECIDO T1,friendly
None_Pinhole Punt_#CVUCP8U0C_#2Y20JR8CQ_#28JLP02PR_#2UUYVLP8C2_#220QRRLVV_#LLV82LQPU_DAMIAN_POCO_OTIS_LEON_GALE_STARR NOVA,EMEA,#CVUCP8U0C;#2Y20JR8CQ;#28JLP02PR;#2UUYVLP8C2;#220QRRLVV;#LLV82LQPU,TheSilent🐞;REV|Ethan;𝘌𝘓-𝘊𝘰𝘭𝘵🏴;oicwap;Nanoxxツ;REV|Fayelo,DAMIAN,0,0.0%,brawlBall,Pinhole Punt,22/06/2026 22:45:07,#CVUCP8U0C,TheSilent🐞,OPONENTE_T0,DESCONHECIDO T0,friendly
None_Pinhole Punt_#CVUCP8U0C_#2Y20JR8CQ_#28JLP02PR_#2UUYVLP8C2_#220QRRLVV_#LLV82LQPU_DAMIAN_POCO_OTIS_LEON_GALE_STARR NOVA,EMEA,#CVUCP8U0C;#2Y20JR8CQ;#28JLP02PR;#2UUYVLP8C2;#220QRRLVV;#LLV82LQPU,TheSilent🐞;REV|Ethan;𝘌𝘓-𝘊𝘰𝘭𝘵🏴;oicwap;Nanoxxツ;REV|Fayelo,POCO,0,0.0%,brawlBall,Pinhole Punt,22/06/2026 22:45:07,#2Y20JR8CQ,REV|Ethan,OPONENTE_T0,DESCONHECIDO T0,friendly
None_Pinhole Punt_#CVUCP8U0C_#2Y20JR8CQ_#28JLP02PR_#2UUYVLP8C2_#220QRRLVV_#LLV82LQPU_DAMIAN_POCO_OTIS_LEON_GALE_STARR NOVA,EMEA,#CVUCP8U0C;#2Y20JR8CQ;#28JLP02PR;#2UUYVLP8C2;#220QRRLVV;#LLV82LQPU,TheSilent🐞;REV|Ethan;𝘌𝘓-𝘊𝘰𝘭𝘵🏴;oicwap;Nanoxxツ;REV|Fayelo,OTIS,0,0.0%,brawlBall,Pinhole Punt,22/06/2026 22:45:07,#28JLP02PR,𝘌𝘓-𝘊𝘰𝘭𝘵🏴,OPONENTE_T0,DESCONHECIDO T0,friendly
None_Pinhole Punt_#CVUCP8U0C_#2Y20JR8CQ_#28JLP02PR_#2UUYVLP8C2_#220QRRLVV_#LLV82LQPU_DAMIAN_POCO_OTIS_LEON_GALE_STARR NOVA,EMEA,#CVUCP8U0C;#2Y20JR8CQ;#28JLP02PR;#2UUYVLP8C2;#220QRRLVV;#LLV82LQPU,TheSilent🐞;REV|Ethan;𝘌𝘓-𝘊𝘰𝘭𝘵🏴;oicwap;Nanoxxツ;REV|Fayelo,LEON,1,100.0%,brawlBall,Pinhole Punt,22/06/2026 22:45:07,#2UUYVLP8C2,oicwap,REV,REVERSO HIVE,friendly
None_Pinhole Punt_#CVUCP8U0C_#2Y20JR8CQ_#28JLP02PR_#2UUYVLP8C2_#220QRRLVV_#LLV82LQPU_DAMIAN_POCO_OTIS_LEON_GALE_STARR NOVA,EMEA,#CVUCP8U0C;#2Y20JR8CQ;#28JLP02PR;#2UUYVLP8C2;#220QRRLVV;#LLV82LQPU,TheSilent🐞;REV|Ethan;𝘌𝘓-𝘊𝘰𝘭𝘵🏴;oicwap;Nanoxxツ;REV|Fayelo,GALE,1,100.0%,brawlBall,Pinhole Punt,22/06/2026 22:45:07,#220QRRLVV,Nanoxxツ,REV,REVERSO HIVE,friendly
None_Pinhole Punt_#CVUCP8U0C_#2Y20JR8CQ_#28JLP02PR_#2UUYVLP8C2_#220QRRLVV_#LLV82LQPU_DAMIAN_POCO_OTIS_LEON_GALE_STARR NOVA,EMEA,#CVUCP8U0C;#2Y20JR8CQ;#28JLP02PR;#2UUYVLP8C2;#220QRRLVV;#LLV82LQPU,TheSilent🐞;REV|Ethan;𝘌𝘓-𝘊𝘰𝘭𝘵🏴;oicwap;Nanoxxツ;REV|Fayelo,STARR NOVA,1,100.0%,brawlBall,Pinhole Punt,22/06/2026 22:45:07,#LLV82LQPU,REV|Fayelo,REV,REVERSO HIVE,friendly
None_Crystal Arcade_#2UUYVLP8C2_#9GRJP99LY_#2Y20JR8CQ_#CVUCP8U0C_#LLV82LQPU_#28JLP02PR_CHESTER_LUMI_EDGAR_OTIS_MORTIS_STU,EMEA,#2UUYVLP8C2;#9GRJP99LY;#2Y20JR8CQ;#CVUCP8U0C;#LLV82LQPU;#28JLP02PR,oicwap;Coverzmc;REV|Ethan;TheSilent🐞;REV|Fayelo;𝘌𝘓-𝘊𝘰𝘭𝘵🏴,CHESTER,1,100.0%,gemGrab,Crystal Arcade,22/06/2026 22:45:07,#2UUYVLP8C2,oicwap,OPONENTE_T0,DESCONHECIDO T0,friendly
None_Crystal Arcade_#2UUYVLP8C2_#9GRJP99LY_#2Y20JR8CQ_#CVUCP8U0C_#LLV82LQPU_#28JLP02PR_CHESTER_LUMI_EDGAR_OTIS_MORTIS_STU,EMEA,#2UUYVLP8C2;#9GRJP99LY;#2Y20JR8CQ;#CVUCP8U0C;#LLV82LQPU;#28JLP02PR,oicwap;Coverzmc;REV|Ethan;TheSilent🐞;REV|Fayelo;𝘌𝘓-𝘊𝘰𝘭𝘵🏴,LUMI,1,100.0%,gemGrab,Crystal Arcade,22/06/2026 22:45:07,#9GRJP99LY,Coverzmc,OPONENTE_T0,DESCONHECIDO T0,friendly
None_Crystal Arcade_#2UUYVLP8C2_#9GRJP99LY_#2Y20JR8CQ_#CVUCP8U0C_#LLV82LQPU_#28JLP02PR_CHESTER_LUMI_EDGAR_OTIS_MORTIS_STU,EMEA,#2UUYVLP8C2;#9GRJP99LY;#2Y20JR8CQ;#CVUCP8U0C;#LLV82LQPU;#28JLP02PR,oicwap;Coverzmc;REV|Ethan;TheSilent🐞;REV|Fayelo;𝘌𝘓-𝘊𝘰𝘭𝘵🏴,EDGAR,1,100.0%,gemGrab,Crystal Arcade,22/06/2026 22:45:07,#2Y20JR8CQ,REV|Ethan,OPONENTE_T0,DESCONHECIDO T0,friendly
None_Crystal Arcade_#2UUYVLP8C2_#9GRJP99LY_#2Y20JR8CQ_#CVUCP8U0C_#LLV82LQPU_#28JLP02PR_CHESTER_LUMI_EDGAR_OTIS_MORTIS_STU,EMEA,#2UUYVLP8C2;#9GRJP99LY;#2Y20JR8CQ;#CVUCP8U0C;#LLV82LQPU;#28JLP02PR,oicwap;Coverzmc;REV|Ethan;TheSilent🐞;REV|Fayelo;𝘌𝘓-𝘊𝘰𝘭𝘵🏴,OTIS,0,0.0%,gemGrab,Crystal Arcade,22/06/2026 22:45:07,#CVUCP8U0C,TheSilent🐞,REV,REVERSO HIVE,friendly
None_Crystal Arcade_#2UUYVLP8C2_#9GRJP99LY_#2Y20JR8CQ_#CVUCP8U0C_#LLV82LQPU_#28JLP02PR_CHESTER_LUMI_EDGAR_OTIS_MORTIS_STU,EMEA,#2UUYVLP8C2;#9GRJP99LY;#2Y20JR8CQ;#CVUCP8U0C;#LLV82LQPU;#28JLP02PR,oicwap;Coverzmc;REV|Ethan;TheSilent🐞;REV|Fayelo;𝘌𝘓-𝘊𝘰𝘭𝘵🏴,MORTIS,0,0.0%,gemGrab,Crystal Arcade,22/06/2026 22:45:07,#LLV82LQPU,REV|Fayelo,REV,REVERSO HIVE,friendly
None_Crystal Arcade_#2UUYVLP8C2_#9GRJP99LY_#2Y20JR8CQ_#CVUCP8U0C_#LLV82LQPU_#28JLP02PR_CHESTER_LUMI_EDGAR_OTIS_MORTIS_STU,EMEA,#2UUYVLP8C2;#9GRJP99LY;#2Y20JR8CQ;#CVUCP8U0C;#LLV82LQPU;#28JLP02PR,oicwap;Coverzmc;REV|Ethan;TheSilent🐞;REV|Fayelo;𝘌𝘓-𝘊𝘰𝘭𝘵🏴,STU,0,0.0%,gemGrab,Crystal Arcade,22/06/2026 22:45:07,#28JLP02PR,𝘌𝘓-𝘊𝘰𝘭𝘵🏴,REV,REVERSO HIVE,friendly
None_Pinball Dreams_#9GRJP99LY_#2Y20JR8CQ_#LLV82LQPU_#8RCYUCCL0_#CVUCP8U0C_#2YYJYPCL_CROW_EMZ_STARR NOVA_MEEPLE_KENJI_WILLOW,EMEA,#9GRJP99LY;#2Y20JR8CQ;#LLV82LQPU;#8RCYUCCL0;#CVUCP8U0C;#2YYJYPCL,Coverzmc;REV|Ethan;REV|Fayelo;Deezent🇺🇦;TheSilent🐞;Tomzy👽,CROW,1,100.0%,brawlBall,Pinball Dreams,22/06/2026 22:45:07,#9GRJP99LY,Coverzmc,REV,REVERSO HIVE,friendly
None_Pinball Dreams_#9GRJP99LY_#2Y20JR8CQ_#LLV82LQPU_#8RCYUCCL0_#CVUCP8U0C_#2YYJYPCL_CROW_EMZ_STARR NOVA_MEEPLE_KENJI_WILLOW,EMEA,#9GRJP99LY;#2Y20JR8CQ;#LLV82LQPU;#8RCYUCCL0;#CVUCP8U0C;#2YYJYPCL,Coverzmc;REV|Ethan;REV|Fayelo;Deezent🇺🇦;TheSilent🐞;Tomzy👽,EMZ,1,100.0%,brawlBall,Pinball Dreams,22/06/2026 22:45:07,#2Y20JR8CQ,REV|Ethan,REV,REVERSO HIVE,friendly
None_Pinball Dreams_#9GRJP99LY_#2Y20JR8CQ_#LLV82LQPU_#8RCYUCCL0_#CVUCP8U0C_#2YYJYPCL_CROW_EMZ_STARR NOVA_MEEPLE_KENJI_WILLOW,EMEA,#9GRJP99LY;#2Y20JR8CQ;#LLV82LQPU;#8RCYUCCL0;#CVUCP8U0C;#2YYJYPCL,Coverzmc;REV|Ethan;REV|Fayelo;Deezent🇺🇦;TheSilent🐞;Tomzy👽,STARR NOVA,1,100.0%,brawlBall,Pinball Dreams,22/06/2026 22:45:07,#LLV82LQPU,REV|Fayelo,REV,REVERSO HIVE,friendly
None_Pinball Dreams_#9GRJP99LY_#2Y20JR8CQ_#LLV82LQPU_#8RCYUCCL0_#CVUCP8U0C_#2YYJYPCL_CROW_EMZ_STARR NOVA_MEEPLE_KENJI_WILLOW,EMEA,#9GRJP99LY;#2Y20JR8CQ;#LLV82LQPU;#8RCYUCCL0;#CVUCP8U0C;#2YYJYPCL,Coverzmc;REV|Ethan;REV|Fayelo;Deezent🇺🇦;TheSilent🐞;Tomzy👽,MEEPLE,0,0.0%,brawlBall,Pinball Dreams,22/06/2026 22:45:07,#8RCYUCCL0,Deezent🇺🇦,OPONENTE_T1,DESCONHECIDO T1,friendly
None_Pinball Dreams_#9GRJP99LY_#2Y20JR8CQ_#LLV82LQPU_#8RCYUCCL0_#CVUCP8U0C_#2YYJYPCL_CROW_EMZ_STARR NOVA_MEEPLE_KENJI_WILLOW,EMEA,#9GRJP99LY;#2Y20JR8CQ;#LLV82LQPU;#8RCYUCCL0;#CVUCP8U0C;#2YYJYPCL,Coverzmc;REV|Ethan;REV|Fayelo;Deezent🇺🇦;TheSilent🐞;Tomzy👽,KENJI,0,0.0%,brawlBall,Pinball Dreams,22/06/2026 22:45:07,#CVUCP8U0C,TheSilent🐞,OPONENTE_T1,DESCONHECIDO T1,friendly
None_Pinball Dreams_#9GRJP99LY_#2Y20JR8CQ_#LLV82LQPU_#8RCYUCCL0_#CVUCP8U0C_#2YYJYPCL_CROW_EMZ_STARR NOVA_MEEPLE_KENJI_WILLOW,EMEA,#9GRJP99LY;#2Y20JR8CQ;#LLV82LQPU;#8RCYUCCL0;#CVUCP8U0C;#2YYJYPCL,Coverzmc;REV|Ethan;REV|Fayelo;Deezent🇺🇦;TheSilent🐞;Tomzy👽,WILLOW,0,0.0%,brawlBall,Pinball Dreams,22/06/2026 22:45:07,#2YYJYPCL,Tomzy👽,OPONENTE_T1,DESCONHECIDO T1,friendly
None_Safe Zone_#CJ9YRGGC_#2Y20JR8CQ_#LLV82LQPU_#8RVLRVYYP_#YYUG20PQV_#2YYJYPCL_PIERCE_COLT_NAJIA_PENNY_BYRON_KAZE,EMEA,#CJ9YRGGC;#2Y20JR8CQ;#LLV82LQPU;#8RVLRVYYP;#YYUG20PQV;#2YYJYPCL,HK|Natrix;REV|Ethan;REV|Fayelo;TLB|Yei Yei;TLB|Agachiナ;Tomzy👽,PIERCE,0,0.0%,heist,Safe Zone,22/06/2026 22:45:07,#CJ9YRGGC,HK|Natrix,REV,REVERSO HIVE,friendly
None_Safe Zone_#CJ9YRGGC_#2Y20JR8CQ_#LLV82LQPU_#8RVLRVYYP_#YYUG20PQV_#2YYJYPCL_PIERCE_COLT_NAJIA_PENNY_BYRON_KAZE,EMEA,#CJ9YRGGC;#2Y20JR8CQ;#LLV82LQPU;#8RVLRVYYP;#YYUG20PQV;#2YYJYPCL,HK|Natrix;REV|Ethan;REV|Fayelo;TLB|Yei Yei;TLB|Agachiナ;Tomzy👽,COLT,0,0.0%,heist,Safe Zone,22/06/2026 22:45:07,#2Y20JR8CQ,REV|Ethan,REV,REVERSO HIVE,friendly
None_Safe Zone_#CJ9YRGGC_#2Y20JR8CQ_#LLV82LQPU_#8RVLRVYYP_#YYUG20PQV_#2YYJYPCL_PIERCE_COLT_NAJIA_PENNY_BYRON_KAZE,EMEA,#CJ9YRGGC;#2Y20JR8CQ;#LLV82LQPU;#8RVLRVYYP;#YYUG20PQV;#2YYJYPCL,HK|Natrix;REV|Ethan;REV|Fayelo;TLB|Yei Yei;TLB|Agachiナ;Tomzy👽,NAJIA,0,0.0%,heist,Safe Zone,22/06/2026 22:45:07,#LLV82LQPU,REV|Fayelo,REV,REVERSO HIVE,friendly
None_Safe Zone_#CJ9YRGGC_#2Y20JR8CQ_#LLV82LQPU_#8RVLRVYYP_#YYUG20PQV_#2YYJYPCL_PIERCE_COLT_NAJIA_PENNY_BYRON_KAZE,EMEA,#CJ9YRGGC;#2Y20JR8CQ;#LLV82LQPU;#8RVLRVYYP;#YYUG20PQV;#2YYJYPCL,HK|Natrix;REV|Ethan;REV|Fayelo;TLB|Yei Yei;TLB|Agachiナ;Tomzy👽,PENNY,1,100.0%,heist,Safe Zone,22/06/2026 22:45:07,#8RVLRVYYP,TLB|Yei Yei,TLB,TALENTS LAB,friendly
None_Safe Zone_#CJ9YRGGC_#2Y20JR8CQ_#LLV82LQPU_#8RVLRVYYP_#YYUG20PQV_#2YYJYPCL_PIERCE_COLT_NAJIA_PENNY_BYRON_KAZE,EMEA,#CJ9YRGGC;#2Y20JR8CQ;#LLV82LQPU;#8RVLRVYYP;#YYUG20PQV;#2YYJYPCL,HK|Natrix;REV|Ethan;REV|Fayelo;TLB|Yei Yei;TLB|Agachiナ;Tomzy👽,BYRON,1,100.0%,heist,Safe Zone,22/06/2026 22:45:07,#YYUG20PQV,TLB|Agachiナ,TLB,TALENTS LAB,friendly
None_Safe Zone_#CJ9YRGGC_#2Y20JR8CQ_#LLV82LQPU_#8RVLRVYYP_#YYUG20PQV_#2YYJYPCL_PIERCE_COLT_NAJIA_PENNY_BYRON_KAZE,EMEA,#CJ9YRGGC;#2Y20JR8CQ;#LLV82LQPU;#8RVLRVYYP;#YYUG20PQV;#2YYJYPCL,HK|Natrix;REV|Ethan;REV|Fayelo;TLB|Yei Yei;TLB|Agachiナ;Tomzy👽,KAZE,1,100.0%,heist,Safe Zone,22/06/2026 22:45:07,#2YYJYPCL,Tomzy👽,TLB,TALENTS LAB,friendly
None_Dry Season_#8RCYUCCL0_#GGC0L02R_#2Y20JR8CQ_#8RVLRVYYP_#2YYJYPCL_#2VP08LCV20_MINA_BYRON_PENNY_JAE-YONG_STARR NOVA_LUMI,EMEA,#8RCYUCCL0;#GGC0L02R;#2Y20JR8CQ;#8RVLRVYYP;#2YYJYPCL;#2VP08LCV20,Deezent🇺🇦;ㅤㅤ;REV|Ethan;TLB|Yei Yei;Tomzy👽;Juunglé🥇,MINA,0,0.0%,bounty,Dry Season,22/06/2026 22:45:07,#8RCYUCCL0,Deezent🇺🇦,OPONENTE_T0,DESCONHECIDO T0,friendly
None_Dry Season_#8RCYUCCL0_#GGC0L02R_#2Y20JR8CQ_#8RVLRVYYP_#2YYJYPCL_#2VP08LCV20_MINA_BYRON_PENNY_JAE-YONG_STARR NOVA_LUMI,EMEA,#8RCYUCCL0;#GGC0L02R;#2Y20JR8CQ;#8RVLRVYYP;#2YYJYPCL;#2VP08LCV20,Deezent🇺🇦;ㅤㅤ;REV|Ethan;TLB|Yei Yei;Tomzy👽;Juunglé🥇,BYRON,0,0.0%,bounty,Dry Season,22/06/2026 22:45:07,#GGC0L02R,ㅤㅤ,OPONENTE_T0,DESCONHECIDO T0,friendly
None_Dry Season_#8RCYUCCL0_#GGC0L02R_#2Y20JR8CQ_#8RVLRVYYP_#2YYJYPCL_#2VP08LCV20_MINA_BYRON_PENNY_JAE-YONG_STARR NOVA_LUMI,EMEA,#8RCYUCCL0;#GGC0L02R;#2Y20JR8CQ;#8RVLRVYYP;#2YYJYPCL;#2VP08LCV20,Deezent🇺🇦;ㅤㅤ;REV|Ethan;TLB|Yei Yei;Tomzy👽;Juunglé🥇,PENNY,0,0.0%,bounty,Dry Season,22/06/2026 22:45:07,#2Y20JR8CQ,REV|Ethan,OPONENTE_T0,DESCONHECIDO T0,friendly
None_Dry Season_#8RCYUCCL0_#GGC0L02R_#2Y20JR8CQ_#8RVLRVYYP_#2YYJYPCL_#2VP08LCV20_MINA_BYRON_PENNY_JAE-YONG_STARR NOVA_LUMI,EMEA,#8RCYUCCL0;#GGC0L02R;#2Y20JR8CQ;#8RVLRVYYP;#2YYJYPCL;#2VP08LCV20,Deezent🇺🇦;ㅤㅤ;REV|Ethan;TLB|Yei Yei;Tomzy👽;Juunglé🥇,JAE-YONG,1,100.0%,bounty,Dry Season,22/06/2026 22:45:07,#8RVLRVYYP,TLB|Yei Yei,TLB,TALENTS LAB,friendly
None_Dry Season_#8RCYUCCL0_#GGC0L02R_#2Y20JR8CQ_#8RVLRVYYP_#2YYJYPCL_#2VP08LCV20_MINA_BYRON_PENNY_JAE-YONG_STARR NOVA_LUMI,EMEA,#8RCYUCCL0;#GGC0L02R;#2Y20JR8CQ;#8RVLRVYYP;#2YYJYPCL;#2VP08LCV20,Deezent🇺🇦;ㅤㅤ;REV|Ethan;TLB|Yei Yei;Tomzy👽;Juunglé🥇,STARR NOVA,1,100.0%,bounty,Dry Season,22/06/2026 22:45:07,#2YYJYPCL,Tomzy👽,TLB,TALENTS LAB,friendly
None_Dry Season_#8RCYUCCL0_#GGC0L02R_#2Y20JR8CQ_#8RVLRVYYP_#2YYJYPCL_#2VP08LCV20_MINA_BYRON_PENNY_JAE-YONG_STARR NOVA_LUMI,EMEA,#8RCYUCCL0;#GGC0L02R;#2Y20JR8CQ;#8RVLRVYYP;#2YYJYPCL;#2VP08LCV20,Deezent🇺🇦;ㅤㅤ;REV|Ethan;TLB|Yei Yei;Tomzy👽;Juunglé🥇,LUMI,1,100.0%,bounty,Dry Season,22/06/2026 22:45:07,#2VP08LCV20,Juunglé🥇,TLB,TALENTS LAB,friendly
None_Kaboom Canyon_#2VP08LCV20_#8RCYUCCL0_#8RVLRVYYP_#2YYJYPCL_#GGC0L02R_#2Y20JR8CQ_EDGAR_COLT_CROW_ANGELO_CHARLIE_KAZE,EMEA,#2VP08LCV20;#8RCYUCCL0;#8RVLRVYYP;#2YYJYPCL;#GGC0L02R;#2Y20JR8CQ,Juunglé🥇;Deezent🇺🇦;TLB|Yei Yei;Tomzy👽;ㅤㅤ;REV|Ethan,EDGAR,0,0.0%,heist,Kaboom Canyon,22/06/2026 22:45:07,#2VP08LCV20,Juunglé🥇,TLB,TALENTS LAB,friendly
None_Kaboom Canyon_#2VP08LCV20_#8RCYUCCL0_#8RVLRVYYP_#2YYJYPCL_#GGC0L02R_#2Y20JR8CQ_EDGAR_COLT_CROW_ANGELO_CHARLIE_KAZE,EMEA,#2VP08LCV20;#8RCYUCCL0;#8RVLRVYYP;#2YYJYPCL;#GGC0L02R;#2Y20JR8CQ,Juunglé🥇;Deezent🇺🇦;TLB|Yei Yei;Tomzy👽;ㅤㅤ;REV|Ethan,COLT,0,0.0%,heist,Kaboom Canyon,22/06/2026 22:45:07,#8RCYUCCL0,Deezent🇺🇦,TLB,TALENTS LAB,friendly
None_Kaboom Canyon_#2VP08LCV20_#8RCYUCCL0_#8RVLRVYYP_#2YYJYPCL_#GGC0L02R_#2Y20JR8CQ_EDGAR_COLT_CROW_ANGELO_CHARLIE_KAZE,EMEA,#2VP08LCV20;#8RCYUCCL0;#8RVLRVYYP;#2YYJYPCL;#GGC0L02R;#2Y20JR8CQ,Juunglé🥇;Deezent🇺🇦;TLB|Yei Yei;Tomzy👽;ㅤㅤ;REV|Ethan,CROW,0,0.0%,heist,Kaboom Canyon,22/06/2026 22:45:07,#8RVLRVYYP,TLB|Yei Yei,TLB,TALENTS LAB,friendly
None_Kaboom Canyon_#2VP08LCV20_#8RCYUCCL0_#8RVLRVYYP_#2YYJYPCL_#GGC0L02R_#2Y20JR8CQ_EDGAR_COLT_CROW_ANGELO_CHARLIE_KAZE,EMEA,#2VP08LCV20;#8RCYUCCL0;#8RVLRVYYP;#2YYJYPCL;#GGC0L02R;#2Y20JR8CQ,Juunglé🥇;Deezent🇺🇦;TLB|Yei Yei;Tomzy👽;ㅤㅤ;REV|Ethan,ANGELO,1,100.0%,heist,Kaboom Canyon,22/06/2026 22:45:07,#2YYJYPCL,Tomzy👽,OPONENTE_T1,DESCONHECIDO T1,friendly
None_Kaboom Canyon_#2VP08LCV20_#8RCYUCCL0_#8RVLRVYYP_#2YYJYPCL_#GGC0L02R_#2Y20JR8CQ_EDGAR_COLT_CROW_ANGELO_CHARLIE_KAZE,EMEA,#2VP08LCV20;#8RCYUCCL0;#8RVLRVYYP;#2YYJYPCL;#GGC0L02R;#2Y20JR8CQ,Juunglé🥇;Deezent🇺🇦;TLB|Yei Yei;Tomzy👽;ㅤㅤ;REV|Ethan,CHARLIE,1,100.0%,heist,Kaboom Canyon,22/06/2026 22:45:07,#GGC0L02R,ㅤㅤ,OPONENTE_T1,DESCONHECIDO T1,friendly
None_Kaboom Canyon_#2VP08LCV20_#8RCYUCCL0_#8RVLRVYYP_#2YYJYPCL_#GGC0L02R_#2Y20JR8CQ_EDGAR_COLT_CROW_ANGELO_CHARLIE_KAZE,EMEA,#2VP08LCV20;#8RCYUCCL0;#8RVLRVYYP;#2YYJYPCL;#GGC0L02R;#2Y20JR8CQ,Juunglé🥇;Deezent🇺🇦;TLB|Yei Yei;Tomzy👽;ㅤㅤ;REV|Ethan,KAZE,1,100.0%,heist,Kaboom Canyon,22/06/2026 22:45:07,#2Y20JR8CQ,REV|Ethan,OPONENTE_T1,DESCONHECIDO T1,friendly
None_Out in the Open_#2YYJYPCL_#8RVLRVYYP_MAX_CROW,EMEA,#2YYJYPCL;#8RVLRVYYP,Tomzy👽;TLB|Yei Yei,MAX,1,100.0%,knockout,Out in the Open,22/06/2026 22:45:07,#2YYJYPCL,Tomzy👽,OPONENTE_T0,DESCONHECIDO T0,friendly
None_Out in the Open_#2YYJYPCL_#8RVLRVYYP_MAX_CROW,EMEA,#2YYJYPCL;#8RVLRVYYP,Tomzy👽;TLB|Yei Yei,CROW,1,100.0%,knockout,Out in the Open,22/06/2026 22:45:07,#8RVLRVYYP,TLB|Yei Yei,OPONENTE_T0,DESCONHECIDO T0,friendly
None_None_#9ULYPV8_#UR2UL8YR_ALLI_ALLI,EA,#9ULYPV8;#UR2UL8YR,CR|Tensai;CR|Moya,ALLI,1,100.0%,knockout,,22/06/2026 22:45:07,#9ULYPV8,CR|Tensai,CR,CRAZY RACCOON,friendly
None_None_#9ULYPV8_#UR2UL8YR_ALLI_ALLI,EA,#9ULYPV8;#UR2UL8YR,CR|Tensai;CR|Moya,ALLI,1,100.0%,knockout,,22/06/2026 22:45:07,#UR2UL8YR,CR|Moya,CR,CRAZY RACCOON,friendly
None_None_#29UGLJV2G_#82CJYJPG2_#2RQQ9PGC_COLT_COLT_ROSA,EA,#29UGLJV2G;#82CJYJPG2;#2RQQ9PGC,ダイナマイクの貴公子れび;RVL|Yutapin;Sh!gemyon,COLT,0,0.0%,knockout,,22/06/2026 22:45:07,#29UGLJV2G,ダイナマイクの貴公子れび,RVL,RIVAL,friendly
None_None_#29UGLJV2G_#82CJYJPG2_#2RQQ9PGC_COLT_COLT_ROSA,EA,#29UGLJV2G;#82CJYJPG2;#2RQQ9PGC,ダイナマイクの貴公子れび;RVL|Yutapin;Sh!gemyon,COLT,0,0.0%,knockout,,22/06/2026 22:45:07,#82CJYJPG2,RVL|Yutapin,RVL,RIVAL,friendly
None_None_#29UGLJV2G_#82CJYJPG2_#2RQQ9PGC_COLT_COLT_ROSA,EA,#29UGLJV2G;#82CJYJPG2;#2RQQ9PGC,ダイナマイクの貴公子れび;RVL|Yutapin;Sh!gemyon,ROSA,0,0.0%,knockout,,22/06/2026 22:45:07,#2RQQ9PGC,Sh!gemyon,RVL,RIVAL,friendly
None_Crystal Arcade_#8R0JY2UJ2_#PR8R8RPRJ_#2QYQG8UP_#CC0LYCLR_#U9P2CUJU_#9G090QVQV_CHARLIE_SANDY_CHESTER_MORTIS_RUFFS_CROW,EA,#8R0JY2UJ2;#PR8R8RPRJ;#2QYQG8UP;#CC0LYCLR;#U9P2CUJU;#9G090QVQV,FZ|Rennosuke;@1chmylirea;콜무;Misery💫;Second..;Swatified💤,CHARLIE,0,0.0%,gemGrab,Crystal Arcade,22/06/2026 22:45:07,#8R0JY2UJ2,FZ|Rennosuke,F0,FAZE ZERO,tournament
None_Crystal Arcade_#8R0JY2UJ2_#PR8R8RPRJ_#2QYQG8UP_#CC0LYCLR_#U9P2CUJU_#9G090QVQV_CHARLIE_SANDY_CHESTER_MORTIS_RUFFS_CROW,EA,#8R0JY2UJ2;#PR8R8RPRJ;#2QYQG8UP;#CC0LYCLR;#U9P2CUJU;#9G090QVQV,FZ|Rennosuke;@1chmylirea;콜무;Misery💫;Second..;Swatified💤,SANDY,0,0.0%,gemGrab,Crystal Arcade,22/06/2026 22:45:07,#PR8R8RPRJ,@1chmylirea,F0,FAZE ZERO,tournament
None_Crystal Arcade_#8R0JY2UJ2_#PR8R8RPRJ_#2QYQG8UP_#CC0LYCLR_#U9P2CUJU_#9G090QVQV_CHARLIE_SANDY_CHESTER_MORTIS_RUFFS_CROW,EA,#8R0JY2UJ2;#PR8R8RPRJ;#2QYQG8UP;#CC0LYCLR;#U9P2CUJU;#9G090QVQV,FZ|Rennosuke;@1chmylirea;콜무;Misery💫;Second..;Swatified💤,CHESTER,0,0.0%,gemGrab,Crystal Arcade,22/06/2026 22:45:07,#2QYQG8UP,콜무,F0,FAZE ZERO,tournament
None_Crystal Arcade_#8R0JY2UJ2_#PR8R8RPRJ_#2QYQG8UP_#CC0LYCLR_#U9P2CUJU_#9G090QVQV_CHARLIE_SANDY_CHESTER_MORTIS_RUFFS_CROW,EA,#8R0JY2UJ2;#PR8R8RPRJ;#2QYQG8UP;#CC0LYCLR;#U9P2CUJU;#9G090QVQV,FZ|Rennosuke;@1chmylirea;콜무;Misery💫;Second..;Swatified💤,MORTIS,1,100.0%,gemGrab,Crystal Arcade,22/06/2026 22:45:07,#CC0LYCLR,Misery💫,OPONENTE_T1,DESCONHECIDO T1,tournament
None_Crystal Arcade_#8R0JY2UJ2_#PR8R8RPRJ_#2QYQG8UP_#CC0LYCLR_#U9P2CUJU_#9G090QVQV_CHARLIE_SANDY_CHESTER_MORTIS_RUFFS_CROW,EA,#8R0JY2UJ2;#PR8R8RPRJ;#2QYQG8UP;#CC0LYCLR;#U9P2CUJU;#9G090QVQV,FZ|Rennosuke;@1chmylirea;콜무;Misery💫;Second..;Swatified💤,RUFFS,1,100.0%,gemGrab,Crystal Arcade,22/06/2026 22:45:07,#U9P2CUJU,Second..,OPONENTE_T1,DESCONHECIDO T1,tournament
None_Crystal Arcade_#8R0JY2UJ2_#PR8R8RPRJ_#2QYQG8UP_#CC0LYCLR_#U9P2CUJU_#9G090QVQV_CHARLIE_SANDY_CHESTER_MORTIS_RUFFS_CROW,EA,#8R0JY2UJ2;#PR8R8RPRJ;#2QYQG8UP;#CC0LYCLR;#U9P2CUJU;#9G090QVQV,FZ|Rennosuke;@1chmylirea;콜무;Misery💫;Second..;Swatified💤,CROW,1,100.0%,gemGrab,Crystal Arcade,22/06/2026 22:45:07,#9G090QVQV,Swatified💤,OPONENTE_T1,DESCONHECIDO T1,tournament
None_Layer Cake_#PR8R8RPRJ_#8R0JY2UJ2_#2QYQG8UP_#CC0LYCLR_#U9P2CUJU_#9G090QVQV_MEEPLE_KIT_ALLI_MORTIS_RUFFS_CROW,EA,#PR8R8RPRJ;#8R0JY2UJ2;#2QYQG8UP;#CC0LYCLR;#U9P2CUJU;#9G090QVQV,@1chmylirea;FZ|Rennosuke;콜무;Misery💫;Second..;Swatified💤,MEEPLE,0,0.0%,bounty,Layer Cake,22/06/2026 22:45:07,#PR8R8RPRJ,@1chmylirea,F0,FAZE ZERO,tournament
None_Layer Cake_#PR8R8RPRJ_#8R0JY2UJ2_#2QYQG8UP_#CC0LYCLR_#U9P2CUJU_#9G090QVQV_MEEPLE_KIT_ALLI_MORTIS_RUFFS_CROW,EA,#PR8R8RPRJ;#8R0JY2UJ2;#2QYQG8UP;#CC0LYCLR;#U9P2CUJU;#9G090QVQV,@1chmylirea;FZ|Rennosuke;콜무;Misery💫;Second..;Swatified💤,KIT,0,0.0%,bounty,Layer Cake,22/06/2026 22:45:07,#8R0JY2UJ2,FZ|Rennosuke,F0,FAZE ZERO,tournament
None_Layer Cake_#PR8R8RPRJ_#8R0JY2UJ2_#2QYQG8UP_#CC0LYCLR_#U9P2CUJU_#9G090QVQV_MEEPLE_KIT_ALLI_MORTIS_RUFFS_CROW,EA,#PR8R8RPRJ;#8R0JY2UJ2;#2QYQG8UP;#CC0LYCLR;#U9P2CUJU;#9G090QVQV,@1chmylirea;FZ|Rennosuke;콜무;Misery💫;Second..;Swatified💤,ALLI,0,0.0%,bounty,Layer Cake,22/06/2026 22:45:07,#2QYQG8UP,콜무,F0,FAZE ZERO,tournament
None_Layer Cake_#PR8R8RPRJ_#8R0JY2UJ2_#2QYQG8UP_#CC0LYCLR_#U9P2CUJU_#9G090QVQV_MEEPLE_KIT_ALLI_MORTIS_RUFFS_CROW,EA,#PR8R8RPRJ;#8R0JY2UJ2;#2QYQG8UP;#CC0LYCLR;#U9P2CUJU;#9G090QVQV,@1chmylirea;FZ|Rennosuke;콜무;Misery💫;Second..;Swatified💤,MORTIS,1,100.0%,bounty,Layer Cake,22/06/2026 22:45:07,#CC0LYCLR,Misery💫,OPONENTE_T1,DESCONHECIDO T1,tournament
None_Layer Cake_#PR8R8RPRJ_#8R0JY2UJ2_#2QYQG8UP_#CC0LYCLR_#U9P2CUJU_#9G090QVQV_MEEPLE_KIT_ALLI_MORTIS_RUFFS_CROW,EA,#PR8R8RPRJ;#8R0JY2UJ2;#2QYQG8UP;#CC0LYCLR;#U9P2CUJU;#9G090QVQV,@1chmylirea;FZ|Rennosuke;콜무;Misery💫;Second..;Swatified💤,RUFFS,1,100.0%,bounty,Layer Cake,22/06/2026 22:45:07,#U9P2CUJU,Second..,OPONENTE_T1,DESCONHECIDO T1,tournament
None_Layer Cake_#PR8R8RPRJ_#8R0JY2UJ2_#2QYQG8UP_#CC0LYCLR_#U9P2CUJU_#9G090QVQV_MEEPLE_KIT_ALLI_MORTIS_RUFFS_CROW,EA,#PR8R8RPRJ;#8R0JY2UJ2;#2QYQG8UP;#CC0LYCLR;#U9P2CUJU;#9G090QVQV,@1chmylirea;FZ|Rennosuke;콜무;Misery💫;Second..;Swatified💤,CROW,1,100.0%,bounty,Layer Cake,22/06/2026 22:45:07,#9G090QVQV,Swatified💤,OPONENTE_T1,DESCONHECIDO T1,tournament
None_None_#PR8R8RPRJ_#8R0JY2UJ2_COLT_COLT,EA,#PR8R8RPRJ;#8R0JY2UJ2,@1chmylirea;FZ|Rennosuke,COLT,0,0.0%,knockout,,22/06/2026 22:45:07,#PR8R8RPRJ,@1chmylirea,OPONENTE_T0,DESCONHECIDO T0,friendly
None_None_#PR8R8RPRJ_#8R0JY2UJ2_COLT_COLT,EA,#PR8R8RPRJ;#8R0JY2UJ2,@1chmylirea;FZ|Rennosuke,COLT,0,0.0%,knockout,,22/06/2026 22:45:07,#8R0JY2UJ2,FZ|Rennosuke,OPONENTE_T0,DESCONHECIDO T0,friendly
None_Hideout_#29L8VP9Y8_#PLLGGR0J8_#88PL8L2JC_#2JGJ28G9RJ_#GYP0Y8CLR_#282L9Y89L_MINA_BELLE_LOU_BYRON_NANI_DARRYL,NA,#29L8VP9Y8;#PLLGGR0J8;#88PL8L2JC;#2JGJ28G9RJ;#GYP0Y8CLR;#282L9Y89L,RLM|Xander_z;Ale🐝;NOVA |David;chilepatuculo;MTM|Helton;pancakeyboi,MINA,1,100.0%,bounty,Hideout,23/06/2026 02:50:17,#29L8VP9Y8,RLM|Xander_z,ENONA,ENOSIS NA,friendly
None_Hideout_#29L8VP9Y8_#PLLGGR0J8_#88PL8L2JC_#2JGJ28G9RJ_#GYP0Y8CLR_#282L9Y89L_MINA_BELLE_LOU_BYRON_NANI_DARRYL,NA,#29L8VP9Y8;#PLLGGR0J8;#88PL8L2JC;#2JGJ28G9RJ;#GYP0Y8CLR;#282L9Y89L,RLM|Xander_z;Ale🐝;NOVA |David;chilepatuculo;MTM|Helton;pancakeyboi,BELLE,1,100.0%,bounty,Hideout,23/06/2026 02:50:17,#PLLGGR0J8,Ale🐝,ENONA,ENOSIS NA,friendly
None_Hideout_#29L8VP9Y8_#PLLGGR0J8_#88PL8L2JC_#2JGJ28G9RJ_#GYP0Y8CLR_#282L9Y89L_MINA_BELLE_LOU_BYRON_NANI_DARRYL,NA,#29L8VP9Y8;#PLLGGR0J8;#88PL8L2JC;#2JGJ28G9RJ;#GYP0Y8CLR;#282L9Y89L,RLM|Xander_z;Ale🐝;NOVA |David;chilepatuculo;MTM|Helton;pancakeyboi,LOU,1,100.0%,bounty,Hideout,23/06/2026 02:50:17,#88PL8L2JC,NOVA |David,ENONA,ENOSIS NA,friendly
None_Hideout_#29L8VP9Y8_#PLLGGR0J8_#88PL8L2JC_#2JGJ28G9RJ_#GYP0Y8CLR_#282L9Y89L_MINA_BELLE_LOU_BYRON_NANI_DARRYL,NA,#29L8VP9Y8;#PLLGGR0J8;#88PL8L2JC;#2JGJ28G9RJ;#GYP0Y8CLR;#282L9Y89L,RLM|Xander_z;Ale🐝;NOVA |David;chilepatuculo;MTM|Helton;pancakeyboi,BYRON,0,0.0%,bounty,Hideout,23/06/2026 02:50:17,#2JGJ28G9RJ,chilepatuculo,OPONENTE_T1,DESCONHECIDO T1,friendly
None_Hideout_#29L8VP9Y8_#PLLGGR0J8_#88PL8L2JC_#2JGJ28G9RJ_#GYP0Y8CLR_#282L9Y89L_MINA_BELLE_LOU_BYRON_NANI_DARRYL,NA,#29L8VP9Y8;#PLLGGR0J8;#88PL8L2JC;#2JGJ28G9RJ;#GYP0Y8CLR;#282L9Y89L,RLM|Xander_z;Ale🐝;NOVA |David;chilepatuculo;MTM|Helton;pancakeyboi,NANI,0,0.0%,bounty,Hideout,23/06/2026 02:50:17,#GYP0Y8CLR,MTM|Helton,OPONENTE_T1,DESCONHECIDO T1,friendly
None_Hideout_#29L8VP9Y8_#PLLGGR0J8_#88PL8L2JC_#2JGJ28G9RJ_#GYP0Y8CLR_#282L9Y89L_MINA_BELLE_LOU_BYRON_NANI_DARRYL,NA,#29L8VP9Y8;#PLLGGR0J8;#88PL8L2JC;#2JGJ28G9RJ;#GYP0Y8CLR;#282L9Y89L,RLM|Xander_z;Ale🐝;NOVA |David;chilepatuculo;MTM|Helton;pancakeyboi,DARRYL,0,0.0%,bounty,Hideout,23/06/2026 02:50:17,#282L9Y89L,pancakeyboi,OPONENTE_T1,DESCONHECIDO T1,friendly
None_Hideout_#PLLGGR0J8_#29L8VP9Y8_#88PL8L2JC_#2JGJ28G9RJ_#GYP0Y8CLR_#282L9Y89L_BROCK_MINA_PIERCE_BELLE_KAZE_COLETTE,NA,#PLLGGR0J8;#29L8VP9Y8;#88PL8L2JC;#2JGJ28G9RJ;#GYP0Y8CLR;#282L9Y89L,Ale🐝;RLM|Xander_z;NOVA |David;chilepatuculo;MTM|Helton;pancakeyboi,BROCK,0,0.0%,bounty,Hideout,23/06/2026 02:50:17,#PLLGGR0J8,Ale🐝,ENONA,ENOSIS NA,friendly
None_Hideout_#PLLGGR0J8_#29L8VP9Y8_#88PL8L2JC_#2JGJ28G9RJ_#GYP0Y8CLR_#282L9Y89L_BROCK_MINA_PIERCE_BELLE_KAZE_COLETTE,NA,#PLLGGR0J8;#29L8VP9Y8;#88PL8L2JC;#2JGJ28G9RJ;#GYP0Y8CLR;#282L9Y89L,Ale🐝;RLM|Xander_z;NOVA |David;chilepatuculo;MTM|Helton;pancakeyboi,MINA,0,0.0%,bounty,Hideout,23/06/2026 02:50:17,#29L8VP9Y8,RLM|Xander_z,ENONA,ENOSIS NA,friendly
None_Hideout_#PLLGGR0J8_#29L8VP9Y8_#88PL8L2JC_#2JGJ28G9RJ_#GYP0Y8CLR_#282L9Y89L_BROCK_MINA_PIERCE_BELLE_KAZE_COLETTE,NA,#PLLGGR0J8;#29L8VP9Y8;#88PL8L2JC;#2JGJ28G9RJ;#GYP0Y8CLR;#282L9Y89L,Ale🐝;RLM|Xander_z;NOVA |David;chilepatuculo;MTM|Helton;pancakeyboi,PIERCE,0,0.0%,bounty,Hideout,23/06/2026 02:50:17,#88PL8L2JC,NOVA |David,ENONA,ENOSIS NA,friendly
None_Hideout_#PLLGGR0J8_#29L8VP9Y8_#88PL8L2JC_#2JGJ28G9RJ_#GYP0Y8CLR_#282L9Y89L_BROCK_MINA_PIERCE_BELLE_KAZE_COLETTE,NA,#PLLGGR0J8;#29L8VP9Y8;#88PL8L2JC;#2JGJ28G9RJ;#GYP0Y8CLR;#282L9Y89L,Ale🐝;RLM|Xander_z;NOVA |David;chilepatuculo;MTM|Helton;pancakeyboi,BELLE,1,100.0%,bounty,Hideout,23/06/2026 02:50:17,#2JGJ28G9RJ,chilepatuculo,OPONENTE_T1,DESCONHECIDO T1,friendly
None_Hideout_#PLLGGR0J8_#29L8VP9Y8_#88PL8L2JC_#2JGJ28G9RJ_#GYP0Y8CLR_#282L9Y89L_BROCK_MINA_PIERCE_BELLE_KAZE_COLETTE,NA,#PLLGGR0J8;#29L8VP9Y8;#88PL8L2JC;#2JGJ28G9RJ;#GYP0Y8CLR;#282L9Y89L,Ale🐝;RLM|Xander_z;NOVA |David;chilepatuculo;MTM|Helton;pancakeyboi,KAZE,1,100.0%,bounty,Hideout,23/06/2026 02:50:17,#GYP0Y8CLR,MTM|Helton,OPONENTE_T1,DESCONHECIDO T1,friendly
None_Hideout_#PLLGGR0J8_#29L8VP9Y8_#88PL8L2JC_#2JGJ28G9RJ_#GYP0Y8CLR_#282L9Y89L_BROCK_MINA_PIERCE_BELLE_KAZE_COLETTE,NA,#PLLGGR0J8;#29L8VP9Y8;#88PL8L2JC;#2JGJ28G9RJ;#GYP0Y8CLR;#282L9Y89L,Ale🐝;RLM|Xander_z;NOVA |David;chilepatuculo;MTM|Helton;pancakeyboi,COLETTE,1,100.0%,bounty,Hideout,23/06/2026 02:50:17,#282L9Y89L,pancakeyboi,OPONENTE_T1,DESCONHECIDO T1,friendly
None_Hard Rock Mine_#PLLGGR0J8_#29L8VP9Y8_#88PL8L2JC_#2JGJ28G9RJ_#282L9Y89L_#GYP0Y8CLR_CHESTER_KENJI_MORTIS_MINA_STU_ALLI,NA,#PLLGGR0J8;#29L8VP9Y8;#88PL8L2JC;#2JGJ28G9RJ;#282L9Y89L;#GYP0Y8CLR,Ale🐝;RLM|Xander_z;NOVA |David;chilepatuculo;pancakeyboi;MTM|Helton,CHESTER,1,100.0%,gemGrab,Hard Rock Mine,23/06/2026 02:50:17,#PLLGGR0J8,Ale🐝,ENONA,ENOSIS NA,friendly
None_Hard Rock Mine_#PLLGGR0J8_#29L8VP9Y8_#88PL8L2JC_#2JGJ28G9RJ_#282L9Y89L_#GYP0Y8CLR_CHESTER_KENJI_MORTIS_MINA_STU_ALLI,NA,#PLLGGR0J8;#29L8VP9Y8;#88PL8L2JC;#2JGJ28G9RJ;#282L9Y89L;#GYP0Y8CLR,Ale🐝;RLM|Xander_z;NOVA |David;chilepatuculo;pancakeyboi;MTM|Helton,KENJI,1,100.0%,gemGrab,Hard Rock Mine,23/06/2026 02:50:17,#29L8VP9Y8,RLM|Xander_z,ENONA,ENOSIS NA,friendly
None_Hard Rock Mine_#PLLGGR0J8_#29L8VP9Y8_#88PL8L2JC_#2JGJ28G9RJ_#282L9Y89L_#GYP0Y8CLR_CHESTER_KENJI_MORTIS_MINA_STU_ALLI,NA,#PLLGGR0J8;#29L8VP9Y8;#88PL8L2JC;#2JGJ28G9RJ;#282L9Y89L;#GYP0Y8CLR,Ale🐝;RLM|Xander_z;NOVA |David;chilepatuculo;pancakeyboi;MTM|Helton,MORTIS,1,100.0%,gemGrab,Hard Rock Mine,23/06/2026 02:50:17,#88PL8L2JC,NOVA |David,ENONA,ENOSIS NA,friendly
None_Hard Rock Mine_#PLLGGR0J8_#29L8VP9Y8_#88PL8L2JC_#2JGJ28G9RJ_#282L9Y89L_#GYP0Y8CLR_CHESTER_KENJI_MORTIS_MINA_STU_ALLI,NA,#PLLGGR0J8;#29L8VP9Y8;#88PL8L2JC;#2JGJ28G9RJ;#282L9Y89L;#GYP0Y8CLR,Ale🐝;RLM|Xander_z;NOVA |David;chilepatuculo;pancakeyboi;MTM|Helton,MINA,0,0.0%,gemGrab,Hard Rock Mine,23/06/2026 02:50:17,#2JGJ28G9RJ,chilepatuculo,OPONENTE_T1,DESCONHECIDO T1,friendly
None_Hard Rock Mine_#PLLGGR0J8_#29L8VP9Y8_#88PL8L2JC_#2JGJ28G9RJ_#282L9Y89L_#GYP0Y8CLR_CHESTER_KENJI_MORTIS_MINA_STU_ALLI,NA,#PLLGGR0J8;#29L8VP9Y8;#88PL8L2JC;#2JGJ28G9RJ;#282L9Y89L;#GYP0Y8CLR,Ale🐝;RLM|Xander_z;NOVA |David;chilepatuculo;pancakeyboi;MTM|Helton,STU,0,0.0%,gemGrab,Hard Rock Mine,23/06/2026 02:50:17,#282L9Y89L,pancakeyboi,OPONENTE_T1,DESCONHECIDO T1,friendly
None_Hard Rock Mine_#PLLGGR0J8_#29L8VP9Y8_#88PL8L2JC_#2JGJ28G9RJ_#282L9Y89L_#GYP0Y8CLR_CHESTER_KENJI_MORTIS_MINA_STU_ALLI,NA,#PLLGGR0J8;#29L8VP9Y8;#88PL8L2JC;#2JGJ28G9RJ;#282L9Y89L;#GYP0Y8CLR,Ale🐝;RLM|Xander_z;NOVA |David;chilepatuculo;pancakeyboi;MTM|Helton,ALLI,0,0.0%,gemGrab,Hard Rock Mine,23/06/2026 02:50:17,#GYP0Y8CLR,MTM|Helton,OPONENTE_T1,DESCONHECIDO T1,friendly
None_Hard Rock Mine_#PLLGGR0J8_#29L8VP9Y8_#88PL8L2JC_#2JGJ28G9RJ_#GYP0Y8CLR_#282L9Y89L_KENJI_MINA_LUMI_PIERCE_MORTIS_DARRYL,NA,#PLLGGR0J8;#29L8VP9Y8;#88PL8L2JC;#2JGJ28G9RJ;#GYP0Y8CLR;#282L9Y89L,Ale🐝;RLM|Xander_z;NOVA |David;chilepatuculo;MTM|Helton;pancakeyboi,KENJI,1,100.0%,gemGrab,Hard Rock Mine,23/06/2026 02:50:17,#PLLGGR0J8,Ale🐝,ENONA,ENOSIS NA,friendly
None_Hard Rock Mine_#PLLGGR0J8_#29L8VP9Y8_#88PL8L2JC_#2JGJ28G9RJ_#GYP0Y8CLR_#282L9Y89L_KENJI_MINA_LUMI_PIERCE_MORTIS_DARRYL,NA,#PLLGGR0J8;#29L8VP9Y8;#88PL8L2JC;#2JGJ28G9RJ;#GYP0Y8CLR;#282L9Y89L,Ale🐝;RLM|Xander_z;NOVA |David;chilepatuculo;MTM|Helton;pancakeyboi,MINA,1,100.0%,gemGrab,Hard Rock Mine,23/06/2026 02:50:17,#29L8VP9Y8,RLM|Xander_z,ENONA,ENOSIS NA,friendly
None_Hard Rock Mine_#PLLGGR0J8_#29L8VP9Y8_#88PL8L2JC_#2JGJ28G9RJ_#GYP0Y8CLR_#282L9Y89L_KENJI_MINA_LUMI_PIERCE_MORTIS_DARRYL,NA,#PLLGGR0J8;#29L8VP9Y8;#88PL8L2JC;#2JGJ28G9RJ;#GYP0Y8CLR;#282L9Y89L,Ale🐝;RLM|Xander_z;NOVA |David;chilepatuculo;MTM|Helton;pancakeyboi,LUMI,1,100.0%,gemGrab,Hard Rock Mine,23/06/2026 02:50:17,#88PL8L2JC,NOVA |David,ENONA,ENOSIS NA,friendly
None_Hard Rock Mine_#PLLGGR0J8_#29L8VP9Y8_#88PL8L2JC_#2JGJ28G9RJ_#GYP0Y8CLR_#282L9Y89L_KENJI_MINA_LUMI_PIERCE_MORTIS_DARRYL,NA,#PLLGGR0J8;#29L8VP9Y8;#88PL8L2JC;#2JGJ28G9RJ;#GYP0Y8CLR;#282L9Y89L,Ale🐝;RLM|Xander_z;NOVA |David;chilepatuculo;MTM|Helton;pancakeyboi,PIERCE,0,0.0%,gemGrab,Hard Rock Mine,23/06/2026 02:50:17,#2JGJ28G9RJ,chilepatuculo,OPONENTE_T1,DESCONHECIDO T1,friendly
None_Hard Rock Mine_#PLLGGR0J8_#29L8VP9Y8_#88PL8L2JC_#2JGJ28G9RJ_#GYP0Y8CLR_#282L9Y89L_KENJI_MINA_LUMI_PIERCE_MORTIS_DARRYL,NA,#PLLGGR0J8;#29L8VP9Y8;#88PL8L2JC;#2JGJ28G9RJ;#GYP0Y8CLR;#282L9Y89L,Ale🐝;RLM|Xander_z;NOVA |David;chilepatuculo;MTM|Helton;pancakeyboi,MORTIS,0,0.0%,gemGrab,Hard Rock Mine,23/06/2026 02:50:17,#GYP0Y8CLR,MTM|Helton,OPONENTE_T1,DESCONHECIDO T1,friendly
None_Hard Rock Mine_#PLLGGR0J8_#29L8VP9Y8_#88PL8L2JC_#2JGJ28G9RJ_#GYP0Y8CLR_#282L9Y89L_KENJI_MINA_LUMI_PIERCE_MORTIS_DARRYL,NA,#PLLGGR0J8;#29L8VP9Y8;#88PL8L2JC;#2JGJ28G9RJ;#GYP0Y8CLR;#282L9Y89L,Ale🐝;RLM|Xander_z;NOVA |David;chilepatuculo;MTM|Helton;pancakeyboi,DARRYL,0,0.0%,gemGrab,Hard Rock Mine,23/06/2026 02:50:17,#282L9Y89L,pancakeyboi,OPONENTE_T1,DESCONHECIDO T1,friendly
None_Shooting Star_#20P2GP99_#88PL8L2JC_#8Q2QUV00J_#LJ2GUU980_#PLRR0GG0R_#99PPVQJRL_MINA_BELLE_CHARLIE_DAMIAN_BYRON_LEON,NA,#20P2GP99;#88PL8L2JC;#8Q2QUV00J;#LJ2GUU980;#PLRR0GG0R;#99PPVQJRL,HML|Ducky🐝;NOVA |David;Goatzuen🥷🏽;plugcat;Squeb :(;eeps,MINA,0,0.0%,bounty,Shooting Star,23/06/2026 02:50:17,#20P2GP99,HML|Ducky🐝,ENONA,ENOSIS NA,tournament
None_Shooting Star_#20P2GP99_#88PL8L2JC_#8Q2QUV00J_#LJ2GUU980_#PLRR0GG0R_#99PPVQJRL_MINA_BELLE_CHARLIE_DAMIAN_BYRON_LEON,NA,#20P2GP99;#88PL8L2JC;#8Q2QUV00J;#LJ2GUU980;#PLRR0GG0R;#99PPVQJRL,HML|Ducky🐝;NOVA |David;Goatzuen🥷🏽;plugcat;Squeb :(;eeps,BELLE,0,0.0%,bounty,Shooting Star,23/06/2026 02:50:17,#88PL8L2JC,NOVA |David,ENONA,ENOSIS NA,tournament
None_Shooting Star_#20P2GP99_#88PL8L2JC_#8Q2QUV00J_#LJ2GUU980_#PLRR0GG0R_#99PPVQJRL_MINA_BELLE_CHARLIE_DAMIAN_BYRON_LEON,NA,#20P2GP99;#88PL8L2JC;#8Q2QUV00J;#LJ2GUU980;#PLRR0GG0R;#99PPVQJRL,HML|Ducky🐝;NOVA |David;Goatzuen🥷🏽;plugcat;Squeb :(;eeps,CHARLIE,0,0.0%,bounty,Shooting Star,23/06/2026 02:50:17,#8Q2QUV00J,Goatzuen🥷🏽,ENONA,ENOSIS NA,tournament
None_Shooting Star_#20P2GP99_#88PL8L2JC_#8Q2QUV00J_#LJ2GUU980_#PLRR0GG0R_#99PPVQJRL_MINA_BELLE_CHARLIE_DAMIAN_BYRON_LEON,NA,#20P2GP99;#88PL8L2JC;#8Q2QUV00J;#LJ2GUU980;#PLRR0GG0R;#99PPVQJRL,HML|Ducky🐝;NOVA |David;Goatzuen🥷🏽;plugcat;Squeb :(;eeps,DAMIAN,1,100.0%,bounty,Shooting Star,23/06/2026 02:50:17,#LJ2GUU980,plugcat,OPONENTE_T1,DESCONHECIDO T1,tournament
None_Shooting Star_#20P2GP99_#88PL8L2JC_#8Q2QUV00J_#LJ2GUU980_#PLRR0GG0R_#99PPVQJRL_MINA_BELLE_CHARLIE_DAMIAN_BYRON_LEON,NA,#20P2GP99;#88PL8L2JC;#8Q2QUV00J;#LJ2GUU980;#PLRR0GG0R;#99PPVQJRL,HML|Ducky🐝;NOVA |David;Goatzuen🥷🏽;plugcat;Squeb :(;eeps,BYRON,1,100.0%,bounty,Shooting Star,23/06/2026 02:50:17,#PLRR0GG0R,Squeb :(,OPONENTE_T1,DESCONHECIDO T1,tournament
None_Shooting Star_#20P2GP99_#88PL8L2JC_#8Q2QUV00J_#LJ2GUU980_#PLRR0GG0R_#99PPVQJRL_MINA_BELLE_CHARLIE_DAMIAN_BYRON_LEON,NA,#20P2GP99;#88PL8L2JC;#8Q2QUV00J;#LJ2GUU980;#PLRR0GG0R;#99PPVQJRL,HML|Ducky🐝;NOVA |David;Goatzuen🥷🏽;plugcat;Squeb :(;eeps,LEON,1,100.0%,bounty,Shooting Star,23/06/2026 02:50:17,#99PPVQJRL,eeps,OPONENTE_T1,DESCONHECIDO T1,tournament
None_Open Business_#20P2GP99_#88PL8L2JC_#8Q2QUV00J_#LJ2GUU980_#PLRR0GG0R_#99PPVQJRL_KENJI_POCO_STU_EDGAR_NITA_FINX,NA,#20P2GP99;#88PL8L2JC;#8Q2QUV00J;#LJ2GUU980;#PLRR0GG0R;#99PPVQJRL,HML|Ducky🐝;NOVA |David;Goatzuen🥷🏽;plugcat;Squeb :(;eeps,KENJI,0,0.0%,hotZone,Open Business,23/06/2026 02:50:17,#20P2GP99,HML|Ducky🐝,ENONA,ENOSIS NA,tournament
None_Open Business_#20P2GP99_#88PL8L2JC_#8Q2QUV00J_#LJ2GUU980_#PLRR0GG0R_#99PPVQJRL_KENJI_POCO_STU_EDGAR_NITA_FINX,NA,#20P2GP99;#88PL8L2JC;#8Q2QUV00J;#LJ2GUU980;#PLRR0GG0R;#99PPVQJRL,HML|Ducky🐝;NOVA |David;Goatzuen🥷🏽;plugcat;Squeb :(;eeps,POCO,0,0.0%,hotZone,Open Business,23/06/2026 02:50:17,#88PL8L2JC,NOVA |David,ENONA,ENOSIS NA,tournament
None_Open Business_#20P2GP99_#88PL8L2JC_#8Q2QUV00J_#LJ2GUU980_#PLRR0GG0R_#99PPVQJRL_KENJI_POCO_STU_EDGAR_NITA_FINX,NA,#20P2GP99;#88PL8L2JC;#8Q2QUV00J;#LJ2GUU980;#PLRR0GG0R;#99PPVQJRL,HML|Ducky🐝;NOVA |David;Goatzuen🥷🏽;plugcat;Squeb :(;eeps,STU,0,0.0%,hotZone,Open Business,23/06/2026 02:50:17,#8Q2QUV00J,Goatzuen🥷🏽,ENONA,ENOSIS NA,tournament
None_Open Business_#20P2GP99_#88PL8L2JC_#8Q2QUV00J_#LJ2GUU980_#PLRR0GG0R_#99PPVQJRL_KENJI_POCO_STU_EDGAR_NITA_FINX,NA,#20P2GP99;#88PL8L2JC;#8Q2QUV00J;#LJ2GUU980;#PLRR0GG0R;#99PPVQJRL,HML|Ducky🐝;NOVA |David;Goatzuen🥷🏽;plugcat;Squeb :(;eeps,EDGAR,1,100.0%,hotZone,Open Business,23/06/2026 02:50:17,#LJ2GUU980,plugcat,OPONENTE_T1,DESCONHECIDO T1,tournament
None_Open Business_#20P2GP99_#88PL8L2JC_#8Q2QUV00J_#LJ2GUU980_#PLRR0GG0R_#99PPVQJRL_KENJI_POCO_STU_EDGAR_NITA_FINX,NA,#20P2GP99;#88PL8L2JC;#8Q2QUV00J;#LJ2GUU980;#PLRR0GG0R;#99PPVQJRL,HML|Ducky🐝;NOVA |David;Goatzuen🥷🏽;plugcat;Squeb :(;eeps,NITA,1,100.0%,hotZone,Open Business,23/06/2026 02:50:17,#PLRR0GG0R,Squeb :(,OPONENTE_T1,DESCONHECIDO T1,tournament
None_Open Business_#20P2GP99_#88PL8L2JC_#8Q2QUV00J_#LJ2GUU980_#PLRR0GG0R_#99PPVQJRL_KENJI_POCO_STU_EDGAR_NITA_FINX,NA,#20P2GP99;#88PL8L2JC;#8Q2QUV00J;#LJ2GUU980;#PLRR0GG0R;#99PPVQJRL,HML|Ducky🐝;NOVA |David;Goatzuen🥷🏽;plugcat;Squeb :(;eeps,FINX,1,100.0%,hotZone,Open Business,23/06/2026 02:50:17,#99PPVQJRL,eeps,OPONENTE_T1,DESCONHECIDO T1,tournament
None_None_#9PQQ8GQQ_#Q9UG290YC_ANGELO_BYRON,EMEA,#9PQQ8GQQ;#Q9UG290YC,NOVO | Filippo;Jin,ANGELO,1,100.0%,bounty,,23/06/2026 02:50:17,#9PQQ8GQQ,NOVO | Filippo,NOVO,NOVO ESPORTS,friendly
None_None_#9PQQ8GQQ_#Q9UG290YC_ANGELO_BYRON,EMEA,#9PQQ8GQQ;#Q9UG290YC,NOVO | Filippo;Jin,BYRON,1,100.0%,bounty,,23/06/2026 02:50:17,#Q9UG290YC,Jin,NOVO,NOVO ESPORTS,friendly
None_Out in the Open_#8RVLRVYYP_#2YYJYPCL_MAX_CROW,EMEA,#8RVLRVYYP;#2YYJYPCL,TLB|Yei Yei;Tomzy👽,MAX,0,0.0%,knockout,Out in the Open,23/06/2026 02:50:17,#8RVLRVYYP,TLB|Yei Yei,TLB,TALENTS LAB,friendly
None_Out in the Open_#8RVLRVYYP_#2YYJYPCL_MAX_CROW,EMEA,#8RVLRVYYP;#2YYJYPCL,TLB|Yei Yei;Tomzy👽,CROW,0,0.0%,knockout,Out in the Open,23/06/2026 02:50:17,#2YYJYPCL,Tomzy👽,TLB,TALENTS LAB,friendly
None_None_#UR2UL8YR_#9ULYPV8_OLLIE_MANDY,EA,#UR2UL8YR;#9ULYPV8,CR|Moya;CR|Tensai,OLLIE,1,100.0%,knockout,,23/06/2026 02:50:17,#UR2UL8YR,CR|Moya,OPONENTE_T0,DESCONHECIDO T0,friendly
None_None_#UR2UL8YR_#9ULYPV8_OLLIE_MANDY,EA,#UR2UL8YR;#9ULYPV8,CR|Moya;CR|Tensai,MANDY,1,100.0%,knockout,,23/06/2026 02:50:17,#9ULYPV8,CR|Tensai,OPONENTE_T0,DESCONHECIDO T0,friendly
None_None_#2RQQ9PGC_#82CJYJPG2_#8Y2Y0GYYG_BELLE_BELLE_BELLE,EA,#2RQQ9PGC;#82CJYJPG2;#8Y2Y0GYYG,Sh!gemyon;RVL|Yutapin;FL|I see,BELLE,0,0.0%,knockout,,23/06/2026 02:50:17,#2RQQ9PGC,Sh!gemyon,IGM,IGNUM,friendly
None_None_#2RQQ9PGC_#82CJYJPG2_#8Y2Y0GYYG_BELLE_BELLE_BELLE,EA,#2RQQ9PGC;#82CJYJPG2;#8Y2Y0GYYG,Sh!gemyon;RVL|Yutapin;FL|I see,BELLE,0,0.0%,knockout,,23/06/2026 02:50:17,#82CJYJPG2,RVL|Yutapin,IGM,IGNUM,friendly
None_None_#2RQQ9PGC_#82CJYJPG2_#8Y2Y0GYYG_BELLE_BELLE_BELLE,EA,#2RQQ9PGC;#82CJYJPG2;#8Y2Y0GYYG,Sh!gemyon;RVL|Yutapin;FL|I see,BELLE,0,0.0%,knockout,,23/06/2026 02:50:17,#8Y2Y0GYYG,FL|I see,IGM,IGNUM,friendly
None_None_#2RQQ9PGC_#82CJYJPG2_#8Y2Y0GYYG_BELLE_BELLE_BELLE,EA,#2RQQ9PGC;#82CJYJPG2;#8Y2Y0GYYG,Sh!gemyon;RVL|Yutapin;FL|I see,BELLE,0,0.0%,knockout,,23/06/2026 02:50:17,#2RQQ9PGC,Sh!gemyon,IGM,IGNUM,friendly
None_None_#2RQQ9PGC_#82CJYJPG2_#8Y2Y0GYYG_BELLE_BELLE_BELLE,EA,#2RQQ9PGC;#82CJYJPG2;#8Y2Y0GYYG,Sh!gemyon;RVL|Yutapin;FL|I see,BELLE,0,0.0%,knockout,,23/06/2026 02:50:17,#82CJYJPG2,RVL|Yutapin,IGM,IGNUM,friendly
None_None_#2RQQ9PGC_#82CJYJPG2_#8Y2Y0GYYG_BELLE_BELLE_BELLE,EA,#2RQQ9PGC;#82CJYJPG2;#8Y2Y0GYYG,Sh!gemyon;RVL|Yutapin;FL|I see,BELLE,0,0.0%,knockout,,23/06/2026 02:50:17,#8Y2Y0GYYG,FL|I see,IGM,IGNUM,friendly
None_None_#8R0JY2UJ2_#PR8R8RPRJ_ANGELO_ANGELO,EA,#8R0JY2UJ2;#PR8R8RPRJ,FZ|Rennosuke;@1chmylirea,ANGELO,0,0.0%,knockout,,23/06/2026 02:50:17,#8R0JY2UJ2,FZ|Rennosuke,F0,FAZE ZERO,friendly
None_None_#8R0JY2UJ2_#PR8R8RPRJ_ANGELO_ANGELO,EA,#8R0JY2UJ2;#PR8R8RPRJ,FZ|Rennosuke;@1chmylirea,ANGELO,0,0.0%,knockout,,23/06/2026 02:50:17,#PR8R8RPRJ,@1chmylirea,F0,FAZE ZERO,friendly
